case_id,beach,region,shore_normal,date,is_case,obs_hour,month,year,blk_spd,blk_dir
0-0,Palm Beach,north,100,2012-11-23,1,5.0,11,2012,"[18.4, 17.0, 15.0, 14.3, 12.8, 11.5, 10.0, 9.2, 8.5, 8.0, 7.6, 7.6, 7.9, 10.4, 9.3, 10.2, 12.0, 13.1, 13.2, 13.5, 13.8, 13.7, 13.3, 13.3, 13.4, 13.6, 11.0, 9.2, 8.7, 7.3]","[141.0, 144.0, 150.0, 152.0, 148.0, 148.0, 154.0, 159.0, 168.0, 175.0, 180.0, 183.0, 177.0, 160.0, 144.0, 138.0, 134.0, 127.0, 116.0, 106.0, 97.0, 93.0, 92.0, 88.0, 84.0, 79.0, 67.0, 69.0, 73.0, 70.0]"
0-0,Palm Beach,north,100,2020-05-09,0,5.0,5,2020,"[15.9, 17.5, 16.4, 15.7, 15.0, 15.0, 14.8, 14.9, 15.1, 15.5, 16.0, 17.0, 18.3, 19.8, 17.0, 17.4, 17.2, 18.1, 19.5, 21.5, 21.2, 22.3, 21.6, 15.2, 13.5, 14.2, 12.3, 13.0, 14.0, 12.5]","[5.0, 351.0, 341.0, 340.0, 343.0, 343.0, 342.0, 340.0, 342.0, 342.0, 346.0, 343.0, 338.0, 333.0, 324.0, 322.0, 327.0, 337.0, 348.0, 346.0, 350.0, 351.0, 323.0, 324.0, 335.0, 324.0, 302.0, 309.0, 305.0, 288.0]"
0-0,Palm Beach,north,100,2008-07-01,0,5.0,7,2008,"[19.0, 20.0, 20.1, 20.2, 20.4, 19.6, 15.7, 10.5, 8.7, 10.9, 14.2, 17.1, 18.7, 19.7, 21.2, 22.4, 21.7, 23.7, 26.5, 28.1, 27.9, 24.7, 18.4, 13.3, 10.6, 11.8, 14.0, 16.3, 17.6, 16.8]","[345.0, 342.0, 333.0, 305.0, 296.0, 296.0, 286.0, 292.0, 315.0, 333.0, 339.0, 335.0, 330.0, 325.0, 325.0, 314.0, 312.0, 313.0, 313.0, 303.0, 300.0, 291.0, 273.0, 267.0, 280.0, 297.0, 316.0, 317.0, 313.0, 312.0]"
0-0,Palm Beach,north,100,2006-07-24,0,5.0,7,2006,"[1.0, 3.3, 8.5, 10.5, 10.2, 9.8, 9.0, 7.4, 5.7, 3.6, 1.6, 0.8, 1.5, 2.0, 4.3, 2.7, 5.8, 7.7, 9.5, 11.7, 9.1, 8.9, 11.3, 13.4, 13.9, 14.5, 13.2, 13.3, 10.2, 7.1]","[225.0, 139.0, 62.0, 52.0, 39.0, 24.0, 23.0, 23.0, 18.0, 53.0, 63.0, 297.0, 284.0, 225.0, 222.0, 203.0, 158.0, 131.0, 115.0, 108.0, 108.0, 137.0, 158.0, 160.0, 155.0, 136.0, 158.0, 161.0, 157.0, 165.0]"
0-1,Palm Beach,north,100,2017-12-23,1,15.0,12,2017,"[13.1, 11.2, 8.1, 5.8, 5.3, 4.7, 4.3, 4.1, 4.8, 5.1, 5.1, 5.8, 7.2, 9.8, 6.2, 5.2, 4.4, 6.6, 7.6, 11.2, 16.8, 20.2, 20.6, 21.0, 20.4, 20.6, 17.4, 14.1, 11.1, 9.8]","[74.0, 69.0, 69.0, 60.0, 62.0, 67.0, 66.0, 45.0, 13.0, 356.0, 356.0, 353.0, 354.0, 354.0, 339.0, 344.0, 35.0, 68.0, 82.0, 88.0, 81.0, 71.0, 63.0, 55.0, 49.0, 43.0, 38.0, 38.0, 29.0, 17.0]"
0-1,Palm Beach,north,100,2022-08-23,0,15.0,8,2022,"[15.3, 13.8, 11.8, 8.4, 7.8, 10.4, 12.4, 14.4, 16.1, 17.8, 19.0, 19.4, 19.5, 19.3, 15.7, 17.0, 18.4, 17.6, 15.3, 14.4, 8.9, 29.3, 34.1, 31.0, 32.1, 33.1, 26.7, 28.9, 28.3, 28.9]","[311.0, 306.0, 295.0, 312.0, 334.0, 345.0, 350.0, 352.0, 354.0, 353.0, 353.0, 352.0, 350.0, 351.0, 2.0, 7.0, 2.0, 2.0, 352.0, 328.0, 279.0, 201.0, 200.0, 205.0, 209.0, 213.0, 239.0, 236.0, 231.0, 223.0]"
0-1,Palm Beach,north,100,2012-03-03,0,15.0,3,2012,"[19.9, 18.9, 15.3, 15.1, 14.8, 15.4, 15.6, 14.5, 15.3, 15.4, 15.5, 15.1, 14.8, 15.0, 14.3, 15.7, 17.8, 19.5, 19.5, 18.8, 18.8, 18.7, 18.7, 19.5, 20.3, 21.4, 21.5, 23.0, 23.0, 22.4]","[138.0, 138.0, 129.0, 128.0, 129.0, 127.0, 119.0, 113.0, 109.0, 101.0, 94.0, 91.0, 86.0, 80.0, 80.0, 79.0, 76.0, 71.0, 65.0, 61.0, 64.0, 65.0, 65.0, 65.0, 63.0, 61.0, 59.0, 55.0, 50.0, 46.0]"
0-1,Palm Beach,north,100,2011-06-30,0,15.0,6,2011,"[14.9, 14.8, 14.2, 13.8, 13.6, 13.9, 13.6, 13.2, 12.6, 10.4, 9.2, 8.9, 7.9, 8.6, 7.2, 8.7, 9.7, 10.7, 12.7, 13.0, 13.5, 13.0, 12.3, 11.5, 12.5, 12.8, 10.5, 9.5, 9.4, 9.4]","[110.0, 104.0, 99.0, 99.0, 101.0, 100.0, 102.0, 101.0, 103.0, 110.0, 121.0, 133.0, 141.0, 147.0, 153.0, 142.0, 138.0, 138.0, 135.0, 136.0, 138.0, 138.0, 140.0, 136.0, 134.0, 130.0, 139.0, 151.0, 162.0, 173.0]"
0-2,Palm Beach,north,100,2018-02-13,1,5.0,2,2018,"[18.0, 14.8, 9.9, 8.6, 8.9, 7.7, 6.2, 5.8, 4.8, 4.0, 5.6, 6.5, 7.2, 7.3, 10.1, 12.7, 13.0, 13.8, 15.1, 15.7, 16.2, 16.3, 17.7, 19.5, 20.1, 17.7, 12.3, 10.5, 10.1, 10.2]","[89.0, 91.0, 71.0, 75.0, 76.0, 79.0, 69.0, 68.0, 63.0, 95.0, 105.0, 109.0, 117.0, 123.0, 153.0, 137.0, 132.0, 123.0, 115.0, 110.0, 103.0, 95.0, 88.0, 85.0, 80.0, 77.0, 75.0, 68.0, 63.0, 58.0]"
0-2,Palm Beach,north,100,2011-01-03,0,5.0,1,2011,"[21.8, 22.4, 17.6, 19.5, 20.4, 20.0, 19.7, 18.8, 17.7, 17.3, 17.6, 17.6, 18.4, 19.6, 16.6, 15.7, 17.0, 18.9, 18.9, 17.6, 16.3, 16.5, 18.1, 20.3, 21.5, 21.3, 17.9, 17.5, 18.8, 20.2]","[172.0, 175.0, 179.0, 184.0, 189.0, 188.0, 188.0, 184.0, 182.0, 181.0, 181.0, 180.0, 177.0, 174.0, 167.0, 164.0, 163.0, 166.0, 167.0, 165.0, 166.0, 160.0, 159.0, 157.0, 157.0, 161.0, 171.0, 172.0, 175.0, 178.0]"
0-2,Palm Beach,north,100,2009-02-17,0,5.0,2,2009,"[24.7, 22.9, 20.1, 20.4, 19.9, 19.4, 19.9, 20.0, 20.5, 20.3, 20.8, 21.1, 21.1, 21.1, 19.8, 18.8, 17.9, 18.7, 20.8, 23.0, 24.7, 25.2, 25.4, 24.4, 24.3, 25.5, 21.8, 23.9, 26.2, 25.3]","[134.0, 134.0, 137.0, 138.0, 138.0, 137.0, 135.0, 129.0, 124.0, 123.0, 120.0, 117.0, 117.0, 120.0, 117.0, 110.0, 115.0, 120.0, 124.0, 131.0, 134.0, 137.0, 141.0, 143.0, 142.0, 138.0, 149.0, 157.0, 159.0, 165.0]"
0-2,Palm Beach,north,100,2022-07-13,0,5.0,7,2022,"[4.3, 5.3, 4.5, 4.6, 5.3, 7.4, 8.5, 9.1, 10.3, 12.4, 13.5, 13.5, 15.0, 16.4, 18.2, 17.1, 17.5, 18.5, 22.2, 22.5, 21.9, 22.3, 20.5, 19.9, 20.8, 21.9, 21.1, 20.3, 22.4, 23.5]","[90.0, 57.0, 344.0, 329.0, 305.0, 288.0, 274.0, 262.0, 254.0, 246.0, 245.0, 245.0, 246.0, 246.0, 252.0, 238.0, 231.0, 224.0, 206.0, 207.0, 210.0, 209.0, 205.0, 200.0, 198.0, 199.0, 198.0, 212.0, 222.0, 219.0]"
0-3,Palm Beach,north,100,2019-01-14,1,17.0,1,2019,"[15.5, 14.0, 11.9, 11.6, 11.2, 10.6, 10.0, 6.9, 5.4, 5.6, 5.1, 3.6, 3.1, 5.0, 2.8, 3.3, 7.6, 12.4, 15.3, 17.6, 18.7, 19.4, 20.5, 21.6, 22.0, 21.4, 19.4, 18.1, 16.8, 15.9]","[155.0, 157.0, 155.0, 164.0, 159.0, 162.0, 159.0, 141.0, 132.0, 140.0, 141.0, 135.0, 111.0, 60.0, 40.0, 49.0, 85.0, 80.0, 71.0, 64.0, 60.0, 59.0, 59.0, 60.0, 58.0, 54.0, 48.0, 46.0, 42.0, 39.0]"
0-3,Palm Beach,north,100,2008-04-19,0,17.0,4,2008,"[16.8, 18.0, 15.5, 16.4, 17.3, 18.2, 18.1, 19.3, 20.1, 20.3, 21.1, 20.5, 20.0, 19.8, 21.5, 22.5, 24.7, 25.7, 25.2, 26.0, 25.6, 25.4, 24.3, 23.5, 22.5, 21.9, 20.5, 20.1, 18.4, 18.6]","[165.0, 160.0, 158.0, 154.0, 157.0, 155.0, 157.0, 153.0, 153.0, 153.0, 150.0, 149.0, 146.0, 143.0, 142.0, 139.0, 138.0, 138.0, 137.0, 138.0, 141.0, 141.0, 145.0, 148.0, 148.0, 147.0, 146.0, 144.0, 141.0, 137.0]"
0-3,Palm Beach,north,100,2021-03-10,0,17.0,3,2021,"[19.1, 18.1, 11.8, 12.5, 13.0, 12.5, 11.2, 10.2, 9.7, 9.2, 8.7, 8.4, 8.7, 9.2, 11.3, 11.6, 11.3, 12.3, 13.7, 15.5, 16.9, 18.1, 18.3, 18.3, 17.0, 15.7, 15.3, 16.0, 15.0, 14.0]","[136.0, 134.0, 128.0, 136.0, 136.0, 134.0, 135.0, 138.0, 138.0, 138.0, 135.0, 137.0, 135.0, 129.0, 117.0, 106.0, 99.0, 95.0, 95.0, 90.0, 88.0, 84.0, 80.0, 74.0, 73.0, 70.0, 75.0, 76.0, 69.0, 61.0]"
0-3,Palm Beach,north,100,2022-08-16,0,17.0,8,2022,"[16.0, 15.7, 16.6, 15.4, 17.0, 18.1, 17.3, 16.7, 16.1, 15.3, 14.9, 15.4, 15.9, 16.3, 14.3, 13.6, 14.8, 13.8, 12.6, 12.4, 12.9, 12.7, 11.4, 10.6, 11.2, 13.9, 12.6, 15.8, 15.5, 16.5]","[311.0, 315.0, 312.0, 323.0, 323.0, 314.0, 309.0, 304.0, 302.0, 302.0, 305.0, 306.0, 305.0, 303.0, 303.0, 294.0, 280.0, 278.0, 267.0, 251.0, 242.0, 231.0, 219.0, 212.0, 210.0, 216.0, 221.0, 229.0, 238.0, 241.0]"
0-4,Palm Beach,north,100,2022-10-01,1,8.0,10,2022,"[19.2, 19.4, 19.6, 19.0, 20.1, 19.2, 19.3, 18.8, 17.9, 16.8, 16.8, 17.6, 17.4, 17.0, 15.3, 16.0, 16.1, 16.2, 16.1, 15.6, 18.3, 17.5, 16.6, 14.9, 13.5, 12.6, 8.9, 8.6, 9.3, 8.8]","[161.0, 153.0, 146.0, 145.0, 140.0, 143.0, 144.0, 148.0, 152.0, 159.0, 164.0, 169.0, 169.0, 167.0, 156.0, 156.0, 151.0, 145.0, 141.0, 139.0, 136.0, 130.0, 133.0, 133.0, 135.0, 138.0, 151.0, 139.0, 139.0, 154.0]"
0-4,Palm Beach,north,100,2026-01-15,0,8.0,1,2026,"[20.3, 19.8, 15.4, 14.3, 12.5, 12.0, 12.1, 12.9, 15.6, 18.2, 19.8, 19.8, 19.3, 18.1, 11.0, 13.1, 13.8, 15.2, 18.9, 18.6, 19.1, 18.3, 20.6, 24.1, 25.7, 19.8, 20.5, 20.0, 16.6, 6.8]","[63.0, 59.0, 49.0, 42.0, 49.0, 54.0, 57.0, 60.0, 60.0, 60.0, 57.0, 51.0, 46.0, 40.0, 50.0, 52.0, 54.0, 51.0, 50.0, 48.0, 51.0, 60.0, 68.0, 62.0, 45.0, 39.0, 22.0, 21.0, 10.0, 318.0]"
0-4,Palm Beach,north,100,2018-03-29,0,8.0,3,2018,"[15.8, 16.4, 12.5, 12.3, 11.2, 9.2, 8.3, 7.6, 6.9, 5.4, 4.0, 4.3, 3.6, 3.6, 2.5, 3.9, 8.7, 11.2, 11.8, 12.6, 13.0, 13.8, 14.6, 15.3, 14.5, 13.3, 12.2, 11.0, 9.7, 8.8]","[63.0, 52.0, 46.0, 40.0, 33.0, 26.0, 18.0, 8.0, 6.0, 4.0, 10.0, 5.0, 6.0, 354.0, 352.0, 34.0, 42.0, 50.0, 59.0, 66.0, 71.0, 75.0, 74.0, 71.0, 63.0, 57.0, 47.0, 38.0, 27.0, 19.0]"
0-4,Palm Beach,north,100,2007-12-14,0,8.0,12,2007,"[19.6, 18.1, 16.6, 15.8, 14.5, 13.5, 12.4, 10.6, 8.9, 7.4, 6.5, 6.5, 7.2, 8.3, 8.8, 7.8, 7.7, 8.7, 11.2, 14.6, 16.2, 14.4, 13.0, 13.9, 13.3, 11.8, 12.0, 11.5, 10.7, 9.0]","[144.0, 149.0, 150.0, 153.0, 153.0, 151.0, 150.0, 152.0, 159.0, 166.0, 177.0, 183.0, 186.0, 180.0, 171.0, 167.0, 152.0, 138.0, 130.0, 110.0, 94.0, 93.0, 92.0, 80.0, 71.0, 70.0, 57.0, 51.0, 42.0, 29.0]"
0-5,Palm Beach,north,100,2023-11-03,1,16.0,11,2023,"[15.5, 13.8, 8.1, 6.2, 5.2, 6.6, 7.6, 7.2, 6.1, 5.0, 3.8, 2.4, 1.3, 2.5, 2.5, 5.4, 7.5, 9.1, 10.5, 11.9, 14.8, 15.0, 17.3, 17.2, 13.7, 13.4, 11.2, 9.2, 8.4, 8.0]","[95.0, 83.0, 77.0, 80.0, 74.0, 77.0, 82.0, 87.0, 93.0, 90.0, 73.0, 63.0, 34.0, 45.0, 90.0, 70.0, 73.0, 83.0, 84.0, 95.0, 104.0, 100.0, 85.0, 70.0, 63.0, 63.0, 48.0, 69.0, 80.0, 82.0]"
0-5,Palm Beach,north,100,2019-04-04,0,16.0,4,2019,"[12.1, 13.3, 10.6, 9.9, 9.0, 8.7, 7.3, 5.2, 4.9, 3.3, 2.8, 2.6, 3.3, 5.1, 5.5, 5.9, 8.2, 12.6, 15.8, 18.8, 19.2, 17.5, 14.8, 12.6, 13.2, 13.3, 8.7, 8.5, 8.7, 9.4]","[63.0, 57.0, 55.0, 46.0, 37.0, 24.0, 11.0, 344.0, 324.0, 257.0, 220.0, 236.0, 221.0, 219.0, 238.0, 232.0, 203.0, 185.0, 180.0, 175.0, 174.0, 171.0, 167.0, 167.0, 163.0, 161.0, 150.0, 168.0, 173.0, 176.0]"
0-5,Palm Beach,north,100,2015-06-20,0,16.0,6,2015,"[21.0, 21.4, 16.5, 17.3, 18.2, 18.7, 20.4, 21.5, 21.7, 21.9, 21.9, 22.1, 22.6, 21.7, 15.7, 14.3, 14.5, 14.3, 14.3, 15.0, 15.8, 15.6, 14.6, 14.1, 14.0, 13.4, 8.7, 8.2, 8.2, 9.2]","[202.0, 200.0, 200.0, 203.0, 207.0, 208.0, 206.0, 203.0, 201.0, 200.0, 200.0, 202.0, 202.0, 201.0, 217.0, 214.0, 210.0, 208.0, 208.0, 204.0, 201.0, 199.0, 196.0, 193.0, 192.0, 194.0, 218.0, 221.0, 229.0, 219.0]"
0-5,Palm Beach,north,100,2006-09-18,0,16.0,9,2006,"[15.7, 15.8, 14.7, 14.1, 12.6, 11.2, 9.8, 8.7, 8.3, 8.3, 7.7, 8.0, 9.0, 9.4, 6.9, 5.7, 5.6, 5.2, 4.3, 5.2, 7.5, 10.4, 12.4, 14.0, 15.2, 16.1, 15.6, 15.8, 14.9, 13.7]","[37.0, 30.0, 25.0, 15.0, 3.0, 354.0, 354.0, 355.0, 358.0, 355.0, 349.0, 342.0, 331.0, 328.0, 321.0, 325.0, 333.0, 335.0, 355.0, 34.0, 55.0, 56.0, 54.0, 46.0, 36.0, 27.0, 19.0, 12.0, 8.0, 5.0]"
0-6,Palm Beach,north,100,2023-11-14,1,11.0,11,2023,"[13.3, 12.4, 10.7, 9.7, 9.7, 8.5, 7.8, 7.5, 7.4, 6.1, 6.5, 7.3, 9.2, 10.2, 5.5, 5.8, 6.9, 10.6, 12.7, 16.2, 18.0, 19.8, 19.1, 15.9, 11.4, 11.6, 10.5, 12.1, 10.9, 10.7]","[92.0, 82.0, 70.0, 59.0, 51.0, 36.0, 22.0, 17.0, 14.0, 3.0, 357.0, 11.0, 11.0, 10.0, 349.0, 30.0, 51.0, 72.0, 82.0, 87.0, 89.0, 89.0, 86.0, 87.0, 77.0, 74.0, 84.0, 80.0, 82.0, 76.0]"
0-6,Palm Beach,north,100,2006-09-02,0,11.0,9,2006,"[16.1, 14.8, 11.9, 9.8, 9.4, 9.5, 9.1, 9.8, 10.4, 10.5, 11.0, 11.8, 11.9, 12.1, 11.3, 9.7, 9.0, 6.9, 3.2, 2.0, 7.7, 13.1, 15.6, 17.3, 17.8, 18.4, 19.1, 20.6, 21.3, 19.4]","[42.0, 29.0, 5.0, 324.0, 288.0, 279.0, 288.0, 306.0, 314.0, 311.0, 308.0, 308.0, 305.0, 307.0, 297.0, 297.0, 293.0, 276.0, 270.0, 45.0, 79.0, 74.0, 64.0, 54.0, 47.0, 39.0, 36.0, 27.0, 19.0, 11.0]"
0-6,Palm Beach,north,100,2008-02-07,0,11.0,2,2008,"[5.6, 3.4, 8.7, 9.7, 6.5, 7.1, 9.9, 12.4, 12.4, 12.8, 13.0, 12.2, 12.1, 11.4, 11.4, 10.3, 12.0, 11.9, 11.9, 11.8, 14.7, 16.7, 18.2, 18.8, 19.7, 19.9, 24.0, 23.0, 20.6, 19.4]","[345.0, 32.0, 246.0, 225.0, 251.0, 285.0, 303.0, 306.0, 300.0, 292.0, 289.0, 294.0, 300.0, 294.0, 281.0, 258.0, 219.0, 185.0, 155.0, 157.0, 169.0, 173.0, 172.0, 168.0, 172.0, 174.0, 171.0, 171.0, 174.0, 179.0]"
0-6,Palm Beach,north,100,2010-11-27,0,11.0,11,2010,"[18.8, 19.5, 17.8, 16.6, 14.7, 14.2, 12.3, 11.1, 10.5, 9.6, 8.0, 7.2, 6.8, 7.3, 5.2, 5.0, 6.7, 10.6, 15.6, 19.9, 23.5, 25.7, 26.7, 27.2, 28.6, 29.3, 28.4, 26.4, 24.6, 22.9]","[58.0, 52.0, 45.0, 41.0, 36.0, 36.0, 32.0, 29.0, 27.0, 20.0, 18.0, 27.0, 32.0, 33.0, 12.0, 30.0, 54.0, 62.0, 61.0, 58.0, 61.0, 59.0, 55.0, 53.0, 48.0, 44.0, 39.0, 39.0, 38.0, 33.0]"
0-7,Palm Beach,north,100,2024-11-03,1,13.0,11,2024,"[17.0, 17.2, 19.0, 19.3, 17.9, 17.7, 16.6, 13.9, 12.5, 11.9, 12.0, 11.4, 13.5, 15.4, 14.2, 16.0, 18.8, 17.3, 13.8, 12.3, 11.2, 11.0, 11.5, 12.3, 13.6, 13.4, 12.1, 10.5, 11.4, 13.0]","[54.0, 53.0, 52.0, 44.0, 37.0, 33.0, 27.0, 20.0, 11.0, 355.0, 343.0, 345.0, 352.0, 354.0, 359.0, 2.0, 340.0, 330.0, 340.0, 348.0, 356.0, 10.0, 23.0, 35.0, 29.0, 20.0, 353.0, 348.0, 356.0, 350.0]"
0-7,Palm Beach,north,100,2011-03-21,0,13.0,3,2011,"[19.4, 17.7, 21.4, 21.9, 21.8, 19.8, 17.3, 16.1, 15.4, 14.7, 15.9, 16.9, 17.2, 16.9, 15.1, 13.9, 13.9, 15.0, 13.5, 14.2, 15.2, 17.4, 19.3, 18.4, 16.8, 14.8, 16.6, 15.3, 12.9, 9.6]","[100.0, 95.0, 82.0, 81.0, 77.0, 71.0, 69.0, 66.0, 69.0, 73.0, 77.0, 79.0, 79.0, 78.0, 72.0, 65.0, 65.0, 60.0, 61.0, 66.0, 76.0, 77.0, 69.0, 55.0, 42.0, 29.0, 39.0, 27.0, 18.0, 13.0]"
0-7,Palm Beach,north,100,2017-05-03,0,13.0,5,2017,"[10.2, 9.5, 7.2, 9.4, 12.6, 18.7, 26.1, 27.2, 26.0, 24.9, 23.8, 23.1, 23.0, 22.3, 18.0, 16.6, 18.9, 21.0, 22.0, 22.1, 21.5, 19.2, 16.6, 15.0, 14.6, 13.5, 10.2, 10.2, 9.5, 9.4]","[172.0, 189.0, 183.0, 180.0, 200.0, 203.0, 195.0, 187.0, 184.0, 183.0, 183.0, 183.0, 181.0, 180.0, 180.0, 181.0, 172.0, 168.0, 165.0, 161.0, 157.0, 157.0, 156.0, 153.0, 147.0, 146.0, 138.0, 148.0, 155.0, 162.0]"
0-7,Palm Beach,north,100,2019-07-07,0,13.0,7,2019,"[7.9, 8.3, 6.4, 6.8, 8.0, 7.9, 5.8, 4.3, 2.3, 1.5, 2.2, 3.6, 3.6, 2.9, 5.8, 6.1, 7.1, 4.7, 1.1, 5.0, 6.4, 6.8, 6.2, 6.8, 8.0, 9.2, 7.9, 8.3, 9.0, 8.7]","[93.0, 90.0, 106.0, 93.0, 85.0, 74.0, 60.0, 48.0, 18.0, 315.0, 279.0, 276.0, 270.0, 270.0, 266.0, 267.0, 255.0, 261.0, 360.0, 60.0, 63.0, 65.0, 69.0, 65.0, 54.0, 45.0, 43.0, 34.0, 29.0, 17.0]"
0-8,Palm Beach,north,100,2024-11-23,1,19.0,11,2024,"[18.4, 18.8, 17.2, 16.2, 14.9, 13.7, 11.7, 10.2, 9.3, 8.7, 8.5, 9.0, 9.1, 8.2, 5.0, 5.4, 7.1, 10.2, 12.9, 15.6, 18.0, 19.9, 20.7, 20.9, 21.2, 21.5, 17.8, 15.4, 13.6, 12.6]","[55.0, 49.0, 45.0, 40.0, 37.0, 33.0, 29.0, 26.0, 22.0, 17.0, 13.0, 13.0, 17.0, 22.0, 15.0, 37.0, 52.0, 60.0, 65.0, 64.0, 61.0, 58.0, 56.0, 52.0, 48.0, 43.0, 40.0, 32.0, 26.0, 24.0]"
0-8,Palm Beach,north,100,2006-08-06,0,19.0,8,2006,"[24.8, 24.8, 22.9, 22.4, 22.4, 22.1, 22.1, 22.1, 21.8, 21.8, 21.6, 20.7, 21.4, 22.7, 20.7, 20.9, 22.4, 22.8, 24.4, 24.0, 23.2, 22.4, 21.7, 21.1, 21.6, 21.5, 16.1, 16.3, 19.6, 24.3]","[189.0, 189.0, 193.0, 195.0, 195.0, 192.0, 192.0, 192.0, 193.0, 193.0, 195.0, 200.0, 205.0, 207.0, 211.0, 209.0, 206.0, 198.0, 189.0, 188.0, 186.0, 186.0, 186.0, 188.0, 191.0, 198.0, 219.0, 221.0, 212.0, 201.0]"
0-8,Palm Beach,north,100,2018-08-06,0,19.0,8,2018,"[16.7, 16.3, 15.3, 15.4, 16.4, 16.6, 16.7, 16.6, 16.2, 15.8, 15.2, 13.6, 12.0, 9.5, 8.5, 13.8, 16.8, 17.7, 18.8, 22.2, 23.3, 25.5, 27.3, 23.8, 23.6, 23.9, 19.6, 18.8, 20.6, 21.0]","[33.0, 22.0, 19.0, 21.0, 19.0, 13.0, 7.0, 5.0, 360.0, 359.0, 353.0, 323.0, 303.0, 295.0, 298.0, 313.0, 305.0, 299.0, 302.0, 312.0, 321.0, 318.0, 306.0, 305.0, 308.0, 304.0, 306.0, 317.0, 314.0, 305.0]"
0-8,Palm Beach,north,100,2010-06-17,0,19.0,6,2010,"[13.4, 14.2, 14.8, 15.5, 16.3, 17.8, 17.6, 17.7, 17.7, 17.1, 17.9, 19.0, 20.5, 21.2, 20.6, 21.6, 22.6, 23.4, 22.6, 23.2, 24.2, 24.6, 24.0, 23.1, 22.7, 21.2, 18.6, 17.6, 16.1, 14.7]","[31.0, 24.0, 18.0, 12.0, 8.0, 8.0, 1.0, 358.0, 355.0, 345.0, 351.0, 345.0, 345.0, 342.0, 344.0, 334.0, 338.0, 337.0, 335.0, 336.0, 335.0, 333.0, 330.0, 326.0, 324.0, 320.0, 316.0, 313.0, 304.0, 298.0]"
0-9,Palm Beach,north,100,2025-02-04,1,17.0,2,2025,"[22.2, 21.6, 15.3, 14.8, 14.7, 13.9, 12.9, 12.4, 11.9, 10.7, 10.4, 10.0, 8.1, 7.2, 7.4, 7.3, 7.2, 7.5, 8.1, 9.3, 12.2, 15.0, 17.2, 18.2, 18.3, 18.4, 15.0, 15.2, 14.5, 12.7]","[61.0, 57.0, 53.0, 51.0, 50.0, 47.0, 40.0, 36.0, 32.0, 30.0, 28.0, 23.0, 17.0, 13.0, 23.0, 16.0, 25.0, 40.0, 53.0, 66.0, 71.0, 67.0, 60.0, 54.0, 46.0, 37.0, 26.0, 19.0, 15.0, 16.0]"
0-9,Palm Beach,north,100,2022-01-26,0,17.0,1,2022,"[16.9, 16.4, 12.9, 11.2, 9.1, 7.5, 5.6, 3.9, 3.5, 3.6, 3.7, 4.6, 6.1, 8.6, 8.1, 11.4, 13.9, 14.6, 15.5, 16.1, 17.9, 18.8, 18.6, 18.1, 16.9, 15.7, 12.7, 12.3, 12.7, 10.9]","[74.0, 71.0, 60.0, 58.0, 58.0, 60.0, 61.0, 66.0, 78.0, 90.0, 104.0, 111.0, 109.0, 101.0, 93.0, 87.0, 85.0, 81.0, 81.0, 83.0, 84.0, 81.0, 75.0, 71.0, 66.0, 65.0, 72.0, 79.0, 79.0, 74.0]"
0-9,Palm Beach,north,100,2020-08-02,0,17.0,8,2020,"[10.9, 10.5, 8.9, 8.5, 8.0, 7.3, 7.3, 7.7, 7.9, 8.1, 8.0, 7.9, 7.2, 6.9, 8.1, 5.9, 4.7, 3.3, 2.1, 0.8, 2.9, 5.1, 6.2, 6.7, 6.8, 7.2, 8.7, 7.9, 7.5, 7.6]","[56.0, 49.0, 40.0, 28.0, 10.0, 349.0, 327.0, 307.0, 294.0, 283.0, 275.0, 273.0, 276.0, 279.0, 283.0, 281.0, 279.0, 257.0, 239.0, 153.0, 90.0, 86.0, 83.0, 74.0, 65.0, 53.0, 48.0, 43.0, 35.0, 19.0]"
0-9,Palm Beach,north,100,2021-09-28,0,17.0,9,2021,"[20.1, 20.4, 16.5, 15.8, 13.9, 13.0, 13.5, 13.3, 13.4, 13.7, 13.9, 13.1, 12.4, 11.6, 10.0, 11.1, 10.8, 10.0, 11.2, 13.5, 15.4, 17.1, 19.0, 19.6, 20.9, 21.7, 18.4, 18.6, 18.3, 16.8]","[57.0, 54.0, 46.0, 43.0, 37.0, 34.0, 34.0, 33.0, 31.0, 27.0, 21.0, 16.0, 10.0, 5.0, 13.0, 13.0, 15.0, 26.0, 40.0, 46.0, 53.0, 55.0, 57.0, 58.0, 54.0, 48.0, 48.0, 43.0, 36.0, 31.0]"
0-10,Palm Beach,north,100,2025-03-02,1,16.0,3,2025,"[16.9, 17.4, 12.3, 11.0, 9.8, 8.6, 8.2, 9.0, 9.9, 10.0, 9.8, 8.2, 5.4, 4.6, 2.8, 4.2, 6.9, 9.4, 12.8, 16.5, 20.4, 23.3, 23.9, 23.9, 23.5, 23.9, 21.2, 23.0, 24.1, 25.1]","[60.0, 53.0, 50.0, 42.0, 36.0, 31.0, 32.0, 35.0, 37.0, 36.0, 35.0, 32.0, 37.0, 42.0, 101.0, 126.0, 139.0, 148.0, 151.0, 150.0, 149.0, 153.0, 158.0, 166.0, 175.0, 180.0, 185.0, 189.0, 187.0, 183.0]"
0-10,Palm Beach,north,100,2018-03-26,0,16.0,3,2018,"[16.0, 13.3, 8.0, 10.2, 4.6, 2.0, 6.2, 7.2, 8.1, 11.3, 14.0, 16.5, 17.2, 18.5, 17.0, 24.1, 24.8, 22.2, 18.4, 15.8, 13.7, 12.1, 11.0, 10.2, 10.8, 13.0, 14.7, 17.3, 16.2, 14.4]","[14.0, 357.0, 280.0, 252.0, 231.0, 315.0, 353.0, 354.0, 347.0, 329.0, 334.0, 337.0, 327.0, 303.0, 291.0, 268.0, 261.0, 262.0, 266.0, 270.0, 268.0, 258.0, 251.0, 247.0, 244.0, 242.0, 239.0, 234.0, 233.0, 233.0]"
0-10,Palm Beach,north,100,2015-05-31,0,16.0,5,2015,"[9.4, 10.9, 12.4, 13.6, 11.7, 9.8, 8.0, 6.3, 4.7, 4.7, 3.6, 4.3, 4.9, 6.4, 7.2, 7.2, 7.9, 8.7, 9.5, 9.4, 10.2, 10.6, 11.5, 11.0, 12.1, 13.2, 14.8, 14.7, 14.5, 15.7]","[328.0, 316.0, 292.0, 287.0, 281.0, 276.0, 265.0, 257.0, 247.0, 247.0, 276.0, 294.0, 306.0, 313.0, 307.0, 297.0, 286.0, 277.0, 281.0, 288.0, 288.0, 288.0, 284.0, 281.0, 282.0, 287.0, 284.0, 281.0, 284.0, 290.0]"
0-10,Palm Beach,north,100,2010-12-11,0,16.0,12,2010,"[11.4, 8.4, 2.5, 6.4, 10.5, 18.3, 19.8, 16.2, 13.3, 11.3, 8.9, 7.0, 5.6, 4.6, 6.6, 4.5, 3.8, 4.7, 6.1, 8.4, 11.5, 14.1, 16.9, 17.1, 15.9, 13.1, 9.7, 10.0, 8.5, 10.0]","[35.0, 31.0, 270.0, 254.0, 229.0, 202.0, 192.0, 193.0, 199.0, 202.0, 207.0, 215.0, 225.0, 225.0, 229.0, 256.0, 319.0, 4.0, 40.0, 65.0, 70.0, 71.0, 66.0, 62.0, 57.0, 53.0, 42.0, 15.0, 332.0, 296.0]"
1-0,Whale Beach,north,95,2023-04-25,1,14.0,4,2023,"[12.7, 11.7, 9.3, 6.9, 6.1, 5.2, 4.6, 3.8, 3.1, 2.6, 2.3, 1.8, 1.8, 2.9, 2.7, 2.3, 1.3, 3.4, 4.1, 4.7, 7.1, 9.7, 11.2, 12.1, 13.2, 13.3, 11.5, 10.0, 9.2, 7.9]","[83.0, 79.0, 77.0, 62.0, 62.0, 56.0, 51.0, 49.0, 54.0, 56.0, 39.0, 360.0, 349.0, 330.0, 293.0, 288.0, 326.0, 32.0, 45.0, 58.0, 66.0, 68.0, 69.0, 67.0, 64.0, 57.0, 44.0, 38.0, 31.0, 24.0]"
1-0,Whale Beach,north,95,2016-01-28,0,14.0,1,2016,"[21.8, 22.4, 19.5, 18.2, 18.1, 17.3, 16.6, 15.6, 14.8, 13.4, 12.0, 10.5, 9.0, 8.6, 8.8, 8.6, 8.1, 6.8, 4.5, 2.1, 5.1, 8.3, 11.1, 12.4, 12.4, 11.0, 8.2, 8.6, 6.7, 5.5]","[56.0, 53.0, 52.0, 52.0, 49.0, 43.0, 39.0, 34.0, 29.0, 24.0, 16.0, 6.0, 2.0, 2.0, 348.0, 338.0, 328.0, 328.0, 331.0, 31.0, 86.0, 88.0, 77.0, 68.0, 60.0, 49.0, 61.0, 57.0, 36.0, 23.0]"
1-0,Whale Beach,north,95,2019-03-21,0,14.0,3,2019,"[10.4, 10.1, 7.6, 7.0, 8.4, 8.5, 7.9, 7.7, 7.7, 7.9, 9.2, 10.3, 11.2, 12.0, 11.9, 15.3, 16.0, 16.6, 17.0, 17.4, 16.9, 16.3, 15.3, 14.0, 13.0, 12.4, 8.6, 7.6, 8.0, 8.1]","[166.0, 182.0, 172.0, 192.0, 205.0, 216.0, 223.0, 233.0, 242.0, 246.0, 244.0, 234.0, 230.0, 226.0, 215.0, 199.0, 189.0, 181.0, 175.0, 167.0, 160.0, 152.0, 150.0, 151.0, 156.0, 154.0, 158.0, 177.0, 188.0, 201.0]"
1-0,Whale Beach,north,95,2012-03-28,0,14.0,3,2012,"[13.2, 14.2, 12.9, 13.6, 12.7, 11.1, 10.2, 10.2, 8.9, 8.1, 7.7, 8.3, 9.1, 10.7, 8.4, 9.6, 10.3, 10.5, 10.7, 11.7, 11.8, 12.7, 14.1, 14.3, 15.4, 15.3, 16.4, 15.2, 15.0, 13.9]","[73.0, 66.0, 63.0, 58.0, 55.0, 54.0, 48.0, 42.0, 40.0, 45.0, 53.0, 56.0, 56.0, 50.0, 47.0, 56.0, 54.0, 52.0, 57.0, 56.0, 59.0, 61.0, 58.0, 51.0, 53.0, 49.0, 40.0, 36.0, 30.0, 25.0]"
3-0,Bilgola,north,100,2025-01-18,1,15.0,1,2025,"[45.2, 43.8, 41.6, 40.1, 37.9, 37.9, 38.2, 38.9, 38.5, 38.4, 38.1, 37.4, 34.7, 32.7, 33.8, 32.2, 31.5, 29.7, 27.0, 26.5, 27.9, 26.8, 28.4, 27.1, 26.3, 26.0, 20.6, 24.1, 25.4, 25.5]","[183.0, 182.0, 180.0, 185.0, 185.0, 184.0, 180.0, 180.0, 182.0, 183.0, 184.0, 181.0, 179.0, 176.0, 174.0, 171.0, 161.0, 151.0, 151.0, 156.0, 153.0, 156.0, 151.0, 153.0, 155.0, 156.0, 161.0, 153.0, 150.0, 150.0]"
3-0,Bilgola,north,100,2024-02-26,0,15.0,2,2024,"[15.7, 16.0, 11.8, 10.8, 9.6, 9.0, 8.0, 6.7, 6.2, 5.7, 5.7, 7.3, 8.2, 6.9, 4.9, 4.8, 4.3, 11.5, 22.6, 23.7, 23.3, 22.3, 21.9, 23.3, 24.4, 23.8, 19.0, 18.1, 17.7, 17.8]","[58.0, 54.0, 40.0, 30.0, 13.0, 360.0, 352.0, 344.0, 350.0, 342.0, 325.0, 327.0, 319.0, 313.0, 306.0, 297.0, 265.0, 180.0, 163.0, 160.0, 163.0, 166.0, 166.0, 163.0, 164.0, 162.0, 161.0, 163.0, 163.0, 162.0]"
3-0,Bilgola,north,100,2025-07-02,0,15.0,7,2025,"[52.3, 50.5, 40.8, 38.4, 37.7, 37.3, 38.4, 39.9, 38.9, 37.0, 36.7, 36.6, 36.8, 37.5, 42.8, 44.2, 40.3, 35.5, 31.7, 30.4, 31.5, 31.8, 31.3, 30.3, 31.0, 32.0, 29.1, 28.6, 29.3, 30.5]","[249.0, 252.0, 248.0, 251.0, 253.0, 253.0, 249.0, 245.0, 245.0, 244.0, 245.0, 242.0, 241.0, 239.0, 221.0, 217.0, 211.0, 214.0, 220.0, 227.0, 233.0, 234.0, 234.0, 241.0, 249.0, 251.0, 251.0, 247.0, 249.0, 253.0]"
3-0,Bilgola,north,100,2006-02-23,0,15.0,2,2006,"[15.9, 14.8, 13.3, 12.3, 12.2, 12.2, 12.5, 12.7, 13.1, 12.7, 12.2, 11.5, 12.0, 12.4, 11.9, 14.8, 15.5, 14.9, 15.4, 15.6, 16.3, 16.2, 16.2, 15.1, 13.9, 12.4, 10.4, 10.4, 10.7, 10.6]","[128.0, 131.0, 131.0, 140.0, 152.0, 161.0, 168.0, 172.0, 172.0, 172.0, 166.0, 160.0, 159.0, 154.0, 145.0, 137.0, 132.0, 127.0, 123.0, 119.0, 115.0, 111.0, 111.0, 108.0, 100.0, 98.0, 92.0, 88.0, 78.0, 72.0]"
3-1,Bilgola,north,100,2025-12-25,1,13.0,12,2025,"[16.9, 15.3, 13.1, 4.9, 16.6, 21.9, 24.5, 24.6, 23.4, 21.2, 18.7, 15.7, 13.9, 13.5, 10.3, 14.9, 18.6, 19.3, 20.5, 22.7, 24.4, 25.2, 25.6, 24.5, 23.3, 22.6, 19.5, 16.8, 15.7, 15.6]","[46.0, 30.0, 19.0, 92.0, 164.0, 171.0, 173.0, 175.0, 172.0, 168.0, 160.0, 156.0, 155.0, 157.0, 158.0, 153.0, 148.0, 139.0, 132.0, 130.0, 131.0, 134.0, 141.0, 145.0, 149.0, 149.0, 146.0, 148.0, 143.0, 142.0]"
3-1,Bilgola,north,100,2023-01-08,0,13.0,1,2023,"[22.6, 21.7, 17.6, 16.8, 16.7, 15.9, 15.2, 14.6, 14.7, 15.0, 15.1, 14.7, 14.6, 15.5, 15.3, 14.2, 12.2, 11.9, 12.3, 15.2, 18.1, 18.8, 18.8, 17.8, 14.3, 10.1, 6.1, 6.5, 7.2, 7.6]","[171.0, 169.0, 165.0, 165.0, 166.0, 174.0, 185.0, 196.0, 202.0, 207.0, 208.0, 211.0, 213.0, 208.0, 195.0, 189.0, 180.0, 183.0, 175.0, 158.0, 149.0, 144.0, 137.0, 133.0, 137.0, 145.0, 152.0, 174.0, 180.0, 183.0]"
3-1,Bilgola,north,100,2024-01-28,0,13.0,1,2024,"[18.1, 15.1, 10.0, 9.9, 10.0, 6.6, 6.4, 4.8, 5.1, 5.3, 5.6, 6.1, 4.9, 4.1, 9.7, 13.0, 15.0, 14.7, 14.4, 15.5, 17.3, 16.9, 15.1, 13.2, 11.8, 11.1, 8.9, 8.1, 8.0, 7.9]","[55.0, 52.0, 38.0, 33.0, 26.0, 9.0, 344.0, 297.0, 266.0, 242.0, 230.0, 220.0, 234.0, 232.0, 178.0, 177.0, 169.0, 155.0, 143.0, 138.0, 135.0, 128.0, 118.0, 116.0, 121.0, 126.0, 104.0, 111.0, 108.0, 106.0]"
3-1,Bilgola,north,100,2009-07-31,0,13.0,7,2009,"[7.6, 11.9, 12.4, 12.2, 13.8, 15.3, 15.8, 15.5, 14.8, 14.3, 14.3, 13.8, 13.3, 12.9, 12.0, 12.0, 12.7, 13.9, 18.1, 18.0, 16.4, 14.1, 12.4, 13.0, 14.4, 14.0, 12.7, 12.7, 13.4, 13.8]","[275.0, 268.0, 278.0, 294.0, 311.0, 317.0, 317.0, 316.0, 317.0, 317.0, 315.0, 313.0, 308.0, 306.0, 319.0, 314.0, 305.0, 287.0, 253.0, 244.0, 244.0, 251.0, 262.0, 268.0, 270.0, 270.0, 277.0, 285.0, 290.0, 290.0]"
5-0,Mona Vale,north,105,2019-09-30,1,14.0,9,2019,"[14.9, 10.7, 9.1, 7.4, 7.2, 7.2, 7.5, 7.6, 7.9, 8.4, 8.2, 7.7, 7.0, 6.3, 6.6, 6.6, 8.2, 11.7, 17.4, 21.0, 23.3, 22.7, 19.7, 16.2, 13.9, 13.2, 12.4, 13.1, 13.7, 13.3]","[82.0, 102.0, 124.0, 137.0, 143.0, 143.0, 145.0, 149.0, 150.0, 149.0, 142.0, 131.0, 125.0, 114.0, 139.0, 131.0, 131.0, 137.0, 140.0, 141.0, 142.0, 144.0, 145.0, 148.0, 149.0, 154.0, 158.0, 159.0, 162.0, 161.0]"
5-0,Mona Vale,north,105,2021-08-31,0,14.0,8,2021,"[14.6, 12.9, 8.9, 7.9, 7.9, 9.3, 10.2, 9.9, 9.3, 8.9, 9.0, 8.9, 8.3, 7.9, 7.7, 5.4, 4.6, 5.2, 6.1, 7.8, 8.2, 8.7, 10.3, 12.1, 12.0, 12.1, 12.2, 12.2, 11.7, 11.0]","[80.0, 72.0, 50.0, 30.0, 357.0, 332.0, 312.0, 303.0, 306.0, 302.0, 293.0, 291.0, 288.0, 286.0, 281.0, 290.0, 315.0, 344.0, 360.0, 13.0, 23.0, 38.0, 54.0, 60.0, 51.0, 37.0, 14.0, 2.0, 351.0, 341.0]"
5-0,Mona Vale,north,105,2015-06-25,0,14.0,6,2015,"[9.9, 11.4, 10.3, 10.0, 11.0, 10.4, 9.4, 8.4, 8.9, 10.0, 8.9, 8.2, 8.1, 7.5, 9.1, 8.0, 7.9, 10.4, 15.3, 17.7, 15.5, 14.9, 15.7, 14.2, 14.5, 13.8, 10.5, 11.9, 13.3, 14.8]","[350.0, 336.0, 331.0, 330.0, 319.0, 314.0, 302.0, 295.0, 302.0, 296.0, 302.0, 299.0, 291.0, 287.0, 304.0, 280.0, 254.0, 224.0, 195.0, 182.0, 175.0, 172.0, 169.0, 171.0, 174.0, 174.0, 184.0, 182.0, 182.0, 174.0]"
5-0,Mona Vale,north,105,2013-08-19,0,14.0,8,2013,"[16.9, 16.6, 15.1, 14.9, 15.6, 16.9, 18.4, 19.9, 21.7, 22.2, 22.9, 22.5, 21.8, 20.3, 20.4, 17.4, 13.1, 10.0, 17.8, 19.1, 20.9, 25.3, 25.4, 23.4, 22.7, 21.4, 23.9, 23.9, 24.1, 25.6]","[326.0, 326.0, 320.0, 323.0, 326.0, 333.0, 337.0, 338.0, 339.0, 340.0, 341.0, 340.0, 338.0, 335.0, 328.0, 320.0, 307.0, 308.0, 278.0, 270.0, 269.0, 266.0, 263.0, 260.0, 260.0, 262.0, 258.0, 263.0, 270.0, 274.0]"
5-1,Mona Vale,north,105,2020-02-23,1,13.0,2,2020,"[13.0, 13.2, 12.4, 11.3, 9.7, 8.7, 9.5, 9.4, 9.2, 10.3, 10.3, 10.1, 10.1, 10.8, 2.5, 3.0, 5.0, 9.2, 11.1, 11.3, 12.0, 11.6, 12.2, 12.8, 13.0, 12.6, 12.6, 10.7, 9.7, 9.9]","[84.0, 79.0, 73.0, 73.0, 75.0, 73.0, 65.0, 67.0, 69.0, 65.0, 61.0, 63.0, 63.0, 60.0, 45.0, 76.0, 60.0, 51.0, 54.0, 59.0, 57.0, 60.0, 62.0, 58.0, 56.0, 59.0, 53.0, 48.0, 45.0, 44.0]"
5-1,Mona Vale,north,105,2012-03-26,0,13.0,3,2012,"[11.3, 12.2, 11.9, 12.2, 12.3, 12.0, 11.6, 10.3, 9.0, 7.9, 7.0, 6.2, 5.4, 4.0, 1.5, 5.5, 8.7, 11.3, 13.1, 14.8, 16.4, 17.7, 17.1, 17.0, 16.3, 14.8, 15.1, 13.8, 12.6, 11.0]","[97.0, 92.0, 95.0, 90.0, 85.0, 81.0, 74.0, 61.0, 53.0, 43.0, 35.0, 21.0, 8.0, 355.0, 45.0, 58.0, 60.0, 59.0, 58.0, 61.0, 61.0, 61.0, 60.0, 58.0, 49.0, 43.0, 38.0, 33.0, 27.0, 19.0]"
5-1,Mona Vale,north,105,2009-06-27,0,13.0,6,2009,"[9.8, 11.1, 9.8, 10.2, 10.8, 11.1, 10.5, 10.9, 9.7, 7.9, 8.7, 6.8, 5.4, 4.8, 4.5, 2.9, 2.5, 2.1, 0.7, 2.4, 3.3, 3.0, 2.7, 3.1, 1.8, 1.6, 3.3, 3.8, 4.0, 5.1]","[54.0, 54.0, 54.0, 48.0, 37.0, 29.0, 16.0, 6.0, 358.0, 336.0, 315.0, 295.0, 290.0, 283.0, 256.0, 210.0, 225.0, 239.0, 180.0, 117.0, 96.0, 104.0, 157.0, 144.0, 127.0, 207.0, 221.0, 253.0, 265.0, 278.0]"
5-1,Mona Vale,north,105,2010-10-30,0,13.0,10,2010,"[14.9, 14.8, 11.7, 12.2, 12.8, 12.1, 10.7, 10.2, 10.3, 10.6, 9.2, 7.9, 7.9, 7.9, 6.1, 7.2, 10.7, 12.8, 13.6, 15.8, 17.9, 20.0, 21.7, 21.7, 23.7, 24.2, 24.5, 25.0, 24.9, 24.4]","[53.0, 47.0, 43.0, 43.0, 40.0, 37.0, 33.0, 32.0, 36.0, 28.0, 11.0, 360.0, 360.0, 3.0, 357.0, 27.0, 42.0, 40.0, 40.0, 49.0, 56.0, 56.0, 54.0, 50.0, 44.0, 41.0, 41.0, 40.0, 39.0, 37.0]"
5-2,Mona Vale,north,105,2022-12-11,1,8.0,12,2022,"[15.6, 15.3, 12.9, 13.3, 12.1, 9.9, 9.7, 8.5, 7.3, 7.9, 7.6, 7.6, 8.0, 8.3, 5.7, 4.5, 4.2, 6.9, 10.4, 12.4, 15.3, 19.2, 21.3, 22.7, 22.6, 22.7, 19.0, 19.2, 19.9, 18.4]","[63.0, 62.0, 57.0, 55.0, 50.0, 44.0, 34.0, 21.0, 10.0, 3.0, 352.0, 352.0, 355.0, 354.0, 336.0, 344.0, 10.0, 45.0, 58.0, 66.0, 70.0, 68.0, 66.0, 59.0, 50.0, 43.0, 37.0, 27.0, 18.0, 4.0]"
5-2,Mona Vale,north,105,2023-02-18,0,8.0,2,2023,"[18.2, 16.8, 15.5, 14.8, 13.2, 11.5, 11.1, 10.3, 9.8, 9.7, 9.6, 9.8, 9.8, 9.9, 6.9, 7.9, 8.6, 9.7, 10.7, 12.4, 15.2, 18.9, 20.1, 9.2, 9.2, 11.6, 5.4, 16.3, 14.9, 6.4]","[51.0, 47.0, 44.0, 39.0, 35.0, 39.0, 36.0, 29.0, 24.0, 22.0, 20.0, 17.0, 17.0, 19.0, 6.0, 24.0, 33.0, 42.0, 50.0, 54.0, 59.0, 59.0, 61.0, 39.0, 291.0, 22.0, 8.0, 14.0, 8.0, 317.0]"
5-2,Mona Vale,north,105,2013-07-20,0,8.0,7,2013,"[19.8, 19.7, 18.0, 18.9, 19.2, 19.1, 18.1, 17.8, 17.1, 16.5, 17.3, 17.1, 16.3, 15.6, 12.5, 12.8, 13.7, 15.5, 18.1, 20.7, 21.7, 21.2, 19.6, 19.6, 19.7, 20.0, 17.8, 19.1, 20.2, 19.7]","[348.0, 351.0, 357.0, 351.0, 343.0, 340.0, 339.0, 339.0, 338.0, 340.0, 337.0, 335.0, 335.0, 334.0, 342.0, 338.0, 333.0, 329.0, 325.0, 320.0, 313.0, 310.0, 311.0, 306.0, 301.0, 296.0, 288.0, 290.0, 289.0, 291.0]"
5-2,Mona Vale,north,105,2008-04-17,0,8.0,4,2008,"[22.8, 22.1, 19.2, 18.5, 18.1, 17.8, 18.1, 17.4, 16.8, 17.4, 17.5, 18.2, 18.5, 18.4, 17.7, 17.0, 16.5, 17.1, 17.8, 18.1, 18.5, 19.5, 18.6, 17.5, 17.0, 16.6, 13.4, 13.0, 12.6, 12.6]","[186.0, 187.0, 186.0, 188.0, 187.0, 187.0, 187.0, 187.0, 190.0, 187.0, 188.0, 188.0, 187.0, 184.0, 176.0, 174.0, 169.0, 162.0, 159.0, 159.0, 159.0, 161.0, 165.0, 171.0, 174.0, 175.0, 174.0, 177.0, 182.0, 180.0]"
5-3,Mona Vale,north,105,2023-03-09,1,19.0,3,2023,"[4.0, 1.3, 2.9, 3.0, 5.2, 7.2, 12.5, 13.5, 11.1, 9.2, 8.9, 9.1, 8.3, 8.5, 9.6, 9.6, 9.6, 9.3, 7.2, 4.6, 6.9, 11.8, 15.6, 17.3, 15.8, 13.9, 7.6, 5.8, 5.4, 5.6]","[95.0, 214.0, 150.0, 284.0, 286.0, 243.0, 224.0, 224.0, 234.0, 249.0, 256.0, 263.0, 272.0, 282.0, 283.0, 283.0, 283.0, 283.0, 270.0, 219.0, 152.0, 128.0, 113.0, 107.0, 107.0, 107.0, 98.0, 112.0, 127.0, 130.0]"
5-3,Mona Vale,north,105,2008-01-30,0,19.0,1,2008,"[13.8, 11.4, 8.4, 9.0, 9.6, 9.0, 8.0, 7.0, 5.7, 4.7, 4.1, 3.7, 4.6, 5.5, 6.1, 5.6, 6.5, 9.9, 13.2, 15.5, 17.3, 18.1, 18.8, 18.4, 17.7, 18.4, 18.1, 16.5, 15.4, 14.2]","[99.0, 108.0, 121.0, 143.0, 146.0, 151.0, 153.0, 145.0, 125.0, 94.0, 75.0, 61.0, 45.0, 32.0, 28.0, 27.0, 56.0, 71.0, 73.0, 68.0, 67.0, 67.0, 64.0, 62.0, 57.0, 51.0, 46.0, 36.0, 33.0, 27.0]"
5-3,Mona Vale,north,105,2014-07-10,0,19.0,7,2014,"[15.1, 18.2, 19.9, 20.0, 19.0, 19.9, 20.5, 18.7, 15.8, 15.8, 16.9, 17.4, 17.6, 18.1, 19.4, 21.8, 25.9, 28.8, 30.8, 29.5, 28.1, 28.4, 27.4, 27.3, 27.4, 28.5, 26.8, 27.3, 27.1, 25.6]","[327.0, 308.0, 287.0, 284.0, 295.0, 302.0, 301.0, 298.0, 305.0, 315.0, 322.0, 322.0, 316.0, 311.0, 313.0, 308.0, 295.0, 286.0, 276.0, 271.0, 269.0, 271.0, 275.0, 278.0, 280.0, 280.0, 290.0, 288.0, 287.0, 284.0]"
5-3,Mona Vale,north,105,2008-03-03,0,19.0,3,2008,"[13.1, 12.1, 10.0, 9.0, 9.1, 8.7, 6.5, 6.5, 6.8, 7.2, 8.2, 9.3, 9.5, 10.0, 8.9, 7.8, 4.7, 3.8, 6.2, 8.7, 10.2, 11.0, 13.0, 14.3, 13.2, 11.8, 10.7, 8.9, 7.2, 7.0]","[148.0, 150.0, 139.0, 143.0, 146.0, 150.0, 161.0, 174.0, 198.0, 217.0, 229.0, 234.0, 241.0, 244.0, 243.0, 236.0, 212.0, 163.0, 126.0, 114.0, 108.0, 101.0, 88.0, 78.0, 73.0, 63.0, 50.0, 43.0, 37.0, 21.0]"
5-4,Mona Vale,north,105,2023-04-22,1,15.0,4,2023,"[13.7, 13.0, 10.5, 10.8, 11.2, 10.7, 9.7, 8.8, 8.7, 9.4, 10.4, 10.9, 11.8, 12.1, 10.7, 10.2, 10.0, 10.8, 13.7, 14.3, 13.6, 13.0, 11.7, 9.5, 7.9, 7.9, 2.7, 1.6, 2.6, 3.3]","[175.0, 180.0, 188.0, 184.0, 176.0, 168.0, 165.0, 168.0, 175.0, 187.0, 194.0, 197.0, 200.0, 197.0, 213.0, 198.0, 195.0, 182.0, 157.0, 146.0, 143.0, 138.0, 133.0, 127.0, 120.0, 114.0, 67.0, 333.0, 286.0, 276.0]"
5-4,Mona Vale,north,105,2014-01-19,0,15.0,1,2014,"[20.8, 21.4, 21.1, 17.6, 10.9, 2.5, 8.3, 10.1, 8.4, 6.0, 4.0, 2.7, 3.6, 1.1, 1.9, 7.3, 13.4, 17.8, 20.0, 20.5, 20.5, 19.4, 18.4, 18.2, 17.6, 16.8, 14.7, 14.1, 12.5, 11.4]","[53.0, 48.0, 47.0, 44.0, 46.0, 98.0, 162.0, 145.0, 130.0, 107.0, 63.0, 337.0, 307.0, 288.0, 158.0, 147.0, 153.0, 148.0, 146.0, 146.0, 142.0, 140.0, 138.0, 141.0, 145.0, 152.0, 158.0, 161.0, 162.0, 167.0]"
5-4,Mona Vale,north,105,2025-01-11,0,15.0,1,2025,"[16.1, 15.5, 11.7, 12.1, 11.9, 13.0, 13.7, 14.8, 13.4, 14.1, 14.0, 13.0, 10.4, 13.0, 9.4, 7.3, 7.9, 9.4, 12.0, 15.0, 17.9, 19.8, 19.9, 15.1, 13.4, 10.6, 8.3, 9.3, 11.0, 12.2]","[84.0, 82.0, 91.0, 83.0, 87.0, 86.0, 79.0, 69.0, 64.0, 56.0, 47.0, 41.0, 34.0, 39.0, 72.0, 52.0, 57.0, 72.0, 83.0, 93.0, 96.0, 79.0, 58.0, 54.0, 53.0, 56.0, 63.0, 63.0, 60.0, 57.0]"
5-4,Mona Vale,north,105,2013-09-18,0,15.0,9,2013,"[15.7, 16.8, 17.9, 19.0, 20.7, 20.9, 20.7, 19.6, 19.3, 20.1, 21.8, 22.7, 23.2, 23.7, 20.1, 24.5, 25.3, 23.1, 22.3, 22.8, 22.2, 19.6, 19.4, 14.8, 12.9, 14.3, 14.5, 16.2, 16.0, 14.2]","[340.0, 332.0, 320.0, 323.0, 319.0, 314.0, 311.0, 313.0, 315.0, 314.0, 308.0, 303.0, 303.0, 303.0, 314.0, 306.0, 290.0, 288.0, 288.0, 288.0, 287.0, 290.0, 292.0, 293.0, 306.0, 317.0, 337.0, 343.0, 329.0, 306.0]"
5-5,Mona Vale,north,105,2023-10-28,1,14.0,10,2023,"[21.0, 19.5, 17.0, 16.5, 16.9, 16.4, 15.9, 13.8, 12.0, 11.5, 10.8, 9.4, 9.2, 9.0, 5.9, 8.7, 9.9, 10.2, 10.0, 9.8, 9.7, 10.1, 10.2, 12.5, 17.6, 18.5, 13.0, 11.6, 10.8, 10.2]","[173.0, 168.0, 163.0, 170.0, 169.0, 165.0, 162.0, 165.0, 171.0, 176.0, 176.0, 187.0, 191.0, 182.0, 166.0, 138.0, 123.0, 113.0, 103.0, 96.0, 92.0, 84.0, 80.0, 72.0, 64.0, 57.0, 51.0, 36.0, 26.0, 10.0]"
5-5,Mona Vale,north,105,2019-07-17,0,14.0,7,2019,"[17.4, 19.2, 16.9, 15.7, 16.1, 16.2, 16.5, 16.6, 16.0, 14.6, 13.3, 12.3, 11.2, 10.5, 11.0, 9.7, 8.9, 8.5, 8.4, 8.2, 8.0, 8.6, 8.7, 12.1, 17.5, 19.5, 17.3, 16.6, 16.2, 15.8]","[240.0, 244.0, 246.0, 254.0, 260.0, 257.0, 254.0, 252.0, 256.0, 261.0, 267.0, 267.0, 268.0, 278.0, 308.0, 301.0, 297.0, 298.0, 301.0, 299.0, 288.0, 285.0, 287.0, 287.0, 278.0, 274.0, 269.0, 268.0, 269.0, 282.0]"
5-5,Mona Vale,north,105,2011-12-07,0,14.0,12,2011,"[11.2, 10.7, 11.5, 10.7, 9.2, 8.4, 8.1, 6.5, 5.8, 5.5, 5.5, 6.5, 7.2, 8.3, 8.2, 10.9, 11.6, 11.2, 12.0, 13.2, 12.8, 12.9, 11.3, 10.2, 8.9, 8.6, 9.6, 10.2, 9.9, 8.7]","[135.0, 138.0, 141.0, 147.0, 149.0, 149.0, 148.0, 146.0, 150.0, 157.0, 169.0, 177.0, 186.0, 182.0, 203.0, 174.0, 150.0, 135.0, 131.0, 135.0, 142.0, 144.0, 143.0, 138.0, 122.0, 105.0, 70.0, 58.0, 46.0, 48.0]"
5-5,Mona Vale,north,105,2024-02-14,0,14.0,2,2024,"[20.7, 21.8, 18.5, 15.4, 14.4, 14.8, 14.9, 14.2, 12.6, 11.2, 10.5, 11.3, 10.6, 9.4, 10.4, 12.4, 8.9, 5.4, 8.4, 13.6, 27.2, 26.8, 23.0, 23.2, 20.6, 20.8, 18.8, 18.9, 17.7, 17.4]","[40.0, 34.0, 27.0, 21.0, 22.0, 23.0, 15.0, 7.0, 2.0, 345.0, 311.0, 292.0, 294.0, 317.0, 340.0, 343.0, 328.0, 274.0, 205.0, 163.0, 160.0, 165.0, 163.0, 156.0, 155.0, 157.0, 151.0, 149.0, 151.0, 150.0]"
5-6,Mona Vale,north,105,2023-11-09,1,11.0,11,2023,"[20.2, 18.2, 11.5, 12.2, 12.7, 11.4, 9.9, 9.0, 9.0, 10.1, 11.4, 10.5, 9.6, 9.5, 4.1, 9.4, 13.2, 14.0, 15.1, 16.9, 11.4, 4.4, 8.0, 11.0, 11.0, 9.8, 7.3, 6.5, 3.5, 2.6]","[49.0, 39.0, 46.0, 43.0, 35.0, 35.0, 33.0, 23.0, 29.0, 35.0, 24.0, 16.0, 20.0, 29.0, 45.0, 58.0, 43.0, 42.0, 57.0, 56.0, 18.0, 9.0, 63.0, 49.0, 23.0, 8.0, 340.0, 304.0, 294.0, 74.0]"
5-6,Mona Vale,north,105,2006-12-22,0,11.0,12,2006,"[26.5, 24.7, 23.2, 22.2, 21.7, 20.6, 19.6, 18.9, 18.1, 16.4, 14.1, 12.0, 11.8, 15.6, 13.9, 13.4, 13.0, 15.0, 17.6, 19.7, 22.9, 25.2, 27.0, 27.0, 25.8, 25.2, 21.5, 18.2, 14.7, 13.7]","[59.0, 53.0, 48.0, 50.0, 47.0, 44.0, 43.0, 39.0, 35.0, 29.0, 19.0, 16.0, 20.0, 26.0, 21.0, 20.0, 28.0, 46.0, 55.0, 55.0, 57.0, 56.0, 56.0, 53.0, 49.0, 43.0, 38.0, 34.0, 31.0, 27.0]"
5-6,Mona Vale,north,105,2022-05-16,0,11.0,5,2022,"[4.8, 2.7, 1.9, 2.5, 4.2, 5.9, 8.2, 10.8, 12.1, 12.8, 13.0, 12.3, 11.4, 11.6, 10.7, 9.8, 8.9, 7.8, 6.7, 5.9, 4.5, 1.6, 3.3, 2.7, 3.2, 8.0, 16.2, 13.8, 11.4, 10.6]","[345.0, 298.0, 292.0, 266.0, 277.0, 281.0, 279.0, 273.0, 269.0, 269.0, 272.0, 281.0, 296.0, 311.0, 320.0, 319.0, 315.0, 320.0, 324.0, 325.0, 317.0, 333.0, 81.0, 62.0, 326.0, 288.0, 267.0, 263.0, 277.0, 293.0]"
5-6,Mona Vale,north,105,2016-04-21,0,11.0,4,2016,"[12.6, 12.8, 9.4, 7.7, 7.1, 5.5, 4.0, 3.4, 4.0, 5.2, 4.9, 4.7, 3.8, 4.0, 5.1, 4.0, 1.8, 1.8, 4.3, 6.2, 8.4, 11.3, 13.0, 13.6, 13.5, 13.6, 10.2, 9.2, 9.1, 9.7]","[87.0, 80.0, 67.0, 62.0, 49.0, 32.0, 350.0, 302.0, 270.0, 258.0, 253.0, 247.0, 253.0, 265.0, 262.0, 260.0, 270.0, 53.0, 66.0, 69.0, 70.0, 68.0, 62.0, 53.0, 42.0, 32.0, 23.0, 11.0, 7.0, 2.0]"
5-7,Mona Vale,north,105,2024-12-30,1,12.0,12,2024,"[16.1, 13.2, 12.5, 11.7, 11.4, 12.5, 13.2, 13.5, 13.4, 13.2, 11.3, 9.4, 8.1, 10.3, 10.3, 11.8, 14.0, 16.4, 17.3, 17.6, 17.2, 17.3, 18.0, 18.8, 18.4, 16.8, 14.9, 13.8, 12.1, 12.2]","[120.0, 127.0, 141.0, 151.0, 159.0, 162.0, 163.0, 161.0, 160.0, 158.0, 155.0, 154.0, 152.0, 133.0, 123.0, 117.0, 110.0, 105.0, 99.0, 91.0, 84.0, 79.0, 76.0, 73.0, 68.0, 62.0, 54.0, 49.0, 47.0, 45.0]"
5-7,Mona Vale,north,105,2018-01-10,0,12.0,1,2018,"[3.3, 16.6, 15.6, 16.7, 12.3, 15.2, 19.9, 21.1, 21.2, 22.5, 22.5, 21.7, 20.7, 21.1, 15.7, 16.6, 16.4, 15.5, 15.6, 16.4, 17.1, 17.0, 15.6, 14.6, 14.8, 13.8, 9.4, 8.7, 6.5, 7.5]","[276.0, 228.0, 161.0, 147.0, 165.0, 176.0, 176.0, 172.0, 165.0, 160.0, 158.0, 159.0, 160.0, 160.0, 160.0, 158.0, 161.0, 162.0, 157.0, 154.0, 152.0, 148.0, 142.0, 140.0, 133.0, 123.0, 130.0, 128.0, 124.0, 125.0]"
5-7,Mona Vale,north,105,2008-10-19,0,12.0,10,2008,"[16.8, 16.3, 14.7, 14.6, 14.2, 13.3, 12.8, 11.5, 10.3, 9.5, 9.8, 9.9, 10.8, 9.6, 7.2, 6.6, 5.2, 5.6, 6.4, 8.4, 10.2, 12.5, 14.1, 14.0, 12.6, 13.7, 15.9, 14.0, 8.7, 5.6]","[45.0, 35.0, 25.0, 16.0, 7.0, 357.0, 349.0, 346.0, 348.0, 351.0, 352.0, 350.0, 345.0, 340.0, 333.0, 331.0, 344.0, 15.0, 43.0, 50.0, 48.0, 44.0, 38.0, 35.0, 20.0, 3.0, 6.0, 1.0, 353.0, 345.0]"
5-7,Mona Vale,north,105,2014-06-28,0,12.0,6,2014,"[17.3, 18.4, 17.3, 17.0, 17.5, 18.0, 18.0, 18.1, 18.6, 18.2, 18.7, 19.5, 21.1, 23.2, 22.3, 22.4, 21.1, 21.0, 22.6, 25.5, 26.0, 26.8, 31.0, 28.2, 23.9, 25.0, 26.9, 28.5, 30.7, 32.7]","[2.0, 358.0, 355.0, 356.0, 352.0, 348.0, 344.0, 339.0, 338.0, 342.0, 344.0, 348.0, 352.0, 353.0, 358.0, 354.0, 352.0, 355.0, 352.0, 344.0, 341.0, 318.0, 292.0, 287.0, 307.0, 314.0, 302.0, 302.0, 301.0, 298.0]"
5-8,Mona Vale,north,105,2025-03-09,1,18.0,3,2025,"[15.3, 14.4, 12.4, 13.7, 14.1, 12.9, 12.1, 12.1, 11.5, 10.8, 11.4, 11.8, 11.8, 12.0, 7.0, 13.2, 16.3, 17.4, 18.8, 19.1, 19.9, 20.3, 19.7, 18.9, 18.8, 19.1, 14.2, 13.7, 13.0, 13.4]","[89.0, 93.0, 92.0, 90.0, 83.0, 82.0, 78.0, 70.0, 70.0, 75.0, 74.0, 71.0, 71.0, 66.0, 55.0, 59.0, 58.0, 59.0, 64.0, 66.0, 66.0, 65.0, 65.0, 60.0, 54.0, 51.0, 51.0, 50.0, 51.0, 51.0]"
5-8,Mona Vale,north,105,2007-10-08,0,18.0,10,2007,"[9.2, 11.2, 8.7, 8.4, 7.3, 5.1, 2.8, 5.8, 8.4, 7.6, 9.4, 9.7, 9.8, 9.8, 10.0, 10.4, 10.0, 11.5, 14.0, 14.8, 15.6, 17.0, 17.2, 15.8, 15.3, 12.7, 7.4, 7.2, 6.8, 5.4]","[21.0, 2.0, 355.0, 340.0, 340.0, 321.0, 230.0, 184.0, 170.0, 172.0, 173.0, 182.0, 186.0, 186.0, 165.0, 160.0, 159.0, 166.0, 157.0, 157.0, 151.0, 148.0, 147.0, 139.0, 137.0, 137.0, 129.0, 127.0, 122.0, 138.0]"
5-8,Mona Vale,north,105,2018-05-20,0,18.0,5,2018,"[10.9, 9.3, 2.3, 6.2, 8.2, 8.0, 8.6, 9.3, 9.5, 9.7, 10.1, 10.8, 10.8, 11.1, 11.8, 10.2, 9.8, 8.8, 8.1, 6.5, 4.0, 0.8, 6.5, 7.9, 7.2, 1.9, 7.4, 11.3, 12.9, 12.3]","[82.0, 62.0, 309.0, 263.0, 255.0, 252.0, 255.0, 257.0, 261.0, 266.0, 276.0, 285.0, 291.0, 299.0, 301.0, 288.0, 276.0, 279.0, 283.0, 276.0, 265.0, 117.0, 93.0, 87.0, 84.0, 112.0, 194.0, 233.0, 247.0, 265.0]"
5-8,Mona Vale,north,105,2012-07-29,0,18.0,7,2012,"[18.3, 21.5, 20.3, 19.4, 18.2, 17.6, 18.7, 19.6, 20.3, 20.5, 20.6, 19.8, 19.2, 18.5, 18.4, 17.8, 18.5, 18.1, 17.3, 16.6, 16.8, 17.6, 18.4, 19.2, 19.7, 19.5, 16.3, 14.9, 14.3, 15.3]","[248.0, 249.0, 245.0, 255.0, 256.0, 255.0, 254.0, 253.0, 250.0, 248.0, 245.0, 241.0, 236.0, 233.0, 230.0, 223.0, 213.0, 201.0, 197.0, 193.0, 189.0, 179.0, 168.0, 167.0, 171.0, 176.0, 188.0, 195.0, 205.0, 214.0]"
5-9,Mona Vale,north,105,2025-12-31,1,15.0,12,2025,"[14.8, 12.5, 7.0, 5.7, 5.7, 6.4, 5.4, 5.8, 5.6, 6.0, 5.6, 6.6, 5.4, 2.1, 5.2, 9.0, 11.5, 14.6, 14.6, 12.1, 10.7, 12.1, 11.3, 12.5, 12.9, 12.9, 12.8, 12.5, 10.5, 8.6]","[77.0, 72.0, 69.0, 72.0, 66.0, 63.0, 56.0, 39.0, 7.0, 351.0, 2.0, 13.0, 8.0, 110.0, 134.0, 142.0, 140.0, 140.0, 134.0, 132.0, 115.0, 88.0, 92.0, 110.0, 120.0, 134.0, 166.0, 153.0, 151.0, 151.0]"
5-9,Mona Vale,north,105,2024-08-15,0,15.0,8,2024,"[4.3, 1.0, 4.7, 2.1, 3.6, 6.4, 5.2, 2.0, 2.2, 5.6, 8.8, 11.0, 12.4, 14.0, 11.9, 12.7, 12.7, 12.8, 12.4, 12.5, 12.5, 13.1, 12.2, 10.6, 9.9, 9.7, 7.6, 7.8, 6.5, 6.1]","[92.0, 121.0, 81.0, 59.0, 63.0, 50.0, 46.0, 63.0, 175.0, 209.0, 215.0, 220.0, 221.0, 224.0, 210.0, 209.0, 210.0, 209.0, 199.0, 187.0, 174.0, 171.0, 171.0, 176.0, 182.0, 181.0, 179.0, 172.0, 180.0, 199.0]"
5-9,Mona Vale,north,105,2020-02-07,0,15.0,2,2020,"[13.7, 14.0, 15.3, 17.0, 18.1, 19.3, 19.6, 18.6, 17.7, 20.6, 19.5, 19.4, 19.8, 21.1, 22.4, 22.0, 20.3, 19.2, 16.8, 21.7, 24.9, 29.0, 26.6, 28.5, 27.9, 30.0, 24.0, 23.5, 24.4, 27.1]","[93.0, 91.0, 82.0, 84.0, 85.0, 81.0, 77.0, 75.0, 73.0, 74.0, 74.0, 79.0, 92.0, 99.0, 105.0, 105.0, 107.0, 103.0, 105.0, 111.0, 110.0, 110.0, 115.0, 115.0, 112.0, 110.0, 107.0, 108.0, 103.0, 95.0]"
5-9,Mona Vale,north,105,2019-11-16,0,15.0,11,2019,"[10.1, 13.4, 14.2, 14.8, 15.6, 15.5, 18.7, 23.1, 23.1, 19.5, 16.0, 13.1, 13.0, 12.2, 10.2, 12.3, 13.8, 16.5, 16.5, 16.6, 17.8, 19.2, 20.2, 18.8, 16.3, 12.7, 9.0, 6.6, 4.7, 6.2]","[264.0, 264.0, 261.0, 256.0, 255.0, 239.0, 203.0, 183.0, 178.0, 177.0, 172.0, 171.0, 166.0, 152.0, 141.0, 140.0, 133.0, 122.0, 113.0, 103.0, 98.0, 96.0, 90.0, 83.0, 82.0, 82.0, 61.0, 61.0, 86.0, 83.0]"
5-10,Mona Vale,north,105,2026-01-07,1,19.0,1,2026,"[17.5, 16.7, 12.1, 9.2, 6.4, 4.8, 4.1, 5.0, 5.9, 5.0, 2.7, 0.5, 1.5, 2.2, 4.0, 3.6, 3.8, 6.8, 9.4, 11.5, 13.6, 16.2, 18.4, 19.4, 19.7, 20.6, 17.2, 16.3, 15.2, 13.6]","[66.0, 53.0, 50.0, 40.0, 36.0, 65.0, 113.0, 131.0, 135.0, 139.0, 122.0, 360.0, 339.0, 9.0, 352.0, 3.0, 49.0, 68.0, 72.0, 73.0, 72.0, 69.0, 64.0, 59.0, 53.0, 46.0, 41.0, 32.0, 24.0, 20.0]"
5-10,Mona Vale,north,105,2025-11-19,0,19.0,11,2025,"[22.2, 21.8, 18.3, 16.5, 12.7, 7.0, 2.3, 1.8, 3.3, 3.3, 3.7, 4.1, 6.1, 4.9, 5.6, 4.0, 2.2, 4.4, 8.1, 13.2, 18.8, 22.1, 22.8, 23.1, 23.8, 24.7, 21.6, 19.8, 15.6, 11.8]","[56.0, 49.0, 47.0, 37.0, 23.0, 12.0, 360.0, 186.0, 193.0, 216.0, 256.0, 272.0, 268.0, 264.0, 241.0, 216.0, 156.0, 99.0, 89.0, 85.0, 81.0, 75.0, 69.0, 62.0, 52.0, 43.0, 41.0, 32.0, 22.0, 9.0]"
5-10,Mona Vale,north,105,2025-05-09,0,19.0,5,2025,"[19.4, 20.1, 18.5, 17.2, 15.9, 15.9, 15.1, 14.7, 15.7, 15.8, 15.8, 15.1, 14.4, 14.2, 10.3, 10.8, 12.5, 12.8, 13.0, 12.6, 12.1, 11.1, 9.3, 7.2, 6.0, 6.8, 3.9, 4.8, 4.9, 5.4]","[152.0, 155.0, 167.0, 167.0, 164.0, 164.0, 168.0, 174.0, 178.0, 178.0, 179.0, 182.0, 188.0, 193.0, 205.0, 208.0, 192.0, 175.0, 161.0, 152.0, 148.0, 146.0, 143.0, 143.0, 143.0, 140.0, 202.0, 195.0, 188.0, 182.0]"
5-10,Mona Vale,north,105,2014-02-10,0,19.0,2,2014,"[21.8, 21.2, 18.1, 16.8, 16.7, 15.0, 11.8, 10.1, 3.8, 19.5, 23.2, 22.7, 22.4, 22.4, 22.5, 19.9, 16.9, 15.7, 16.5, 16.3, 16.8, 16.9, 17.1, 16.9, 16.1, 14.6, 14.2, 14.1, 14.8, 14.2]","[51.0, 48.0, 46.0, 43.0, 37.0, 27.0, 23.0, 27.0, 49.0, 185.0, 186.0, 195.0, 199.0, 199.0, 186.0, 185.0, 179.0, 171.0, 164.0, 158.0, 152.0, 146.0, 141.0, 140.0, 141.0, 147.0, 156.0, 161.0, 157.0, 159.0]"
6-0,Warriewood,north,110,2021-04-27,1,3.0,4,2021,"[9.8, 8.1, 8.0, 4.3, 0.8, 2.3, 3.3, 4.6, 5.2, 6.4, 6.9, 6.4, 6.4, 7.1, 5.7, 6.5, 6.0, 3.4, 1.1, 1.8, 5.2, 8.3, 10.4, 11.6, 12.8, 11.7, 8.7, 8.3, 8.4, 6.2]","[82.0, 77.0, 72.0, 85.0, 153.0, 231.0, 257.0, 252.0, 236.0, 218.0, 208.0, 218.0, 232.0, 246.0, 252.0, 251.0, 237.0, 252.0, 288.0, 79.0, 102.0, 108.0, 110.0, 106.0, 100.0, 101.0, 107.0, 124.0, 133.0, 144.0]"
6-0,Warriewood,north,110,2018-12-13,0,3.0,12,2018,"[15.5, 15.3, 16.1, 16.1, 15.3, 16.2, 14.3, 10.9, 9.1, 8.7, 8.4, 12.1, 13.0, 15.3, 8.5, 7.8, 12.0, 14.3, 14.8, 19.2, 23.3, 23.5, 23.6, 21.8, 17.8, 18.1, 9.5, 8.4, 7.0, 7.2]","[59.0, 63.0, 61.0, 56.0, 56.0, 53.0, 41.0, 27.0, 7.0, 355.0, 10.0, 23.0, 28.0, 19.0, 12.0, 34.0, 44.0, 25.0, 39.0, 56.0, 58.0, 58.0, 59.0, 52.0, 32.0, 44.0, 171.0, 115.0, 69.0, 37.0]"
6-0,Warriewood,north,110,2010-04-25,0,3.0,4,2010,"[9.2, 10.0, 11.5, 12.0, 12.8, 13.4, 14.2, 13.2, 11.2, 10.5, 10.4, 10.1, 8.3, 11.3, 12.6, 13.1, 11.5, 10.5, 10.6, 11.7, 12.6, 12.6, 19.6, 19.1, 19.9, 21.1, 20.1, 18.2, 17.8, 18.5]","[301.0, 300.0, 311.0, 321.0, 338.0, 340.0, 330.0, 313.0, 315.0, 311.0, 304.0, 287.0, 270.0, 248.0, 257.0, 262.0, 274.0, 276.0, 280.0, 279.0, 270.0, 233.0, 194.0, 180.0, 186.0, 194.0, 201.0, 210.0, 212.0, 213.0]"
6-0,Warriewood,north,110,2021-10-21,0,3.0,10,2021,"[10.7, 9.6, 6.0, 4.7, 6.2, 6.5, 6.8, 7.4, 6.8, 5.9, 6.6, 6.8, 7.5, 6.7, 6.1, 5.6, 7.4, 10.2, 11.3, 11.4, 12.2, 13.9, 13.8, 12.3, 10.4, 8.3, 6.5, 5.8, 6.5, 7.6]","[147.0, 160.0, 115.0, 148.0, 159.0, 180.0, 205.0, 223.0, 238.0, 259.0, 261.0, 252.0, 235.0, 216.0, 208.0, 165.0, 129.0, 113.0, 107.0, 103.0, 104.0, 100.0, 96.0, 95.0, 92.0, 88.0, 87.0, 90.0, 90.0, 90.0]"
6-1,Warriewood,north,110,2021-10-28,1,13.0,10,2021,"[15.5, 14.8, 12.3, 7.9, 2.5, 0.7, 2.2, 2.9, 4.3, 5.4, 5.1, 8.3, 7.9, 6.1, 4.7, 6.3, 3.3, 2.2, 3.6, 6.1, 9.7, 11.5, 12.1, 12.2, 13.6, 14.6, 12.3, 11.2, 10.1, 11.6]","[65.0, 56.0, 50.0, 47.0, 45.0, 270.0, 261.0, 270.0, 275.0, 274.0, 274.0, 275.0, 273.0, 270.0, 279.0, 283.0, 276.0, 270.0, 135.0, 118.0, 112.0, 94.0, 73.0, 56.0, 37.0, 33.0, 40.0, 15.0, 17.0, 22.0]"
6-1,Warriewood,north,110,2007-07-24,0,13.0,7,2007,"[12.7, 13.1, 11.4, 11.5, 13.0, 13.3, 13.5, 13.3, 13.2, 12.7, 12.3, 12.1, 11.8, 12.0, 11.2, 10.5, 9.5, 8.9, 8.4, 8.1, 7.2, 5.8, 5.4, 7.3, 9.0, 10.0, 11.0, 11.2, 11.6, 11.4]","[45.0, 37.0, 24.0, 14.0, 6.0, 358.0, 351.0, 347.0, 343.0, 335.0, 328.0, 323.0, 322.0, 321.0, 310.0, 308.0, 307.0, 310.0, 313.0, 315.0, 323.0, 338.0, 4.0, 9.0, 358.0, 345.0, 322.0, 310.0, 306.0, 305.0]"
6-1,Warriewood,north,110,2007-01-11,0,13.0,1,2007,"[21.0, 19.5, 17.6, 15.0, 12.8, 10.5, 7.9, 6.6, 5.0, 1.8, 1.5, 3.8, 5.4, 6.5, 7.5, 8.4, 8.5, 9.9, 12.2, 15.6, 19.0, 21.3, 21.9, 21.7, 21.3, 21.4, 20.9, 19.1, 16.4, 14.4]","[59.0, 52.0, 47.0, 42.0, 38.0, 38.0, 39.0, 41.0, 30.0, 37.0, 76.0, 73.0, 42.0, 34.0, 17.0, 20.0, 28.0, 46.0, 62.0, 71.0, 71.0, 66.0, 60.0, 54.0, 51.0, 48.0, 44.0, 41.0, 40.0, 37.0]"
6-1,Warriewood,north,110,2020-10-31,0,13.0,10,2020,"[10.1, 8.0, 10.2, 14.1, 12.3, 13.6, 17.1, 19.1, 21.2, 23.8, 23.8, 23.4, 17.9, 12.4, 6.6, 6.5, 4.3, 7.7, 9.5, 11.0, 4.3, 3.2, 8.6, 14.2, 19.8, 21.2, 13.7, 13.0, 13.9, 15.5]","[107.0, 98.0, 82.0, 86.0, 95.0, 101.0, 98.0, 88.0, 72.0, 61.0, 52.0, 46.0, 40.0, 36.0, 135.0, 124.0, 204.0, 242.0, 217.0, 203.0, 204.0, 297.0, 285.0, 263.0, 245.0, 235.0, 225.0, 236.0, 249.0, 252.0]"
6-2,Warriewood,north,110,2022-10-01,1,9.0,10,2022,"[19.2, 19.4, 19.6, 19.0, 20.1, 19.2, 19.3, 18.8, 17.9, 16.8, 16.8, 17.6, 17.4, 17.0, 15.3, 16.0, 16.1, 16.2, 16.1, 15.6, 18.3, 17.5, 16.6, 14.9, 13.5, 12.6, 8.9, 8.6, 9.3, 8.8]","[161.0, 153.0, 146.0, 145.0, 140.0, 143.0, 144.0, 148.0, 152.0, 159.0, 164.0, 169.0, 169.0, 167.0, 156.0, 156.0, 151.0, 145.0, 141.0, 139.0, 136.0, 130.0, 133.0, 133.0, 135.0, 138.0, 151.0, 139.0, 139.0, 154.0]"
6-2,Warriewood,north,110,2011-02-10,0,9.0,2,2011,"[16.7, 15.3, 13.8, 12.1, 10.8, 9.6, 8.0, 7.4, 6.3, 5.0, 4.6, 4.9, 5.0, 5.9, 7.4, 9.7, 9.9, 8.9, 10.2, 11.8, 13.6, 16.0, 20.1, 21.6, 20.0, 18.4, 18.6, 19.5, 17.9, 14.1]","[84.0, 81.0, 83.0, 80.0, 75.0, 70.0, 63.0, 61.0, 59.0, 60.0, 72.0, 73.0, 60.0, 52.0, 61.0, 48.0, 46.0, 58.0, 72.0, 70.0, 78.0, 76.0, 69.0, 62.0, 56.0, 50.0, 44.0, 38.0, 28.0, 19.0]"
6-2,Warriewood,north,110,2023-05-08,0,9.0,5,2023,"[27.0, 28.2, 25.2, 26.1, 29.3, 29.8, 30.8, 27.0, 26.7, 29.7, 32.5, 32.1, 31.3, 30.8, 25.0, 27.6, 29.6, 30.5, 30.4, 32.6, 30.1, 28.4, 26.6, 24.8, 22.2, 20.1, 19.7, 21.4, 22.6, 22.3]","[273.0, 266.0, 272.0, 258.0, 249.0, 247.0, 254.0, 270.0, 273.0, 264.0, 260.0, 257.0, 253.0, 247.0, 255.0, 255.0, 257.0, 247.0, 229.0, 218.0, 220.0, 219.0, 221.0, 221.0, 220.0, 227.0, 246.0, 245.0, 245.0, 247.0]"
6-2,Warriewood,north,110,2012-06-28,0,9.0,6,2012,"[9.8, 10.9, 11.9, 12.0, 11.6, 10.9, 9.3, 7.9, 6.0, 4.8, 4.0, 3.1, 2.9, 2.7, 3.9, 4.8, 4.3, 4.1, 3.2, 3.2, 4.2, 4.8, 4.1, 4.6, 4.7, 3.8, 5.7, 6.9, 7.3, 6.3]","[114.0, 107.0, 95.0, 97.0, 97.0, 99.0, 106.0, 114.0, 123.0, 117.0, 117.0, 126.0, 120.0, 113.0, 248.0, 243.0, 228.0, 218.0, 207.0, 180.0, 149.0, 132.0, 142.0, 141.0, 148.0, 131.0, 55.0, 43.0, 33.0, 13.0]"
6-3,Warriewood,north,110,2022-12-21,1,15.0,12,2022,"[18.5, 16.6, 12.9, 11.5, 10.5, 10.4, 10.5, 9.9, 8.8, 8.9, 9.6, 9.7, 10.3, 11.9, 11.5, 10.8, 11.1, 12.5, 13.4, 13.7, 15.2, 17.5, 16.6, 14.6, 13.0, 12.1, 10.1, 9.4, 9.1, 8.0]","[147.0, 148.0, 150.0, 153.0, 167.0, 178.0, 183.0, 182.0, 189.0, 216.0, 223.0, 220.0, 213.0, 191.0, 194.0, 183.0, 171.0, 153.0, 140.0, 128.0, 106.0, 92.0, 90.0, 89.0, 84.0, 80.0, 68.0, 66.0, 58.0, 48.0]"
6-3,Warriewood,north,110,2007-10-16,0,15.0,10,2007,"[10.8, 14.1, 15.8, 16.0, 16.6, 17.7, 18.1, 17.8, 18.3, 18.9, 20.0, 21.2, 22.2, 23.5, 22.8, 24.2, 27.4, 28.2, 27.9, 29.4, 29.1, 29.9, 23.9, 24.4, 22.7, 20.9, 19.4, 19.3, 18.0, 15.3]","[339.0, 302.0, 287.0, 293.0, 304.0, 308.0, 311.0, 313.0, 317.0, 320.0, 321.0, 320.0, 317.0, 311.0, 305.0, 303.0, 297.0, 293.0, 292.0, 289.0, 279.0, 271.0, 233.0, 171.0, 157.0, 151.0, 149.0, 147.0, 143.0, 137.0]"
6-3,Warriewood,north,110,2025-03-16,0,15.0,3,2025,"[18.8, 20.3, 18.1, 18.8, 19.2, 19.2, 18.3, 17.6, 17.4, 16.9, 16.7, 17.3, 18.1, 19.6, 18.2, 18.1, 18.5, 18.1, 16.7, 15.6, 14.6, 13.4, 14.5, 14.7, 16.4, 18.4, 19.2, 19.2, 19.8, 19.9]","[41.0, 30.0, 16.0, 12.0, 12.0, 11.0, 6.0, 360.0, 355.0, 348.0, 343.0, 339.0, 335.0, 328.0, 322.0, 318.0, 308.0, 303.0, 304.0, 309.0, 315.0, 324.0, 328.0, 332.0, 333.0, 335.0, 334.0, 334.0, 327.0, 317.0]"
6-3,Warriewood,north,110,2011-03-23,0,15.0,3,2011,"[6.1, 7.1, 2.5, 4.0, 5.8, 5.7, 5.0, 6.1, 8.0, 9.9, 10.9, 11.3, 11.1, 11.5, 11.8, 12.3, 12.5, 10.7, 9.2, 7.2, 5.2, 4.7, 4.5, 6.6, 10.8, 15.9, 17.7, 16.2, 15.1, 14.4]","[130.0, 139.0, 135.0, 260.0, 263.0, 252.0, 249.0, 270.0, 280.0, 280.0, 279.0, 277.0, 283.0, 290.0, 301.0, 302.0, 303.0, 303.0, 301.0, 297.0, 295.0, 293.0, 299.0, 292.0, 285.0, 276.0, 265.0, 266.0, 269.0, 273.0]"
6-4,Warriewood,north,110,2024-03-16,1,,3,2024,"[19.5, 19.3, 16.6, 16.6, 15.6, 15.3, 14.5, 12.2, 10.4, 9.7, 9.2, 8.7, 8.3, 8.9, 5.9, 8.2, 11.1, 9.8, 9.0, 9.7, 11.7, 12.0, 13.0, 13.0, 12.3, 11.4, 12.6, 12.6, 14.1, 14.8]","[141.0, 143.0, 141.0, 141.0, 142.0, 141.0, 136.0, 135.0, 136.0, 138.0, 135.0, 128.0, 124.0, 122.0, 137.0, 131.0, 119.0, 107.0, 90.0, 92.0, 101.0, 97.0, 93.0, 90.0, 87.0, 79.0, 63.0, 63.0, 58.0, 51.0]"
6-4,Warriewood,north,110,2025-06-16,0,,6,2025,"[6.9, 13.4, 8.2, 7.7, 7.2, 7.6, 7.0, 7.4, 8.5, 8.3, 7.8, 7.8, 7.8, 7.6, 9.0, 9.2, 9.1, 6.5, 4.3, 4.2, 3.6, 3.4, 4.2, 6.4, 7.9, 8.9, 11.0, 13.2, 13.2, 12.6]","[242.0, 231.0, 244.0, 245.0, 231.0, 242.0, 257.0, 266.0, 270.0, 268.0, 263.0, 263.0, 265.0, 269.0, 296.0, 293.0, 291.0, 284.0, 292.0, 313.0, 330.0, 357.0, 31.0, 36.0, 24.0, 9.0, 358.0, 340.0, 323.0, 314.0]"
6-4,Warriewood,north,110,2008-04-07,0,,4,2008,"[12.3, 10.7, 12.5, 13.5, 12.1, 10.2, 9.3, 9.5, 9.7, 9.7, 9.7, 10.2, 10.6, 11.7, 10.5, 12.6, 13.2, 13.9, 15.1, 17.0, 16.9, 15.0, 16.5, 14.5, 13.1, 13.7, 13.3, 13.7, 14.0, 14.8]","[128.0, 135.0, 139.0, 146.0, 153.0, 162.0, 167.0, 169.0, 176.0, 180.0, 184.0, 188.0, 190.0, 191.0, 186.0, 178.0, 169.0, 159.0, 152.0, 144.0, 140.0, 145.0, 148.0, 157.0, 172.0, 185.0, 180.0, 180.0, 181.0, 176.0]"
6-4,Warriewood,north,110,2014-07-11,0,,7,2014,"[27.4, 28.5, 26.8, 27.3, 27.1, 25.6, 23.9, 22.7, 22.0, 22.0, 21.7, 22.1, 21.3, 19.8, 17.7, 17.8, 19.2, 17.2, 15.5, 15.3, 14.6, 13.8, 14.1, 15.6, 17.1, 18.1, 18.1, 15.7, 14.5, 14.5]","[280.0, 280.0, 290.0, 288.0, 287.0, 284.0, 281.0, 281.0, 281.0, 281.0, 282.0, 282.0, 282.0, 282.0, 290.0, 284.0, 275.0, 280.0, 283.0, 285.0, 280.0, 277.0, 276.0, 277.0, 277.0, 276.0, 276.0, 279.0, 289.0, 297.0]"
6-5,Warriewood,north,110,2024-09-17,1,14.0,9,2024,"[14.0, 12.0, 12.8, 13.3, 15.3, 15.3, 14.5, 15.2, 16.2, 16.1, 14.4, 11.7, 10.6, 10.6, 8.3, 7.3, 5.6, 6.6, 5.4, 2.4, 3.2, 7.9, 11.2, 13.9, 13.7, 12.2, 7.6, 7.8, 9.1, 10.6]","[150.0, 164.0, 180.0, 193.0, 197.0, 199.0, 200.0, 197.0, 195.0, 196.0, 203.0, 216.0, 231.0, 242.0, 259.0, 247.0, 239.0, 248.0, 244.0, 243.0, 43.0, 45.0, 46.0, 50.0, 40.0, 20.0, 12.0, 341.0, 306.0, 289.0]"
6-5,Warriewood,north,110,2012-03-27,0,14.0,3,2012,"[16.3, 14.8, 15.1, 13.8, 12.6, 11.0, 10.5, 9.2, 8.0, 8.8, 8.4, 7.4, 7.7, 8.6, 6.5, 6.8, 8.5, 9.3, 10.0, 11.6, 13.9, 14.9, 15.1, 14.3, 13.2, 14.2, 12.9, 13.6, 12.7, 11.1]","[49.0, 43.0, 38.0, 33.0, 27.0, 19.0, 16.0, 11.0, 10.0, 19.0, 20.0, 14.0, 11.0, 15.0, 360.0, 18.0, 28.0, 36.0, 52.0, 68.0, 73.0, 75.0, 72.0, 72.0, 73.0, 66.0, 63.0, 58.0, 55.0, 54.0]"
6-5,Warriewood,north,110,2016-03-03,0,14.0,3,2016,"[22.5, 22.4, 21.5, 19.7, 17.3, 15.3, 13.4, 11.6, 10.5, 9.7, 10.0, 10.2, 11.2, 12.4, 10.6, 11.1, 13.2, 14.3, 15.5, 16.9, 19.8, 22.7, 24.3, 23.1, 21.7, 20.9, 19.4, 17.3, 15.0, 13.3]","[49.0, 42.0, 38.0, 31.0, 23.0, 19.0, 20.0, 22.0, 27.0, 31.0, 41.0, 42.0, 40.0, 36.0, 28.0, 36.0, 43.0, 47.0, 54.0, 61.0, 63.0, 63.0, 61.0, 59.0, 58.0, 54.0, 50.0, 47.0, 48.0, 49.0]"
6-5,Warriewood,north,110,2020-04-04,0,14.0,4,2020,"[15.9, 17.8, 16.8, 19.0, 18.9, 19.1, 19.5, 19.8, 19.1, 20.6, 23.4, 24.6, 23.3, 22.6, 20.5, 19.9, 21.6, 24.4, 28.6, 31.1, 30.6, 27.7, 25.9, 24.8, 22.5, 21.7, 16.0, 15.8, 15.2, 15.0]","[39.0, 21.0, 23.0, 19.0, 8.0, 359.0, 357.0, 358.0, 1.0, 4.0, 360.0, 354.0, 352.0, 351.0, 322.0, 315.0, 307.0, 304.0, 301.0, 295.0, 290.0, 286.0, 286.0, 287.0, 290.0, 289.0, 301.0, 305.0, 306.0, 305.0]"
6-6,Warriewood,north,110,2024-10-27,1,12.0,10,2024,"[14.7, 12.2, 6.0, 6.2, 6.3, 5.8, 6.1, 6.7, 6.5, 7.2, 6.6, 6.6, 6.3, 7.6, 7.2, 8.2, 8.7, 7.9, 5.4, 4.9, 7.5, 9.5, 13.6, 16.8, 17.3, 17.3, 13.8, 13.8, 13.0, 12.0]","[125.0, 119.0, 115.0, 102.0, 75.0, 26.0, 360.0, 346.0, 354.0, 335.0, 334.0, 334.0, 336.0, 352.0, 341.0, 350.0, 347.0, 348.0, 6.0, 51.0, 60.0, 68.0, 72.0, 67.0, 57.0, 47.0, 32.0, 21.0, 6.0, 351.0]"
6-6,Warriewood,north,110,2024-09-22,0,12.0,9,2024,"[19.1, 17.7, 16.4, 12.8, 11.7, 12.5, 13.6, 14.4, 14.9, 15.2, 14.8, 14.7, 15.0, 15.5, 14.7, 14.7, 12.6, 12.0, 12.6, 13.3, 11.9, 9.4, 9.5, 8.2, 9.3, 12.3, 14.0, 12.6, 11.6, 10.3]","[279.0, 279.0, 273.0, 284.0, 299.0, 310.0, 313.0, 313.0, 313.0, 312.0, 311.0, 312.0, 313.0, 316.0, 317.0, 313.0, 303.0, 291.0, 283.0, 288.0, 284.0, 287.0, 271.0, 256.0, 260.0, 266.0, 263.0, 273.0, 282.0, 285.0]"
6-6,Warriewood,north,110,2014-03-08,0,12.0,3,2014,"[13.6, 13.8, 14.8, 14.6, 14.8, 15.0, 13.8, 11.5, 11.0, 9.8, 11.5, 11.3, 11.3, 7.9, 7.4, 9.4, 11.5, 12.6, 13.8, 15.6, 16.9, 18.2, 19.2, 18.0, 17.3, 15.9, 12.3, 11.3, 9.9, 10.9]","[58.0, 47.0, 41.0, 40.0, 43.0, 42.0, 39.0, 44.0, 49.0, 54.0, 44.0, 37.0, 37.0, 43.0, 29.0, 43.0, 49.0, 53.0, 62.0, 67.0, 74.0, 81.0, 84.0, 87.0, 88.0, 86.0, 87.0, 73.0, 57.0, 46.0]"
6-6,Warriewood,north,110,2009-08-25,0,12.0,8,2009,"[18.1, 22.7, 19.2, 17.3, 15.6, 15.5, 15.0, 16.8, 20.0, 24.8, 30.3, 32.0, 31.2, 30.7, 28.1, 23.7, 19.8, 19.5, 20.4, 20.0, 19.7, 19.2, 19.6, 18.2, 18.1, 18.5, 20.7, 22.4, 23.7, 24.8]","[313.0, 317.0, 322.0, 317.0, 320.0, 335.0, 339.0, 332.0, 322.0, 306.0, 290.0, 285.0, 277.0, 275.0, 279.0, 279.0, 282.0, 282.0, 279.0, 277.0, 278.0, 283.0, 287.0, 288.0, 291.0, 297.0, 309.0, 314.0, 303.0, 300.0]"
6-7,Warriewood,north,110,2024-12-19,1,9.0,12,2024,"[30.3, 28.2, 23.9, 21.8, 21.5, 20.5, 19.1, 16.4, 13.5, 12.3, 11.8, 12.2, 12.1, 14.3, 16.1, 17.9, 19.2, 19.6, 20.0, 20.2, 20.1, 20.2, 20.1, 20.0, 20.1, 18.6, 16.5, 15.9, 14.8, 13.4]","[169.0, 168.0, 159.0, 152.0, 147.0, 145.0, 142.0, 137.0, 136.0, 141.0, 147.0, 155.0, 162.0, 162.0, 164.0, 161.0, 160.0, 158.0, 157.0, 156.0, 156.0, 156.0, 158.0, 161.0, 162.0, 162.0, 170.0, 177.0, 180.0, 185.0]"
6-7,Warriewood,north,110,2014-04-21,0,9.0,4,2014,"[12.6, 12.9, 10.4, 11.0, 8.3, 7.1, 10.4, 14.8, 16.0, 14.4, 13.0, 12.0, 11.8, 12.1, 10.9, 10.5, 9.8, 7.9, 4.4, 2.5, 1.5, 2.5, 4.2, 4.6, 5.1, 4.2, 1.0, 1.3, 3.1, 4.4]","[63.0, 54.0, 44.0, 32.0, 5.0, 319.0, 256.0, 227.0, 216.0, 217.0, 222.0, 231.0, 239.0, 247.0, 253.0, 254.0, 253.0, 254.0, 261.0, 270.0, 225.0, 180.0, 160.0, 141.0, 129.0, 121.0, 45.0, 304.0, 291.0, 305.0]"
6-7,Warriewood,north,110,2013-12-20,0,9.0,12,2013,"[21.8, 21.6, 18.9, 17.9, 15.9, 14.3, 13.5, 12.6, 11.1, 9.8, 9.7, 10.5, 10.4, 9.7, 8.2, 8.4, 6.7, 3.3, 4.2, 7.5, 10.5, 13.4, 14.4, 13.0, 13.5, 14.3, 15.5, 16.7, 16.5, 16.0]","[51.0, 46.0, 42.0, 34.0, 28.0, 25.0, 25.0, 24.0, 25.0, 24.0, 15.0, 6.0, 360.0, 358.0, 345.0, 340.0, 344.0, 6.0, 70.0, 73.0, 68.0, 63.0, 53.0, 39.0, 34.0, 34.0, 31.0, 25.0, 20.0, 14.0]"
6-7,Warriewood,north,110,2010-09-13,0,9.0,9,2010,"[16.6, 17.6, 14.5, 14.0, 12.8, 11.6, 10.7, 10.2, 10.0, 9.8, 10.3, 10.8, 12.0, 12.6, 11.9, 12.8, 14.5, 16.8, 18.1, 16.3, 15.0, 15.5, 12.6, 8.4, 7.8, 8.0, 9.4, 9.0, 6.8, 6.3]","[56.0, 43.0, 30.0, 12.0, 349.0, 324.0, 303.0, 293.0, 291.0, 294.0, 299.0, 307.0, 309.0, 307.0, 295.0, 286.0, 276.0, 261.0, 257.0, 256.0, 253.0, 248.0, 239.0, 230.0, 248.0, 260.0, 274.0, 268.0, 273.0, 283.0]"
6-8,Warriewood,north,110,2026-05-29,1,14.0,5,2026,"[19.1, 20.3, 21.3, 20.4, 19.2, 19.7, 20.5, 21.4, 22.9, 24.9, 27.1, 28.5, 29.0, 30.6, 29.0, 29.3, 29.8, 28.6, 25.9, 24.2, 22.1, 18.9, 17.7, 15.9, 14.1, 12.9, 6.0, 7.7, 10.9, 12.5]","[181.0, 181.0, 165.0, 168.0, 170.0, 166.0, 167.0, 174.0, 182.0, 190.0, 196.0, 196.0, 200.0, 205.0, 203.0, 208.0, 210.0, 209.0, 205.0, 205.0, 205.0, 195.0, 184.0, 184.0, 195.0, 213.0, 201.0, 242.0, 257.0, 255.0]"
6-8,Warriewood,north,110,2021-01-12,0,14.0,1,2021,"[21.0, 19.5, 16.9, 17.6, 18.6, 18.1, 15.9, 13.8, 12.4, 10.9, 9.8, 9.3, 10.1, 10.2, 8.0, 7.4, 7.3, 7.4, 8.1, 9.8, 12.0, 14.2, 15.1, 16.1, 16.8, 16.9, 15.4, 12.8, 9.4, 8.2]","[55.0, 51.0, 52.0, 47.0, 43.0, 35.0, 25.0, 15.0, 8.0, 8.0, 8.0, 13.0, 17.0, 23.0, 27.0, 29.0, 33.0, 43.0, 58.0, 66.0, 69.0, 66.0, 62.0, 56.0, 55.0, 56.0, 53.0, 50.0, 50.0, 67.0]"
6-8,Warriewood,north,110,2011-12-28,0,14.0,12,2011,"[22.6, 21.9, 19.1, 19.1, 20.4, 20.9, 22.0, 22.0, 22.4, 22.9, 23.0, 23.0, 22.2, 22.6, 20.3, 20.0, 19.1, 18.7, 19.5, 20.7, 20.4, 21.0, 22.4, 22.6, 21.9, 20.6, 17.2, 16.7, 15.7, 15.3]","[166.0, 166.0, 164.0, 168.0, 172.0, 176.0, 179.0, 181.0, 185.0, 188.0, 189.0, 189.0, 188.0, 188.0, 193.0, 188.0, 184.0, 181.0, 176.0, 172.0, 171.0, 173.0, 174.0, 171.0, 166.0, 164.0, 160.0, 161.0, 164.0, 171.0]"
6-8,Warriewood,north,110,2021-09-29,0,14.0,9,2021,"[20.9, 21.7, 18.4, 18.6, 18.3, 16.8, 14.5, 13.2, 13.2, 13.1, 12.7, 12.4, 12.4, 12.0, 7.4, 9.0, 11.2, 13.8, 14.2, 12.9, 10.9, 15.3, 15.5, 13.2, 14.1, 14.9, 13.2, 14.3, 15.9, 16.8]","[54.0, 48.0, 48.0, 43.0, 36.0, 31.0, 23.0, 17.0, 17.0, 9.0, 8.0, 10.0, 8.0, 9.0, 29.0, 37.0, 48.0, 47.0, 30.0, 23.0, 27.0, 24.0, 12.0, 22.0, 32.0, 37.0, 45.0, 28.0, 13.0, 15.0]"
7-0,Narrabeen,north,110,2021-03-02,1,15.0,3,2021,"[16.6, 15.0, 5.5, 6.2, 10.0, 18.6, 24.2, 24.6, 22.3, 20.8, 18.5, 15.9, 13.7, 12.6, 11.2, 12.6, 14.5, 16.5, 19.3, 23.5, 25.3, 25.0, 22.8, 20.4, 18.6, 17.9, 16.3, 15.1, 13.7, 13.1]","[34.0, 21.0, 337.0, 306.0, 255.0, 221.0, 198.0, 192.0, 189.0, 189.0, 187.0, 185.0, 185.0, 183.0, 182.0, 180.0, 173.0, 164.0, 156.0, 151.0, 147.0, 147.0, 145.0, 144.0, 144.0, 150.0, 158.0, 162.0, 166.0, 171.0]"
7-0,Narrabeen,north,110,2021-05-03,0,15.0,5,2021,"[11.7, 11.0, 9.2, 9.8, 10.0, 10.5, 10.0, 9.2, 8.0, 7.2, 6.0, 5.4, 5.4, 5.4, 5.0, 6.3, 5.5, 3.3, 0.0, 2.5, 4.7, 6.8, 6.6, 8.4, 10.5, 12.0, 8.9, 10.7, 11.2, 9.9]","[56.0, 52.0, 42.0, 36.0, 30.0, 27.0, 26.0, 21.0, 10.0, 360.0, 343.0, 318.0, 307.0, 307.0, 300.0, 294.0, 281.0, 283.0, 270.0, 82.0, 67.0, 58.0, 61.0, 59.0, 52.0, 41.0, 14.0, 12.0, 4.0, 350.0]"
7-0,Narrabeen,north,110,2020-07-14,0,15.0,7,2020,"[10.9, 12.4, 12.8, 15.7, 18.2, 20.9, 23.8, 25.0, 25.5, 24.9, 28.1, 31.3, 32.1, 35.3, 34.0, 35.0, 37.0, 36.1, 36.1, 35.1, 34.9, 34.0, 35.5, 34.0, 33.5, 33.2, 29.5, 30.4, 31.1, 31.3]","[224.0, 248.0, 248.0, 250.0, 240.0, 229.0, 219.0, 216.0, 227.0, 239.0, 234.0, 227.0, 217.0, 206.0, 190.0, 197.0, 202.0, 203.0, 206.0, 199.0, 196.0, 200.0, 203.0, 207.0, 212.0, 214.0, 215.0, 216.0, 221.0, 223.0]"
7-0,Narrabeen,north,110,2007-08-08,0,15.0,8,2007,"[15.5, 16.6, 16.2, 16.9, 17.1, 17.7, 17.9, 18.0, 17.7, 17.8, 17.8, 17.8, 17.6, 17.6, 17.6, 16.9, 17.5, 16.3, 15.4, 15.2, 15.0, 14.5, 13.8, 12.9, 13.1, 14.8, 15.8, 16.5, 17.1, 17.9]","[36.0, 24.0, 13.0, 2.0, 353.0, 343.0, 335.0, 327.0, 321.0, 315.0, 312.0, 312.0, 314.0, 314.0, 313.0, 308.0, 302.0, 301.0, 303.0, 301.0, 300.0, 305.0, 309.0, 306.0, 307.0, 313.0, 315.0, 316.0, 312.0, 310.0]"
7-1,Narrabeen,north,110,2021-03-04,1,11.0,3,2021,"[14.1, 13.6, 10.2, 9.3, 8.4, 9.4, 9.1, 7.8, 6.2, 4.7, 2.9, 2.5, 4.0, 5.4, 4.7, 4.0, 4.9, 8.6, 8.6, 5.8, 4.4, 8.4, 12.7, 15.1, 15.8, 16.0, 12.4, 13.1, 13.4, 12.3]","[130.0, 130.0, 148.0, 144.0, 137.0, 140.0, 146.0, 158.0, 173.0, 180.0, 210.0, 262.0, 270.0, 262.0, 247.0, 260.0, 324.0, 338.0, 327.0, 338.0, 35.0, 65.0, 65.0, 57.0, 41.0, 31.0, 22.0, 16.0, 8.0, 355.0]"
7-1,Narrabeen,north,110,2019-08-31,0,11.0,8,2019,"[27.0, 25.8, 20.2, 20.2, 19.4, 18.9, 18.1, 17.7, 18.0, 17.7, 18.4, 18.0, 18.4, 18.8, 18.4, 19.2, 20.2, 22.4, 22.7, 21.6, 23.5, 23.8, 22.0, 18.8, 16.7, 15.0, 14.0, 14.0, 13.0, 11.2]","[167.0, 165.0, 161.0, 164.0, 170.0, 171.0, 174.0, 178.0, 182.0, 184.0, 179.0, 179.0, 182.0, 183.0, 191.0, 186.0, 181.0, 176.0, 176.0, 181.0, 184.0, 180.0, 177.0, 184.0, 186.0, 190.0, 209.0, 209.0, 208.0, 213.0]"
7-1,Narrabeen,north,110,2020-03-29,0,11.0,3,2020,"[13.5, 15.9, 11.4, 12.8, 13.0, 12.5, 13.7, 14.8, 16.3, 15.5, 14.2, 13.9, 14.5, 13.5, 9.7, 11.2, 12.0, 12.7, 12.5, 11.0, 10.9, 14.3, 16.4, 17.6, 17.6, 18.3, 13.7, 13.7, 14.5, 13.6]","[99.0, 85.0, 62.0, 58.0, 51.0, 46.0, 45.0, 45.0, 43.0, 36.0, 30.0, 31.0, 35.0, 34.0, 42.0, 42.0, 44.0, 45.0, 39.0, 38.0, 46.0, 56.0, 57.0, 49.0, 41.0, 36.0, 35.0, 35.0, 30.0, 17.0]"
7-1,Narrabeen,north,110,2009-11-02,0,11.0,11,2009,"[16.9, 15.8, 13.8, 13.1, 11.1, 9.4, 8.0, 6.4, 2.5, 2.9, 6.4, 8.2, 10.7, 12.6, 10.1, 8.6, 8.3, 9.2, 11.7, 16.0, 17.4, 15.9, 13.6, 12.1, 10.9, 7.8, 6.4, 9.4, 7.9, 7.7]","[50.0, 41.0, 41.0, 32.0, 25.0, 23.0, 18.0, 16.0, 360.0, 263.0, 223.0, 209.0, 194.0, 180.0, 184.0, 165.0, 146.0, 129.0, 124.0, 126.0, 128.0, 129.0, 127.0, 127.0, 134.0, 167.0, 164.0, 157.0, 177.0, 221.0]"
7-2,Narrabeen,north,110,2022-07-12,1,16.0,7,2022,"[7.4, 7.0, 3.4, 3.9, 5.0, 5.8, 5.6, 5.7, 5.5, 6.1, 5.3, 5.2, 5.4, 5.4, 7.8, 7.1, 6.6, 7.2, 6.4, 4.9, 3.3, 2.4, 2.0, 2.9, 4.3, 5.3, 4.5, 4.6, 5.3, 7.4]","[180.0, 183.0, 245.0, 257.0, 272.0, 275.0, 274.0, 279.0, 281.0, 284.0, 282.0, 286.0, 285.0, 285.0, 289.0, 289.0, 287.0, 284.0, 281.0, 280.0, 261.0, 228.0, 185.0, 133.0, 90.0, 57.0, 344.0, 329.0, 305.0, 288.0]"
7-2,Narrabeen,north,110,2017-12-24,0,16.0,12,2017,"[20.4, 20.6, 17.4, 14.1, 11.1, 9.8, 8.0, 4.7, 5.1, 6.1, 7.0, 7.9, 8.7, 8.7, 9.0, 8.2, 8.9, 11.7, 10.9, 11.3, 10.0, 9.3, 26.3, 21.6, 12.8, 23.1, 25.9, 22.0, 23.5, 26.1]","[49.0, 43.0, 38.0, 38.0, 29.0, 17.0, 10.0, 9.0, 8.0, 357.0, 348.0, 336.0, 330.0, 336.0, 331.0, 345.0, 328.0, 11.0, 8.0, 351.0, 13.0, 126.0, 144.0, 86.0, 74.0, 176.0, 159.0, 169.0, 169.0, 165.0]"
7-2,Narrabeen,north,110,2022-05-12,0,16.0,5,2022,"[15.3, 16.2, 14.8, 15.0, 15.6, 16.3, 18.6, 20.6, 21.4, 20.4, 20.0, 20.5, 20.2, 20.8, 18.9, 21.2, 23.0, 23.6, 25.7, 25.2, 24.0, 22.6, 23.9, 23.6, 21.7, 19.8, 17.5, 18.9, 18.9, 19.2]","[60.0, 60.0, 60.0, 51.0, 51.0, 47.0, 44.0, 45.0, 45.0, 45.0, 46.0, 47.0, 45.0, 42.0, 41.0, 41.0, 41.0, 40.0, 40.0, 39.0, 36.0, 37.0, 37.0, 35.0, 30.0, 24.0, 30.0, 31.0, 27.0, 25.0]"
7-2,Narrabeen,north,110,2011-06-29,0,16.0,6,2011,"[16.9, 16.9, 13.8, 15.3, 15.4, 15.0, 14.3, 13.3, 13.8, 14.3, 15.8, 16.3, 15.5, 14.0, 13.5, 13.5, 13.6, 14.3, 17.1, 16.1, 15.8, 15.0, 14.7, 14.5, 14.9, 14.8, 14.2, 13.8, 13.6, 13.9]","[168.0, 169.0, 174.0, 171.0, 164.0, 156.0, 152.0, 147.0, 141.0, 137.0, 135.0, 133.0, 132.0, 138.0, 138.0, 132.0, 127.0, 124.0, 118.0, 114.0, 111.0, 111.0, 112.0, 113.0, 110.0, 104.0, 99.0, 99.0, 101.0, 100.0]"
8-0,Collaroy,north,105,2011-11-04,1,18.0,11,2011,"[7.1, 6.2, 7.2, 5.4, 5.2, 5.6, 4.3, 2.3, 1.1, 2.3, 3.9, 4.4, 4.8, 4.0, 2.3, 2.3, 6.1, 8.8, 10.1, 11.3, 12.1, 14.0, 14.5, 14.8, 13.0, 11.2, 9.4, 7.6, 7.6, 8.3]","[105.0, 100.0, 90.0, 98.0, 78.0, 63.0, 48.0, 51.0, 180.0, 219.0, 214.0, 215.0, 207.0, 185.0, 219.0, 129.0, 118.0, 109.0, 107.0, 107.0, 107.0, 102.0, 96.0, 93.0, 93.0, 96.0, 97.0, 90.0, 82.0, 72.0]"
8-0,Collaroy,north,105,2009-08-31,0,18.0,8,2009,"[20.2, 19.6, 19.5, 18.4, 16.6, 15.5, 14.2, 13.0, 11.9, 11.7, 11.8, 12.7, 13.6, 14.3, 15.0, 15.5, 15.3, 14.8, 14.5, 13.3, 13.1, 12.4, 11.8, 12.5, 15.7, 16.2, 13.0, 11.8, 12.4, 12.8]","[265.0, 263.0, 266.0, 264.0, 266.0, 265.0, 261.0, 264.0, 275.0, 288.0, 297.0, 305.0, 310.0, 311.0, 314.0, 301.0, 289.0, 283.0, 277.0, 268.0, 261.0, 253.0, 250.0, 252.0, 254.0, 257.0, 268.0, 290.0, 300.0, 302.0]"
8-0,Collaroy,north,105,2016-05-16,0,18.0,5,2016,"[14.0, 13.8, 12.8, 13.0, 12.5, 11.5, 10.2, 9.2, 7.8, 6.4, 5.8, 6.4, 7.0, 7.7, 8.7, 5.8, 2.9, 1.8, 3.6, 6.9, 10.7, 13.2, 13.2, 14.0, 14.8, 15.4, 12.0, 13.8, 14.4, 12.8]","[318.0, 317.0, 310.0, 318.0, 319.0, 311.0, 302.0, 296.0, 292.0, 286.0, 270.0, 254.0, 249.0, 259.0, 275.0, 270.0, 277.0, 11.0, 45.0, 51.0, 48.0, 43.0, 45.0, 46.0, 41.0, 33.0, 16.0, 15.0, 4.0, 350.0]"
8-0,Collaroy,north,105,2014-07-07,0,18.0,7,2014,"[18.8, 18.0, 18.4, 17.6, 17.0, 17.3, 16.7, 16.8, 17.2, 16.9, 16.2, 16.0, 16.2, 16.6, 15.9, 15.9, 16.5, 14.4, 13.3, 13.6, 14.2, 14.9, 14.4, 15.7, 17.4, 16.5, 16.1, 13.7, 12.6, 11.5]","[266.0, 271.0, 281.0, 281.0, 276.0, 270.0, 264.0, 261.0, 259.0, 258.0, 258.0, 262.0, 269.0, 270.0, 275.0, 267.0, 259.0, 257.0, 257.0, 253.0, 240.0, 233.0, 233.0, 238.0, 243.0, 250.0, 260.0, 265.0, 268.0, 272.0]"
8-1,Collaroy,north,105,2016-02-13,1,,2,2016,"[17.1, 16.2, 15.7, 15.5, 13.2, 11.0, 9.7, 9.2, 8.4, 7.3, 6.5, 6.6, 8.2, 7.8, 8.0, 8.4, 8.0, 8.2, 9.6, 12.4, 14.7, 17.1, 19.2, 20.2, 19.9, 19.1, 17.9, 17.8, 17.1, 15.5]","[65.0, 58.0, 58.0, 54.0, 47.0, 38.0, 31.0, 26.0, 20.0, 9.0, 3.0, 9.0, 15.0, 13.0, 18.0, 20.0, 27.0, 41.0, 56.0, 64.0, 65.0, 62.0, 56.0, 51.0, 46.0, 41.0, 38.0, 32.0, 25.0, 18.0]"
8-1,Collaroy,north,105,2012-01-22,0,,1,2012,"[16.2, 16.9, 15.6, 13.9, 13.5, 14.3, 16.1, 16.9, 17.4, 18.8, 20.0, 21.0, 22.5, 23.2, 25.2, 24.4, 22.4, 21.8, 22.3, 22.5, 23.1, 23.4, 24.1, 24.8, 24.0, 23.4, 22.3, 21.9, 21.6, 21.3]","[143.0, 146.0, 140.0, 149.0, 151.0, 155.0, 153.0, 156.0, 162.0, 163.0, 162.0, 158.0, 153.0, 152.0, 137.0, 135.0, 138.0, 141.0, 142.0, 141.0, 143.0, 143.0, 142.0, 140.0, 137.0, 133.0, 124.0, 123.0, 120.0, 118.0]"
8-1,Collaroy,north,105,2020-05-15,0,,5,2020,"[20.1, 21.7, 17.9, 20.0, 19.2, 17.8, 17.4, 17.4, 16.6, 16.2, 16.3, 16.7, 16.7, 16.9, 18.6, 18.9, 19.2, 21.3, 21.6, 21.2, 20.5, 19.8, 18.4, 15.3, 13.7, 11.3, 9.8, 11.4, 12.0, 11.7]","[190.0, 187.0, 195.0, 188.0, 186.0, 188.0, 193.0, 198.0, 207.0, 212.0, 215.0, 217.0, 217.0, 218.0, 221.0, 222.0, 210.0, 191.0, 183.0, 180.0, 179.0, 179.0, 174.0, 165.0, 150.0, 143.0, 152.0, 145.0, 141.0, 137.0]"
8-1,Collaroy,north,105,2021-06-21,0,,6,2021,"[21.4, 22.1, 19.5, 19.0, 18.7, 18.0, 17.8, 17.1, 16.7, 16.5, 16.2, 16.4, 16.4, 16.5, 15.8, 16.9, 17.9, 18.6, 18.1, 16.8, 15.9, 14.8, 12.6, 11.0, 10.8, 10.7, 11.9, 11.9, 11.5, 10.9]","[193.0, 187.0, 205.0, 205.0, 199.0, 196.0, 194.0, 195.0, 194.0, 196.0, 201.0, 206.0, 209.0, 212.0, 215.0, 220.0, 210.0, 198.0, 193.0, 189.0, 183.0, 181.0, 185.0, 191.0, 195.0, 200.0, 215.0, 215.0, 212.0, 207.0]"
8-2,Collaroy,north,105,2016-11-17,1,9.0,11,2016,"[17.4, 15.3, 15.4, 16.4, 16.8, 15.9, 14.4, 12.7, 11.3, 10.1, 8.6, 6.9, 6.6, 6.3, 5.0, 5.4, 6.6, 9.4, 12.0, 14.7, 17.1, 19.0, 20.3, 20.2, 19.7, 19.6, 18.1, 17.1, 15.5, 14.1]","[146.0, 153.0, 159.0, 161.0, 157.0, 155.0, 158.0, 165.0, 173.0, 176.0, 182.0, 189.0, 189.0, 167.0, 150.0, 110.0, 99.0, 90.0, 83.0, 79.0, 75.0, 71.0, 65.0, 59.0, 50.0, 41.0, 31.0, 22.0, 12.0, 3.0]"
8-2,Collaroy,north,105,2018-07-02,0,9.0,7,2018,"[9.7, 10.4, 9.5, 10.6, 10.5, 10.0, 9.8, 9.4, 9.2, 9.9, 9.4, 9.3, 9.9, 9.2, 6.2, 5.2, 5.5, 6.5, 7.4, 8.5, 10.9, 11.5, 11.7, 9.4, 9.2, 9.4, 2.3, 2.5, 5.7, 7.7]","[135.0, 134.0, 119.0, 118.0, 121.0, 120.0, 118.0, 122.0, 129.0, 134.0, 137.0, 144.0, 147.0, 141.0, 144.0, 146.0, 157.0, 146.0, 141.0, 144.0, 146.0, 141.0, 133.0, 133.0, 135.0, 122.0, 141.0, 225.0, 252.0, 242.0]"
8-2,Collaroy,north,105,2010-12-05,0,9.0,12,2010,"[15.1, 12.0, 12.5, 11.3, 11.3, 12.0, 11.5, 9.9, 7.6, 5.4, 3.1, 3.2, 3.6, 3.4, 4.8, 3.7, 5.9, 8.4, 11.2, 13.3, 17.1, 17.0, 16.2, 14.7, 14.1, 14.8, 13.4, 12.3, 11.9, 11.6]","[52.0, 49.0, 57.0, 63.0, 59.0, 51.0, 49.0, 44.0, 25.0, 4.0, 324.0, 270.0, 225.0, 198.0, 207.0, 169.0, 137.0, 115.0, 105.0, 88.0, 83.0, 73.0, 73.0, 79.0, 84.0, 86.0, 95.0, 93.0, 90.0, 83.0]"
8-2,Collaroy,north,105,2021-05-23,0,9.0,5,2021,"[7.2, 8.0, 5.2, 4.0, 5.2, 6.6, 6.9, 8.0, 9.0, 9.5, 9.3, 8.6, 8.2, 8.2, 8.4, 8.0, 8.7, 9.3, 9.4, 10.5, 11.5, 12.3, 11.9, 12.1, 12.7, 12.9, 8.4, 7.4, 6.9, 6.3]","[143.0, 144.0, 168.0, 207.0, 236.0, 241.0, 242.0, 243.0, 247.0, 245.0, 242.0, 237.0, 232.0, 229.0, 245.0, 243.0, 232.0, 216.0, 198.0, 186.0, 180.0, 177.0, 175.0, 168.0, 165.0, 162.0, 160.0, 157.0, 152.0, 156.0]"
8-3,Collaroy,north,105,2018-12-25,1,12.0,12,2018,"[20.9, 20.2, 17.1, 16.4, 15.7, 13.0, 10.6, 8.8, 7.2, 6.9, 6.9, 6.6, 7.3, 7.4, 3.3, 3.5, 4.1, 5.6, 8.1, 10.2, 12.4, 14.5, 15.8, 16.1, 14.9, 14.6, 14.3, 13.4, 11.1, 8.6]","[58.0, 50.0, 48.0, 40.0, 32.0, 24.0, 18.0, 12.0, 6.0, 6.0, 9.0, 13.0, 11.0, 14.0, 6.0, 24.0, 38.0, 63.0, 77.0, 82.0, 82.0, 76.0, 69.0, 63.0, 58.0, 52.0, 45.0, 36.0, 29.0, 22.0]"
8-3,Collaroy,north,105,2013-04-11,0,12.0,4,2013,"[11.8, 12.7, 12.8, 13.0, 13.0, 12.2, 11.0, 9.6, 7.9, 6.9, 6.6, 5.6, 6.0, 6.1, 5.5, 5.2, 5.6, 5.8, 4.6, 4.3, 5.5, 7.7, 10.8, 12.6, 13.4, 13.2, 12.3, 11.2, 10.4, 8.1]","[52.0, 45.0, 40.0, 28.0, 14.0, 358.0, 341.0, 326.0, 317.0, 313.0, 315.0, 320.0, 327.0, 332.0, 337.0, 335.0, 345.0, 360.0, 18.0, 48.0, 79.0, 79.0, 69.0, 63.0, 59.0, 55.0, 50.0, 48.0, 44.0, 32.0]"
8-3,Collaroy,north,105,2025-01-03,0,12.0,1,2025,"[19.3, 19.0, 16.0, 14.5, 13.0, 13.2, 12.6, 10.9, 10.1, 10.0, 9.7, 8.9, 8.7, 10.3, 7.4, 8.3, 8.8, 10.3, 12.8, 15.5, 17.9, 19.8, 20.5, 20.8, 20.9, 20.3, 18.0, 17.1, 15.8, 14.3]","[148.0, 145.0, 147.0, 146.0, 149.0, 149.0, 143.0, 140.0, 133.0, 123.0, 114.0, 108.0, 107.0, 102.0, 94.0, 95.0, 92.0, 85.0, 81.0, 78.0, 75.0, 73.0, 68.0, 64.0, 61.0, 57.0, 56.0, 56.0, 53.0, 48.0]"
8-3,Collaroy,north,105,2023-04-19,0,12.0,4,2023,"[11.4, 11.1, 10.4, 10.5, 8.9, 7.9, 7.3, 6.9, 6.5, 6.2, 5.8, 5.8, 5.9, 6.4, 6.2, 5.1, 5.6, 4.9, 4.5, 4.7, 4.8, 7.6, 10.6, 11.4, 11.3, 10.9, 9.1, 9.0, 5.1, 4.2]","[72.0, 65.0, 56.0, 49.0, 43.0, 30.0, 11.0, 354.0, 357.0, 7.0, 356.0, 338.0, 322.0, 313.0, 306.0, 309.0, 315.0, 343.0, 29.0, 58.0, 77.0, 85.0, 80.0, 72.0, 63.0, 56.0, 56.0, 53.0, 39.0, 200.0]"
8-4,Collaroy,north,105,2019-02-24,1,10.0,2,2019,"[29.7, 28.0, 19.5, 18.5, 18.8, 19.4, 20.6, 21.7, 23.7, 24.4, 24.0, 23.0, 21.9, 21.1, 19.8, 23.5, 23.8, 21.9, 20.7, 21.3, 21.3, 21.5, 20.9, 19.2, 17.7, 17.4, 17.3, 16.3, 16.0, 15.4]","[173.0, 173.0, 168.0, 172.0, 177.0, 181.0, 176.0, 169.0, 160.0, 161.0, 163.0, 163.0, 160.0, 157.0, 151.0, 144.0, 142.0, 139.0, 140.0, 141.0, 141.0, 140.0, 139.0, 140.0, 142.0, 146.0, 144.0, 145.0, 144.0, 143.0]"
8-4,Collaroy,north,105,2023-06-20,0,10.0,6,2023,"[21.2, 20.9, 19.2, 18.1, 20.1, 21.9, 24.5, 26.7, 27.1, 26.1, 25.0, 23.5, 21.7, 20.1, 15.1, 14.1, 14.6, 13.7, 15.3, 16.0, 15.2, 13.9, 11.9, 11.5, 11.6, 10.8, 9.8, 9.3, 10.5, 11.3]","[312.0, 312.0, 298.0, 291.0, 285.0, 279.0, 273.0, 267.0, 259.0, 255.0, 252.0, 249.0, 251.0, 255.0, 258.0, 251.0, 250.0, 240.0, 223.0, 216.0, 211.0, 205.0, 194.0, 180.0, 175.0, 180.0, 188.0, 208.0, 229.0, 239.0]"
8-4,Collaroy,north,105,2007-04-04,0,10.0,4,2007,"[13.5, 12.2, 11.8, 9.2, 7.2, 6.9, 7.6, 7.1, 6.7, 6.5, 9.4, 10.3, 10.4, 9.0, 7.0, 7.0, 8.6, 9.0, 9.4, 10.3, 11.6, 14.1, 14.4, 10.1, 9.5, 9.2, 11.0, 10.6, 9.6, 9.4]","[151.0, 161.0, 149.0, 154.0, 153.0, 152.0, 155.0, 156.0, 164.0, 174.0, 173.0, 168.0, 166.0, 164.0, 159.0, 145.0, 123.0, 113.0, 108.0, 102.0, 95.0, 86.0, 77.0, 63.0, 53.0, 42.0, 38.0, 24.0, 13.0, 4.0]"
8-4,Collaroy,north,105,2011-02-20,0,10.0,2,2011,"[11.0, 10.2, 13.0, 13.3, 14.0, 13.8, 12.8, 12.0, 11.8, 12.0, 9.9, 10.6, 8.4, 7.5, 8.8, 6.9, 3.3, 2.3, 4.6, 8.4, 11.9, 8.6, 9.7, 9.4, 10.2, 10.6, 6.0, 4.0, 4.7, 5.9]","[41.0, 32.0, 6.0, 347.0, 331.0, 327.0, 328.0, 327.0, 322.0, 316.0, 303.0, 305.0, 290.0, 287.0, 289.0, 264.0, 229.0, 141.0, 135.0, 130.0, 125.0, 105.0, 92.0, 83.0, 72.0, 66.0, 65.0, 100.0, 148.0, 169.0]"
8-5,Collaroy,north,105,2019-09-06,1,15.0,9,2019,"[11.9, 9.2, 9.3, 8.5, 7.8, 8.9, 10.8, 10.1, 10.1, 10.3, 11.1, 11.6, 13.2, 14.4, 10.3, 11.5, 10.8, 13.2, 16.4, 18.9, 17.8, 16.6, 16.2, 15.8, 25.4, 42.6, 30.5, 24.2, 25.0, 25.9]","[88.0, 69.0, 36.0, 28.0, 34.0, 40.0, 37.0, 35.0, 27.0, 29.0, 29.0, 30.0, 26.0, 22.0, 12.0, 356.0, 360.0, 11.0, 19.0, 18.0, 8.0, 1.0, 343.0, 313.0, 277.0, 259.0, 263.0, 285.0, 295.0, 302.0]"
8-5,Collaroy,north,105,2024-07-07,0,15.0,7,2024,"[12.6, 12.4, 7.8, 7.6, 7.8, 8.8, 10.0, 10.8, 11.5, 11.6, 12.2, 11.9, 10.6, 9.6, 5.0, 7.4, 8.9, 9.6, 9.8, 9.9, 9.5, 9.2, 8.4, 8.9, 9.6, 9.4, 5.0, 4.7, 5.1, 3.2]","[160.0, 156.0, 189.0, 199.0, 212.0, 219.0, 221.0, 224.0, 225.0, 216.0, 197.0, 190.0, 189.0, 188.0, 224.0, 223.0, 220.0, 218.0, 200.0, 179.0, 165.0, 145.0, 132.0, 132.0, 127.0, 121.0, 116.0, 113.0, 117.0, 137.0]"
8-5,Collaroy,north,105,2006-09-20,0,15.0,9,2006,"[20.1, 20.5, 20.4, 19.4, 18.6, 19.3, 20.8, 22.3, 23.7, 24.0, 24.1, 24.1, 23.5, 23.5, 23.7, 25.0, 25.4, 24.2, 22.5, 21.5, 19.0, 16.6, 10.3, 8.4, 9.7, 9.9, 7.1, 5.9, 5.8, 5.8]","[29.0, 22.0, 14.0, 1.0, 345.0, 336.0, 334.0, 337.0, 340.0, 341.0, 340.0, 338.0, 333.0, 333.0, 343.0, 345.0, 333.0, 319.0, 305.0, 291.0, 285.0, 274.0, 245.0, 200.0, 180.0, 170.0, 195.0, 223.0, 248.0, 263.0]"
8-5,Collaroy,north,105,2024-02-18,0,15.0,2,2024,"[10.3, 9.4, 6.9, 5.5, 5.7, 4.3, 2.9, 3.2, 2.6, 0.8, 1.1, 2.3, 4.0, 4.8, 4.8, 5.5, 5.2, 5.6, 7.1, 10.1, 11.2, 10.0, 5.0, 1.9, 2.8, 5.8, 8.9, 4.5, 1.1, 9.9]","[78.0, 72.0, 43.0, 32.0, 35.0, 42.0, 60.0, 63.0, 56.0, 153.0, 198.0, 231.0, 243.0, 228.0, 228.0, 203.0, 196.0, 165.0, 114.0, 88.0, 88.0, 105.0, 111.0, 112.0, 40.0, 30.0, 339.0, 194.0, 252.0, 316.0]"
8-6,Collaroy,north,105,2020-09-11,1,15.0,9,2020,"[17.0, 15.8, 15.1, 15.0, 15.1, 14.0, 13.0, 12.7, 12.2, 12.0, 11.5, 11.2, 10.0, 8.6, 7.9, 7.5, 10.1, 12.6, 14.0, 13.8, 14.2, 14.2, 15.3, 15.6, 14.5, 14.4, 11.8, 11.2, 10.0, 9.8]","[159.0, 159.0, 155.0, 156.0, 147.0, 138.0, 134.0, 135.0, 137.0, 141.0, 148.0, 159.0, 167.0, 182.0, 164.0, 145.0, 107.0, 88.0, 78.0, 75.0, 74.0, 69.0, 71.0, 71.0, 67.0, 58.0, 50.0, 45.0, 38.0, 28.0]"
8-6,Collaroy,north,105,2013-01-29,0,15.0,1,2013,"[31.7, 31.2, 28.9, 27.6, 29.3, 25.6, 25.2, 20.7, 18.5, 15.1, 13.4, 13.8, 12.7, 11.2, 10.7, 10.0, 8.6, 14.6, 24.6, 25.2, 24.5, 22.7, 20.1, 18.2, 15.8, 14.8, 12.0, 11.5, 11.3, 12.4]","[73.0, 73.0, 79.0, 78.0, 71.0, 62.0, 48.0, 39.0, 33.0, 25.0, 24.0, 15.0, 7.0, 354.0, 318.0, 296.0, 255.0, 200.0, 185.0, 181.0, 178.0, 176.0, 165.0, 146.0, 139.0, 139.0, 129.0, 141.0, 149.0, 154.0]"
8-6,Collaroy,north,105,2015-01-01,0,15.0,1,2015,"[22.3, 19.7, 16.1, 14.8, 13.0, 12.2, 12.1, 10.9, 10.5, 10.0, 9.7, 9.4, 8.7, 9.3, 9.6, 8.8, 7.9, 8.2, 9.5, 12.5, 17.0, 18.6, 18.4, 18.9, 19.3, 17.6, 15.0, 13.5, 7.4, 5.8]","[59.0, 59.0, 56.0, 49.0, 42.0, 34.0, 30.0, 27.0, 27.0, 26.0, 22.0, 23.0, 24.0, 28.0, 20.0, 19.0, 30.0, 49.0, 61.0, 72.0, 77.0, 75.0, 73.0, 66.0, 57.0, 49.0, 48.0, 44.0, 43.0, 173.0]"
8-6,Collaroy,north,105,2012-01-04,0,15.0,1,2012,"[20.2, 19.4, 17.6, 18.4, 17.4, 16.6, 16.2, 16.1, 15.3, 12.9, 10.7, 9.8, 9.9, 9.4, 6.6, 5.0, 3.6, 2.2, 2.1, 1.9, 3.6, 1.8, 9.0, 25.9, 27.4, 28.4, 22.9, 24.4, 25.1, 25.4]","[51.0, 47.0, 43.0, 40.0, 38.0, 39.0, 37.0, 34.0, 27.0, 18.0, 12.0, 17.0, 19.0, 18.0, 9.0, 360.0, 354.0, 9.0, 31.0, 68.0, 180.0, 180.0, 175.0, 170.0, 175.0, 179.0, 173.0, 171.0, 173.0, 173.0]"
8-7,Collaroy,north,105,2020-09-16,1,16.0,9,2020,"[20.4, 21.4, 18.6, 17.7, 16.7, 15.9, 15.2, 13.9, 11.9, 10.7, 10.0, 10.2, 9.7, 9.0, 6.9, 7.7, 8.4, 9.7, 10.8, 11.2, 11.8, 12.2, 13.1, 14.0, 14.5, 14.1, 12.6, 10.8, 10.8, 10.9]","[54.0, 48.0, 46.0, 39.0, 33.0, 28.0, 22.0, 17.0, 14.0, 14.0, 13.0, 8.0, 4.0, 5.0, 9.0, 11.0, 10.0, 15.0, 15.0, 21.0, 23.0, 28.0, 32.0, 26.0, 7.0, 347.0, 329.0, 334.0, 345.0, 343.0]"
8-7,Collaroy,north,105,2007-06-27,0,16.0,6,2007,"[21.7, 22.4, 20.0, 21.3, 20.6, 20.2, 20.4, 20.7, 22.4, 24.1, 24.2, 23.6, 23.9, 24.5, 26.8, 25.7, 28.8, 29.0, 28.2, 27.4, 25.0, 24.2, 27.8, 28.0, 27.7, 27.2, 24.7, 24.2, 23.5, 21.4]","[255.0, 264.0, 278.0, 275.0, 274.0, 281.0, 287.0, 293.0, 294.0, 297.0, 300.0, 304.0, 307.0, 310.0, 312.0, 314.0, 312.0, 308.0, 309.0, 309.0, 311.0, 316.0, 313.0, 314.0, 314.0, 313.0, 316.0, 314.0, 310.0, 306.0]"
8-7,Collaroy,north,105,2010-09-25,0,16.0,9,2010,"[14.2, 14.8, 11.8, 9.4, 4.7, 7.2, 9.2, 9.4, 9.0, 9.5, 10.7, 13.2, 14.6, 15.8, 15.8, 15.8, 15.0, 12.3, 10.2, 7.8, 6.5, 6.4, 6.2, 4.8, 5.2, 3.7, 4.8, 6.0, 7.0, 8.0]","[66.0, 56.0, 50.0, 40.0, 351.0, 307.0, 296.0, 293.0, 299.0, 307.0, 320.0, 325.0, 327.0, 325.0, 311.0, 305.0, 300.0, 302.0, 302.0, 283.0, 251.0, 218.0, 173.0, 132.0, 74.0, 29.0, 297.0, 287.0, 282.0, 278.0]"
8-7,Collaroy,north,105,2018-09-24,0,16.0,9,2018,"[18.7, 18.4, 15.3, 18.0, 21.6, 26.9, 28.4, 27.9, 26.3, 25.7, 24.8, 23.5, 21.6, 20.2, 18.7, 21.3, 22.3, 22.1, 22.3, 22.3, 21.6, 21.1, 19.8, 18.8, 17.4, 16.1, 13.0, 13.0, 11.4, 10.0]","[146.0, 154.0, 156.0, 160.0, 165.0, 172.0, 181.0, 187.0, 190.0, 191.0, 189.0, 186.0, 182.0, 179.0, 191.0, 185.0, 177.0, 168.0, 162.0, 157.0, 156.0, 155.0, 153.0, 151.0, 150.0, 151.0, 161.0, 156.0, 156.0, 154.0]"
8-8,Collaroy,north,105,2020-10-27,1,18.0,10,2020,"[30.7, 29.0, 27.4, 26.3, 26.1, 25.2, 23.3, 23.8, 23.1, 22.3, 24.2, 25.1, 24.8, 25.6, 21.3, 20.0, 21.0, 21.4, 20.6, 20.7, 21.0, 20.5, 20.2, 21.3, 20.4, 17.7, 13.8, 13.0, 13.0, 11.8]","[183.0, 186.0, 203.0, 205.0, 203.0, 199.0, 207.0, 209.0, 211.0, 211.0, 205.0, 196.0, 193.0, 191.0, 192.0, 194.0, 193.0, 193.0, 192.0, 188.0, 185.0, 183.0, 180.0, 175.0, 171.0, 168.0, 174.0, 177.0, 186.0, 192.0]"
8-8,Collaroy,north,105,2025-10-11,0,18.0,10,2025,"[15.4, 15.7, 14.6, 14.0, 13.8, 14.2, 14.6, 14.0, 13.3, 12.7, 12.9, 13.6, 14.3, 13.8, 9.3, 9.6, 9.2, 7.2, 5.8, 5.0, 4.7, 4.8, 4.7, 4.8, 7.0, 10.9, 15.1, 10.9, 9.8, 10.8]","[305.0, 303.0, 315.0, 332.0, 332.0, 328.0, 321.0, 316.0, 311.0, 306.0, 309.0, 306.0, 301.0, 297.0, 307.0, 310.0, 315.0, 321.0, 330.0, 319.0, 293.0, 283.0, 288.0, 297.0, 293.0, 286.0, 285.0, 290.0, 306.0, 312.0]"
8-8,Collaroy,north,105,2022-02-21,0,18.0,2,2022,"[20.6, 22.0, 20.9, 20.4, 18.5, 16.6, 16.7, 17.2, 17.3, 17.0, 18.6, 18.1, 16.8, 16.3, 15.0, 15.0, 12.1, 6.3, 7.2, 14.8, 18.4, 18.3, 15.9, 13.7, 10.9, 12.0, 6.2, 7.2, 11.7, 12.2]","[52.0, 45.0, 39.0, 35.0, 27.0, 20.0, 19.0, 13.0, 359.0, 338.0, 322.0, 320.0, 325.0, 332.0, 328.0, 307.0, 290.0, 252.0, 155.0, 136.0, 138.0, 142.0, 137.0, 125.0, 135.0, 150.0, 100.0, 161.0, 157.0, 166.0]"
8-8,Collaroy,north,105,2013-01-22,0,18.0,1,2013,"[16.5, 16.8, 15.3, 14.8, 13.3, 10.5, 8.6, 8.4, 9.4, 10.5, 10.8, 10.7, 11.2, 10.4, 7.6, 6.8, 8.2, 9.2, 9.5, 12.1, 14.4, 13.6, 10.2, 7.2, 9.0, 11.3, 11.4, 8.4, 8.2, 16.6]","[58.0, 55.0, 43.0, 39.0, 33.0, 22.0, 15.0, 20.0, 23.0, 22.0, 21.0, 14.0, 6.0, 360.0, 3.0, 25.0, 38.0, 45.0, 53.0, 60.0, 58.0, 53.0, 45.0, 87.0, 61.0, 27.0, 325.0, 295.0, 203.0, 179.0]"
8-9,Collaroy,north,105,2020-11-11,1,16.0,11,2020,"[19.0, 17.7, 13.8, 14.3, 13.9, 12.3, 9.8, 9.2, 8.2, 7.2, 6.1, 5.4, 4.7, 4.1, 2.9, 5.5, 9.0, 11.4, 13.2, 16.1, 18.4, 19.0, 20.5, 21.3, 22.0, 22.1, 24.5, 22.7, 18.5, 14.7]","[63.0, 57.0, 49.0, 43.0, 37.0, 32.0, 28.0, 26.0, 23.0, 18.0, 3.0, 356.0, 4.0, 15.0, 30.0, 58.0, 61.0, 62.0, 64.0, 66.0, 67.0, 65.0, 62.0, 56.0, 50.0, 44.0, 43.0, 36.0, 27.0, 25.0]"
8-9,Collaroy,north,105,2010-10-08,0,16.0,10,2010,"[19.6, 16.6, 13.0, 12.4, 11.3, 10.5, 10.2, 9.2, 8.1, 7.0, 6.6, 5.6, 4.8, 3.8, 4.3, 5.3, 6.5, 8.2, 10.8, 12.5, 13.8, 14.5, 14.8, 14.4, 12.7, 12.3, 15.3, 14.0, 13.3, 12.3]","[144.0, 146.0, 141.0, 144.0, 143.0, 142.0, 141.0, 138.0, 135.0, 125.0, 119.0, 130.0, 138.0, 139.0, 185.0, 152.0, 124.0, 113.0, 105.0, 102.0, 99.0, 97.0, 94.0, 91.0, 97.0, 105.0, 114.0, 113.0, 109.0, 105.0]"
8-9,Collaroy,north,105,2020-09-21,0,16.0,9,2020,"[15.8, 16.4, 12.4, 13.1, 13.3, 13.4, 13.3, 13.5, 13.6, 13.5, 12.8, 12.3, 12.6, 13.4, 10.1, 10.1, 11.5, 13.8, 14.4, 14.4, 12.6, 12.9, 16.2, 19.4, 20.2, 19.6, 14.0, 18.6, 19.2, 21.0]","[21.0, 9.0, 350.0, 352.0, 347.0, 346.0, 347.0, 344.0, 343.0, 344.0, 349.0, 353.0, 355.0, 355.0, 360.0, 354.0, 358.0, 6.0, 3.0, 356.0, 5.0, 13.0, 21.0, 10.0, 2.0, 354.0, 348.0, 350.0, 347.0, 344.0]"
8-9,Collaroy,north,105,2017-03-16,0,16.0,3,2017,"[22.8, 21.4, 19.0, 13.7, 13.7, 19.1, 19.3, 20.3, 20.0, 20.8, 22.1, 25.0, 26.6, 28.9, 19.4, 20.3, 17.6, 20.0, 17.2, 18.8, 17.7, 14.5, 10.4, 10.5, 10.5, 11.9, 3.7, 5.4, 7.7, 11.9]","[69.0, 70.0, 63.0, 72.0, 87.0, 70.0, 66.0, 65.0, 60.0, 60.0, 66.0, 67.0, 71.0, 69.0, 59.0, 60.0, 59.0, 60.0, 61.0, 58.0, 51.0, 48.0, 44.0, 27.0, 31.0, 35.0, 281.0, 262.0, 259.0, 245.0]"
8-10,Collaroy,north,105,2021-01-07,1,17.0,1,2021,"[23.4, 21.3, 18.4, 19.6, 21.3, 21.7, 22.3, 22.2, 21.5, 22.0, 21.2, 20.9, 20.1, 19.2, 20.7, 21.6, 20.6, 20.1, 21.4, 22.1, 22.4, 22.2, 21.9, 22.1, 21.6, 23.1, 20.7, 23.0, 24.3, 23.8]","[155.0, 158.0, 157.0, 163.0, 168.0, 168.0, 170.0, 172.0, 171.0, 170.0, 170.0, 169.0, 170.0, 167.0, 167.0, 165.0, 161.0, 159.0, 155.0, 154.0, 152.0, 153.0, 153.0, 156.0, 162.0, 165.0, 167.0, 171.0, 174.0, 177.0]"
8-10,Collaroy,north,105,2014-11-17,0,17.0,11,2014,"[21.0, 16.9, 13.4, 11.4, 9.1, 7.6, 7.1, 6.1, 5.4, 5.2, 4.3, 5.0, 7.0, 6.5, 5.2, 3.4, 3.1, 5.4, 9.1, 14.0, 18.4, 21.7, 22.8, 21.6, 19.5, 17.4, 13.4, 11.6, 9.4, 7.6]","[231.0, 218.0, 207.0, 208.0, 214.0, 211.0, 210.0, 220.0, 228.0, 245.0, 270.0, 291.0, 291.0, 273.0, 236.0, 198.0, 111.0, 98.0, 97.0, 90.0, 88.0, 84.0, 78.0, 72.0, 67.0, 63.0, 59.0, 64.0, 72.0, 85.0]"
8-10,Collaroy,north,105,2025-12-18,0,17.0,12,2025,"[22.4, 22.2, 17.3, 16.3, 15.4, 14.8, 13.8, 12.6, 11.6, 10.4, 10.1, 10.5, 10.6, 9.7, 7.6, 8.3, 9.1, 9.8, 10.5, 12.0, 14.1, 16.1, 18.0, 19.5, 19.8, 20.3, 20.6, 21.2, 19.8, 17.8]","[52.0, 48.0, 48.0, 43.0, 37.0, 32.0, 26.0, 20.0, 16.0, 17.0, 19.0, 19.0, 14.0, 11.0, 18.0, 24.0, 27.0, 32.0, 38.0, 47.0, 50.0, 51.0, 49.0, 45.0, 37.0, 29.0, 25.0, 20.0, 14.0, 8.0]"
8-10,Collaroy,north,105,2020-06-08,0,17.0,6,2020,"[14.1, 13.4, 9.0, 10.8, 11.7, 10.8, 12.2, 14.5, 17.6, 19.3, 19.6, 20.5, 21.2, 21.5, 18.5, 19.4, 20.4, 21.0, 21.7, 22.0, 21.8, 21.6, 20.7, 20.8, 21.1, 21.5, 14.6, 14.1, 13.3, 12.1]","[186.0, 188.0, 182.0, 195.0, 198.0, 206.0, 214.0, 215.0, 211.0, 207.0, 206.0, 204.0, 201.0, 201.0, 217.0, 227.0, 225.0, 218.0, 209.0, 198.0, 193.0, 195.0, 197.0, 198.0, 197.0, 198.0, 190.0, 195.0, 199.0, 192.0]"
8-11,Collaroy,north,105,2021-02-02,1,16.0,2,2021,"[22.3, 21.4, 21.1, 16.6, 10.8, 6.3, 4.3, 4.7, 4.1, 6.6, 13.0, 19.6, 27.5, 29.2, 20.9, 19.0, 20.1, 20.8, 19.9, 19.5, 20.8, 21.7, 21.4, 19.5, 18.1, 16.1, 18.0, 17.0, 17.3, 16.5]","[51.0, 44.0, 44.0, 39.0, 30.0, 24.0, 336.0, 293.0, 285.0, 229.0, 214.0, 216.0, 206.0, 190.0, 199.0, 207.0, 201.0, 189.0, 176.0, 161.0, 154.0, 153.0, 153.0, 157.0, 163.0, 170.0, 168.0, 175.0, 185.0, 191.0]"
8-11,Collaroy,north,105,2016-04-18,0,16.0,4,2016,"[15.5, 16.2, 14.3, 13.9, 13.5, 12.8, 14.0, 14.2, 14.2, 13.6, 12.9, 12.2, 10.6, 10.5, 13.5, 15.7, 14.1, 13.1, 12.4, 10.2, 12.4, 15.7, 17.0, 15.3, 12.7, 11.3, 9.7, 9.5, 8.5, 7.3]","[176.0, 181.0, 190.0, 190.0, 189.0, 196.0, 192.0, 189.0, 189.0, 191.0, 193.0, 194.0, 204.0, 211.0, 222.0, 196.0, 177.0, 159.0, 150.0, 157.0, 163.0, 160.0, 167.0, 165.0, 165.0, 171.0, 184.0, 189.0, 192.0, 213.0]"
8-11,Collaroy,north,105,2009-03-16,0,16.0,3,2009,"[14.5, 11.8, 9.7, 14.8, 16.6, 14.8, 14.2, 16.7, 18.1, 17.6, 16.1, 15.6, 15.4, 14.7, 9.8, 9.8, 9.4, 6.9, 4.3, 3.1, 3.6, 8.0, 13.3, 15.6, 14.0, 12.2, 3.8, 3.3, 7.2, 10.5]","[97.0, 117.0, 165.0, 174.0, 179.0, 186.0, 201.0, 213.0, 223.0, 229.0, 231.0, 232.0, 233.0, 234.0, 234.0, 242.0, 252.0, 264.0, 294.0, 339.0, 53.0, 80.0, 77.0, 71.0, 61.0, 47.0, 41.0, 319.0, 264.0, 243.0]"
8-11,Collaroy,north,105,2011-12-11,0,16.0,12,2011,"[12.4, 10.4, 11.2, 10.7, 9.6, 9.0, 9.3, 9.4, 8.7, 8.7, 9.3, 8.9, 8.6, 7.4, 3.1, 2.2, 3.6, 6.5, 12.4, 10.8, 7.6, 2.9, 3.3, 5.0, 3.3, 5.5, 5.2, 7.0, 6.8, 10.5]","[64.0, 56.0, 50.0, 45.0, 34.0, 23.0, 13.0, 358.0, 353.0, 353.0, 347.0, 346.0, 345.0, 346.0, 324.0, 9.0, 84.0, 84.0, 80.0, 75.0, 85.0, 30.0, 13.0, 60.0, 103.0, 122.0, 146.0, 159.0, 180.0, 184.0]"
8-12,Collaroy,north,105,2021-04-17,1,12.0,4,2021,"[16.6, 15.3, 12.5, 11.2, 10.7, 11.2, 10.4, 9.4, 8.2, 8.2, 7.4, 6.9, 6.3, 6.4, 4.7, 4.0, 4.8, 6.9, 7.0, 5.0, 5.1, 4.8, 5.2, 6.2, 6.9, 7.9, 8.3, 7.3, 5.9, 5.6]","[141.0, 139.0, 129.0, 135.0, 138.0, 135.0, 136.0, 140.0, 142.0, 142.0, 137.0, 141.0, 149.0, 153.0, 171.0, 153.0, 138.0, 129.0, 111.0, 69.0, 39.0, 27.0, 12.0, 353.0, 332.0, 313.0, 288.0, 279.0, 281.0, 285.0]"
8-12,Collaroy,north,105,2009-02-17,0,12.0,2,2009,"[24.7, 22.9, 20.1, 20.4, 19.9, 19.4, 19.9, 20.0, 20.5, 20.3, 20.8, 21.1, 21.1, 21.1, 19.8, 18.8, 17.9, 18.7, 20.8, 23.0, 24.7, 25.2, 25.4, 24.4, 24.3, 25.5, 21.8, 23.9, 26.2, 25.3]","[134.0, 134.0, 137.0, 138.0, 138.0, 137.0, 135.0, 129.0, 124.0, 123.0, 120.0, 117.0, 117.0, 120.0, 117.0, 110.0, 115.0, 120.0, 124.0, 131.0, 134.0, 137.0, 141.0, 143.0, 142.0, 138.0, 149.0, 157.0, 159.0, 165.0]"
8-12,Collaroy,north,105,2011-07-14,0,12.0,7,2011,"[11.9, 12.3, 16.3, 18.7, 19.8, 18.4, 18.4, 17.9, 19.0, 19.3, 20.0, 19.8, 19.9, 19.4, 19.3, 18.8, 20.0, 22.6, 22.9, 21.4, 20.3, 19.1, 17.2, 16.4, 17.8, 19.2, 16.2, 16.1, 17.7, 18.8]","[265.0, 267.0, 262.0, 268.0, 268.0, 266.0, 266.0, 260.0, 255.0, 249.0, 244.0, 241.0, 235.0, 230.0, 243.0, 234.0, 218.0, 202.0, 196.0, 193.0, 192.0, 192.0, 190.0, 189.0, 187.0, 188.0, 201.0, 204.0, 204.0, 206.0]"
8-12,Collaroy,north,105,2022-10-01,0,12.0,10,2022,"[19.2, 19.4, 19.6, 19.0, 20.1, 19.2, 19.3, 18.8, 17.9, 16.8, 16.8, 17.6, 17.4, 17.0, 15.3, 16.0, 16.1, 16.2, 16.1, 15.6, 18.3, 17.5, 16.6, 14.9, 13.5, 12.6, 8.9, 8.6, 9.3, 8.8]","[161.0, 153.0, 146.0, 145.0, 140.0, 143.0, 144.0, 148.0, 152.0, 159.0, 164.0, 169.0, 169.0, 167.0, 156.0, 156.0, 151.0, 145.0, 141.0, 139.0, 136.0, 130.0, 133.0, 133.0, 135.0, 138.0, 151.0, 139.0, 139.0, 154.0]"
8-13,Collaroy,north,105,2021-10-25,1,17.0,10,2021,"[16.0, 12.5, 7.7, 6.3, 5.1, 2.5, 1.5, 4.7, 5.4, 5.1, 4.8, 4.7, 6.5, 6.8, 9.1, 6.9, 4.0, 2.3, 6.9, 11.8, 17.3, 21.0, 21.4, 21.1, 17.9, 13.0, 10.0, 10.4, 9.7, 9.1]","[136.0, 134.0, 143.0, 167.0, 141.0, 90.0, 315.0, 279.0, 270.0, 274.0, 283.0, 279.0, 270.0, 270.0, 277.0, 279.0, 280.0, 219.0, 152.0, 140.0, 132.0, 125.0, 123.0, 127.0, 128.0, 129.0, 167.0, 180.0, 182.0, 187.0]"
8-13,Collaroy,north,105,2018-08-07,0,17.0,8,2018,"[23.6, 23.9, 19.6, 18.8, 20.6, 21.0, 20.8, 21.4, 22.4, 22.1, 22.1, 21.3, 21.4, 21.3, 19.5, 23.4, 25.7, 29.6, 32.6, 32.7, 31.6, 31.0, 29.2, 26.7, 25.3, 24.9, 18.5, 14.8, 12.9, 12.6]","[308.0, 304.0, 306.0, 317.0, 314.0, 305.0, 298.0, 299.0, 300.0, 300.0, 300.0, 298.0, 295.0, 296.0, 308.0, 301.0, 290.0, 286.0, 280.0, 278.0, 278.0, 274.0, 272.0, 275.0, 276.0, 275.0, 277.0, 283.0, 297.0, 307.0]"
8-13,Collaroy,north,105,2018-02-05,0,17.0,2,2018,"[14.8, 13.5, 11.0, 9.7, 8.6, 7.5, 7.2, 5.9, 6.2, 6.0, 6.3, 6.1, 6.6, 6.9, 5.6, 2.3, 2.3, 5.8, 10.2, 13.3, 15.5, 17.7, 19.3, 19.9, 19.2, 17.4, 14.9, 12.4, 10.5, 7.9]","[129.0, 124.0, 131.0, 141.0, 147.0, 145.0, 153.0, 166.0, 187.0, 197.0, 211.0, 220.0, 229.0, 223.0, 225.0, 198.0, 129.0, 112.0, 108.0, 103.0, 95.0, 88.0, 81.0, 73.0, 67.0, 63.0, 58.0, 54.0, 52.0, 47.0]"
8-13,Collaroy,north,105,2011-11-24,0,17.0,11,2011,"[24.9, 22.8, 19.2, 19.6, 20.3, 19.7, 19.6, 18.9, 18.7, 18.9, 19.7, 20.7, 22.2, 22.8, 22.2, 22.9, 23.9, 25.2, 24.0, 23.0, 23.3, 21.8, 20.1, 19.8, 18.1, 17.6, 14.5, 13.4, 13.2, 12.3]","[149.0, 149.0, 154.0, 154.0, 153.0, 145.0, 137.0, 132.0, 128.0, 129.0, 130.0, 131.0, 130.0, 129.0, 126.0, 127.0, 124.0, 124.0, 123.0, 122.0, 122.0, 121.0, 119.0, 115.0, 113.0, 113.0, 117.0, 117.0, 119.0, 122.0]"
8-14,Collaroy,north,105,2022-09-11,1,15.0,9,2022,"[13.3, 14.3, 13.5, 11.2, 12.8, 13.1, 13.5, 14.3, 15.2, 15.7, 14.9, 13.2, 12.3, 13.2, 13.5, 14.9, 14.6, 12.9, 10.7, 8.1, 5.2, 2.6, 5.2, 8.1, 7.8, 6.1, 6.9, 12.3, 14.8, 12.0]","[286.0, 288.0, 269.0, 273.0, 275.0, 270.0, 262.0, 258.0, 256.0, 252.0, 253.0, 256.0, 263.0, 276.0, 289.0, 282.0, 271.0, 264.0, 253.0, 239.0, 224.0, 164.0, 88.0, 69.0, 37.0, 2.0, 327.0, 293.0, 279.0, 279.0]"
8-14,Collaroy,north,105,2022-10-22,0,15.0,10,2022,"[22.3, 24.5, 21.4, 19.9, 20.1, 19.6, 19.9, 20.3, 18.5, 17.9, 16.7, 16.2, 15.2, 16.1, 12.9, 13.1, 14.3, 16.4, 17.7, 20.4, 22.2, 20.4, 18.8, 18.8, 20.6, 20.7, 19.1, 17.1, 16.3, 16.2]","[45.0, 40.0, 36.0, 30.0, 25.0, 22.0, 21.0, 19.0, 21.0, 25.0, 27.0, 27.0, 30.0, 39.0, 30.0, 23.0, 27.0, 36.0, 38.0, 44.0, 44.0, 30.0, 32.0, 38.0, 40.0, 34.0, 30.0, 30.0, 27.0, 23.0]"
8-14,Collaroy,north,105,2019-02-14,0,15.0,2,2019,"[24.9, 22.4, 18.6, 19.5, 20.0, 18.0, 15.9, 14.6, 13.8, 13.1, 12.6, 11.6, 11.1, 10.7, 12.0, 10.6, 9.7, 11.2, 11.5, 11.0, 11.6, 9.7, 10.9, 13.4, 17.0, 18.8, 16.1, 14.3, 12.7, 10.7]","[129.0, 132.0, 133.0, 141.0, 142.0, 147.0, 155.0, 160.0, 165.0, 164.0, 160.0, 154.0, 151.0, 147.0, 187.0, 170.0, 141.0, 132.0, 122.0, 109.0, 95.0, 88.0, 84.0, 82.0, 73.0, 64.0, 56.0, 51.0, 45.0, 40.0]"
8-14,Collaroy,north,105,2015-08-12,0,15.0,8,2015,"[2.2, 5.2, 6.9, 7.0, 6.7, 5.9, 6.4, 6.9, 7.0, 7.6, 9.6, 11.7, 13.1, 14.4, 13.8, 13.7, 16.9, 20.2, 23.2, 25.0, 22.1, 23.2, 24.8, 26.6, 27.3, 27.8, 26.1, 26.5, 25.7, 25.9]","[261.0, 282.0, 276.0, 282.0, 286.0, 308.0, 317.0, 321.0, 325.0, 335.0, 347.0, 351.0, 352.0, 356.0, 345.0, 355.0, 1.0, 357.0, 327.0, 306.0, 307.0, 296.0, 287.0, 286.0, 286.0, 289.0, 296.0, 292.0, 292.0, 291.0]"
8-15,Collaroy,north,105,2022-10-02,1,15.0,10,2022,"[13.5, 12.6, 8.9, 8.6, 9.3, 8.8, 7.9, 7.9, 7.4, 7.2, 8.4, 9.4, 10.1, 10.0, 7.7, 6.9, 5.1, 6.7, 9.2, 11.1, 12.3, 12.9, 11.4, 10.0, 7.4, 5.3, 3.8, 2.0, 4.4, 5.7]","[135.0, 138.0, 151.0, 139.0, 139.0, 154.0, 169.0, 180.0, 203.0, 219.0, 227.0, 223.0, 223.0, 221.0, 217.0, 205.0, 184.0, 153.0, 141.0, 141.0, 141.0, 131.0, 115.0, 105.0, 94.0, 78.0, 98.0, 175.0, 215.0, 226.0]"
8-15,Collaroy,north,105,2026-04-09,0,15.0,4,2026,"[13.7, 9.8, 1.7, 4.3, 4.4, 4.2, 5.4, 5.8, 3.7, 3.2, 4.0, 4.5, 5.4, 6.6, 5.8, 6.1, 6.4, 7.6, 8.8, 9.2, 9.3, 10.6, 12.3, 14.0, 15.3, 16.3, 15.0, 16.7, 16.8, 15.0]","[106.0, 98.0, 139.0, 208.0, 207.0, 234.0, 244.0, 248.0, 247.0, 254.0, 267.0, 286.0, 310.0, 307.0, 309.0, 315.0, 335.0, 356.0, 15.0, 26.0, 34.0, 47.0, 58.0, 57.0, 50.0, 41.0, 43.0, 32.0, 25.0, 16.0]"
8-15,Collaroy,north,105,2019-02-06,0,15.0,2,2019,"[15.4, 15.6, 13.0, 13.1, 12.1, 12.4, 13.2, 13.8, 12.5, 11.9, 10.5, 8.8, 7.2, 9.0, 9.4, 10.5, 12.4, 14.2, 16.7, 18.5, 18.6, 18.6, 19.0, 18.7, 17.3, 16.0, 15.9, 15.7, 14.5, 12.9]","[79.0, 75.0, 76.0, 69.0, 73.0, 64.0, 55.0, 47.0, 41.0, 35.0, 31.0, 35.0, 53.0, 53.0, 67.0, 74.0, 80.0, 83.0, 83.0, 83.0, 81.0, 81.0, 80.0, 79.0, 73.0, 67.0, 62.0, 58.0, 55.0, 54.0]"
8-15,Collaroy,north,105,2014-12-17,0,15.0,12,2014,"[23.3, 20.9, 15.2, 13.6, 14.1, 15.6, 17.7, 19.8, 19.7, 18.8, 17.5, 16.5, 27.3, 30.5, 26.3, 23.1, 21.7, 21.1, 21.4, 21.1, 22.5, 22.4, 20.4, 19.4, 16.8, 14.9, 13.1, 10.5, 10.0, 9.5]","[27.0, 11.0, 355.0, 349.0, 345.0, 341.0, 336.0, 327.0, 320.0, 306.0, 284.0, 254.0, 189.0, 172.0, 170.0, 165.0, 161.0, 157.0, 155.0, 150.0, 145.0, 143.0, 139.0, 138.0, 132.0, 122.0, 122.0, 121.0, 103.0, 101.0]"
8-16,Collaroy,north,105,2022-10-08,1,2.0,10,2022,"[14.7, 12.5, 8.8, 9.8, 11.1, 11.5, 11.7, 10.9, 10.6, 10.5, 10.6, 10.1, 10.0, 9.8, 6.1, 5.9, 5.5, 3.4, 4.0, 3.4, 5.9, 7.2, 8.8, 10.9, 14.3, 13.9, 16.6, 17.8, 15.6, 17.4]","[27.0, 18.0, 360.0, 14.0, 17.0, 357.0, 346.0, 338.0, 334.0, 329.0, 325.0, 336.0, 339.0, 334.0, 300.0, 308.0, 319.0, 342.0, 339.0, 58.0, 67.0, 94.0, 113.0, 121.0, 124.0, 130.0, 179.0, 198.0, 210.0, 217.0]"
8-16,Collaroy,north,105,2014-02-14,0,2.0,2,2014,"[21.7, 18.9, 11.5, 6.5, 6.6, 6.3, 6.9, 10.2, 13.1, 11.8, 11.6, 9.9, 9.7, 9.6, 4.9, 4.5, 5.4, 1.8, 3.3, 5.0, 6.8, 8.4, 8.1, 9.7, 10.0, 9.6, 13.7, 13.0, 11.4, 10.2]","[63.0, 59.0, 41.0, 71.0, 81.0, 66.0, 62.0, 72.0, 58.0, 38.0, 26.0, 33.0, 39.0, 34.0, 343.0, 299.0, 266.0, 217.0, 103.0, 90.0, 72.0, 59.0, 58.0, 63.0, 60.0, 56.0, 55.0, 39.0, 24.0, 8.0]"
8-16,Collaroy,north,105,2010-12-02,0,2.0,12,2010,"[21.2, 20.5, 17.8, 19.3, 21.7, 23.5, 21.4, 18.0, 17.5, 18.3, 18.8, 19.2, 17.7, 17.6, 15.5, 15.3, 15.3, 16.9, 19.0, 20.3, 24.0, 22.8, 22.8, 20.8, 20.1, 20.5, 19.7, 20.6, 20.1, 19.5]","[69.0, 68.0, 69.0, 61.0, 54.0, 50.0, 48.0, 53.0, 58.0, 58.0, 58.0, 52.0, 51.0, 49.0, 54.0, 60.0, 60.0, 66.0, 71.0, 73.0, 66.0, 59.0, 59.0, 62.0, 63.0, 59.0, 55.0, 57.0, 54.0, 51.0]"
8-16,Collaroy,north,105,2009-02-07,0,2.0,2,2009,"[23.2, 23.7, 24.9, 21.8, 18.8, 15.7, 12.9, 11.7, 11.5, 11.5, 10.9, 10.8, 11.1, 10.0, 9.7, 12.6, 14.0, 14.9, 16.8, 20.2, 23.9, 26.4, 26.9, 26.3, 25.6, 26.5, 26.3, 24.4, 23.3, 21.4]","[48.0, 42.0, 39.0, 34.0, 32.0, 32.0, 36.0, 45.0, 51.0, 51.0, 46.0, 37.0, 25.0, 15.0, 22.0, 27.0, 29.0, 32.0, 42.0, 49.0, 53.0, 55.0, 55.0, 54.0, 51.0, 45.0, 40.0, 37.0, 35.0, 33.0]"
8-17,Collaroy,north,105,2022-10-10,1,11.0,10,2022,"[10.8, 9.7, 7.5, 6.0, 3.2, 0.2, 2.3, 3.6, 7.5, 11.7, 13.2, 13.4, 13.5, 12.5, 9.1, 10.7, 12.1, 13.1, 13.6, 13.9, 14.3, 14.6, 13.8, 12.9, 12.2, 12.5, 9.3, 9.5, 8.8, 8.0]","[142.0, 145.0, 145.0, 141.0, 133.0, 270.0, 270.0, 233.0, 195.0, 180.0, 175.0, 168.0, 161.0, 155.0, 163.0, 158.0, 150.0, 138.0, 127.0, 121.0, 115.0, 109.0, 103.0, 102.0, 104.0, 102.0, 75.0, 71.0, 71.0, 76.0]"
8-17,Collaroy,north,105,2017-06-09,0,11.0,6,2017,"[14.5, 13.4, 13.4, 13.7, 13.5, 13.3, 12.9, 13.4, 13.1, 13.3, 13.3, 14.1, 14.5, 15.8, 15.9, 13.2, 12.0, 14.0, 15.5, 17.6, 19.8, 21.2, 21.3, 18.6, 17.1, 15.3, 14.6, 15.6, 12.0, 11.2]","[174.0, 185.0, 200.0, 210.0, 209.0, 199.0, 193.0, 188.0, 189.0, 193.0, 193.0, 193.0, 194.0, 192.0, 198.0, 197.0, 189.0, 180.0, 177.0, 181.0, 179.0, 170.0, 161.0, 158.0, 155.0, 156.0, 140.0, 140.0, 136.0, 138.0]"
8-17,Collaroy,north,105,2017-01-28,0,11.0,1,2017,"[14.9, 14.5, 14.4, 14.9, 14.0, 12.1, 9.9, 8.7, 7.3, 5.8, 5.5, 4.8, 5.4, 5.5, 6.9, 7.2, 7.3, 8.4, 9.1, 11.0, 14.5, 19.6, 21.4, 21.4, 21.1, 20.9, 19.5, 19.1, 18.0, 15.1]","[70.0, 67.0, 53.0, 53.0, 46.0, 37.0, 19.0, 5.0, 349.0, 338.0, 328.0, 318.0, 312.0, 337.0, 354.0, 3.0, 20.0, 40.0, 56.0, 71.0, 76.0, 70.0, 61.0, 54.0, 47.0, 44.0, 38.0, 36.0, 33.0, 28.0]"
8-17,Collaroy,north,105,2008-01-15,0,11.0,1,2008,"[19.5, 17.9, 17.4, 16.1, 14.3, 13.0, 12.0, 10.9, 10.4, 10.2, 10.2, 9.4, 8.6, 9.2, 8.0, 8.0, 7.3, 7.6, 9.0, 10.5, 11.4, 12.3, 14.0, 15.0, 16.2, 15.3, 12.5, 11.5, 9.7, 8.7]","[141.0, 142.0, 142.0, 138.0, 135.0, 136.0, 139.0, 136.0, 136.0, 138.0, 138.0, 133.0, 123.0, 116.0, 108.0, 108.0, 110.0, 98.0, 88.0, 82.0, 77.0, 69.0, 61.0, 60.0, 53.0, 47.0, 46.0, 41.0, 31.0, 17.0]"
8-18,Collaroy,north,105,2022-10-19,1,16.0,10,2022,"[12.3, 10.0, 8.8, 10.3, 8.8, 6.2, 3.6, 0.3, 3.3, 3.7, 4.0, 5.5, 5.7, 5.1, 4.5, 3.3, 0.9, 3.8, 8.4, 11.4, 13.1, 13.4, 12.4, 9.3, 6.3, 6.6, 5.3, 6.3, 7.9, 9.8]","[59.0, 54.0, 64.0, 59.0, 47.0, 41.0, 30.0, 225.0, 202.0, 203.0, 219.0, 229.0, 257.0, 274.0, 293.0, 279.0, 259.0, 101.0, 105.0, 109.0, 111.0, 110.0, 114.0, 117.0, 125.0, 125.0, 147.0, 167.0, 179.0, 175.0]"
8-18,Collaroy,north,105,2023-01-03,0,16.0,1,2023,"[22.4, 21.6, 20.1, 17.3, 15.0, 14.1, 13.0, 12.6, 12.9, 13.9, 11.5, 8.5, 7.6, 8.4, 6.6, 7.2, 9.4, 12.0, 14.6, 18.0, 20.3, 19.9, 19.2, 19.5, 18.3, 15.6, 12.8, 14.0, 11.6, 10.1]","[57.0, 53.0, 47.0, 47.0, 48.0, 40.0, 39.0, 37.0, 36.0, 31.0, 20.0, 12.0, 25.0, 40.0, 45.0, 72.0, 86.0, 83.0, 81.0, 78.0, 78.0, 73.0, 73.0, 71.0, 70.0, 71.0, 79.0, 72.0, 68.0, 63.0]"
8-18,Collaroy,north,105,2007-01-21,0,16.0,1,2007,"[24.7, 26.2, 25.1, 23.3, 21.6, 20.3, 18.3, 16.2, 15.0, 14.8, 14.5, 15.0, 15.6, 16.9, 19.6, 19.3, 18.5, 17.2, 16.3, 15.9, 15.9, 16.0, 14.8, 13.9, 11.9, 7.6, 4.0, 14.1, 16.3, 12.9]","[53.0, 46.0, 38.0, 32.0, 30.0, 27.0, 22.0, 17.0, 11.0, 1.0, 346.0, 336.0, 334.0, 333.0, 324.0, 327.0, 336.0, 344.0, 354.0, 3.0, 6.0, 8.0, 13.0, 31.0, 25.0, 360.0, 243.0, 232.0, 227.0, 216.0]"
8-18,Collaroy,north,105,2025-06-08,0,16.0,6,2025,"[19.8, 17.8, 12.1, 14.5, 16.4, 17.5, 19.8, 20.9, 19.1, 19.0, 21.9, 25.7, 28.2, 28.5, 28.1, 27.0, 29.2, 29.9, 30.3, 31.2, 30.4, 28.9, 26.4, 25.1, 24.1, 23.3, 20.9, 21.1, 22.0, 23.8]","[289.0, 290.0, 319.0, 326.0, 321.0, 319.0, 321.0, 320.0, 325.0, 332.0, 326.0, 316.0, 308.0, 305.0, 307.0, 307.0, 302.0, 298.0, 299.0, 299.0, 298.0, 296.0, 293.0, 291.0, 291.0, 290.0, 295.0, 294.0, 297.0, 299.0]"
8-19,Collaroy,north,105,2022-12-10,1,1.0,12,2022,"[18.9, 17.1, 14.1, 14.6, 14.9, 14.3, 13.7, 12.3, 10.7, 9.4, 9.1, 8.3, 7.2, 7.6, 8.0, 10.0, 12.0, 12.2, 11.6, 10.9, 11.2, 13.0, 14.4, 15.1, 15.6, 15.3, 12.9, 13.3, 12.1, 9.9]","[141.0, 146.0, 149.0, 151.0, 150.0, 152.0, 157.0, 165.0, 167.0, 167.0, 171.0, 179.0, 183.0, 184.0, 172.0, 147.0, 133.0, 123.0, 112.0, 102.0, 95.0, 84.0, 67.0, 61.0, 63.0, 62.0, 57.0, 55.0, 50.0, 44.0]"
8-19,Collaroy,north,105,2008-06-17,0,1.0,6,2008,"[22.1, 21.0, 19.2, 17.9, 17.0, 17.1, 17.3, 16.5, 15.0, 14.8, 14.8, 14.8, 14.3, 13.5, 14.4, 14.2, 14.7, 14.1, 13.0, 12.2, 11.2, 10.1, 9.0, 8.3, 8.3, 8.3, 8.0, 7.6, 7.7, 6.9]","[187.0, 187.0, 188.0, 190.0, 193.0, 195.0, 192.0, 190.0, 197.0, 203.0, 209.0, 209.0, 208.0, 209.0, 217.0, 216.0, 205.0, 195.0, 185.0, 180.0, 176.0, 176.0, 178.0, 182.0, 185.0, 185.0, 188.0, 188.0, 191.0, 189.0]"
8-19,Collaroy,north,105,2009-06-06,0,1.0,6,2009,"[7.2, 8.3, 12.7, 13.7, 14.6, 15.1, 15.1, 14.1, 13.8, 13.2, 13.1, 12.6, 12.1, 11.9, 13.7, 13.1, 13.0, 11.9, 10.4, 8.6, 7.6, 6.7, 6.4, 7.5, 8.2, 10.7, 12.5, 13.3, 12.8, 11.5]","[267.0, 270.0, 255.0, 256.0, 261.0, 267.0, 269.0, 273.0, 277.0, 281.0, 286.0, 290.0, 293.0, 295.0, 293.0, 291.0, 284.0, 275.0, 272.0, 270.0, 273.0, 286.0, 313.0, 325.0, 331.0, 327.0, 316.0, 311.0, 308.0, 311.0]"
8-19,Collaroy,north,105,2020-02-03,0,1.0,2,2020,"[20.7, 17.6, 17.2, 13.7, 11.5, 9.2, 6.3, 5.5, 6.3, 7.0, 8.5, 8.6, 10.4, 11.2, 2.7, 2.5, 7.9, 9.7, 4.6, 4.7, 5.1, 6.2, 9.8, 17.7, 35.3, 34.8, 29.2, 29.4, 29.8, 30.0]","[157.0, 145.0, 170.0, 157.0, 160.0, 132.0, 103.0, 58.0, 24.0, 12.0, 12.0, 360.0, 360.0, 358.0, 113.0, 180.0, 219.0, 207.0, 198.0, 203.0, 176.0, 144.0, 152.0, 156.0, 163.0, 166.0, 167.0, 168.0, 162.0, 164.0]"
8-20,Collaroy,north,105,2023-01-17,1,17.0,1,2023,"[16.0, 14.7, 12.6, 11.5, 11.4, 9.0, 5.9, 5.5, 4.8, 4.9, 4.9, 5.2, 5.5, 6.4, 6.8, 9.4, 11.4, 13.1, 15.0, 17.5, 17.8, 18.0, 17.8, 18.1, 18.5, 16.9, 13.5, 13.0, 13.2, 11.7]","[81.0, 79.0, 77.0, 76.0, 72.0, 67.0, 76.0, 79.0, 77.0, 73.0, 73.0, 78.0, 79.0, 74.0, 87.0, 72.0, 66.0, 69.0, 73.0, 76.0, 72.0, 70.0, 69.0, 67.0, 61.0, 56.0, 48.0, 48.0, 43.0, 34.0]"
8-20,Collaroy,north,105,2009-08-03,0,17.0,8,2009,"[10.2, 10.8, 10.1, 10.6, 11.5, 12.2, 13.3, 14.8, 16.5, 17.9, 17.3, 15.3, 13.8, 15.2, 16.9, 16.8, 15.8, 15.0, 13.9, 12.3, 10.0, 8.7, 6.4, 6.2, 6.6, 6.3, 11.8, 10.5, 11.9, 11.7]","[39.0, 21.0, 360.0, 336.0, 319.0, 313.0, 311.0, 313.0, 314.0, 310.0, 306.0, 304.0, 317.0, 324.0, 326.0, 315.0, 305.0, 297.0, 287.0, 265.0, 244.0, 225.0, 196.0, 173.0, 167.0, 167.0, 102.0, 98.0, 88.0, 79.0]"
8-20,Collaroy,north,105,2023-11-02,0,17.0,11,2023,"[15.8, 14.2, 13.0, 13.4, 13.8, 14.1, 13.8, 13.3, 13.4, 13.5, 13.4, 13.4, 12.8, 14.3, 13.4, 12.7, 12.8, 13.4, 14.6, 14.3, 14.6, 13.9, 14.4, 15.8, 15.5, 13.8, 8.1, 6.2, 5.2, 6.6]","[135.0, 144.0, 156.0, 160.0, 160.0, 167.0, 174.0, 180.0, 186.0, 189.0, 194.0, 194.0, 196.0, 190.0, 185.0, 172.0, 164.0, 156.0, 147.0, 139.0, 130.0, 121.0, 112.0, 102.0, 95.0, 83.0, 77.0, 80.0, 74.0, 77.0]"
8-20,Collaroy,north,105,2021-04-19,0,17.0,4,2021,"[9.7, 9.2, 7.4, 6.1, 6.1, 6.4, 6.4, 6.1, 5.9, 5.5, 5.6, 6.8, 7.4, 7.1, 7.3, 6.5, 6.4, 5.0, 4.4, 5.6, 5.8, 5.6, 8.0, 11.2, 12.1, 11.8, 9.7, 10.0, 10.9, 11.7]","[92.0, 79.0, 43.0, 3.0, 332.0, 313.0, 308.0, 310.0, 308.0, 302.0, 297.0, 295.0, 299.0, 300.0, 290.0, 289.0, 286.0, 291.0, 325.0, 345.0, 360.0, 27.0, 63.0, 69.0, 60.0, 50.0, 31.0, 15.0, 351.0, 326.0]"
8-21,Collaroy,north,105,2023-01-26,1,8.0,1,2023,"[14.1, 12.4, 7.8, 9.7, 9.9, 7.6, 6.5, 5.2, 4.7, 3.4, 3.8, 4.4, 5.0, 5.3, 4.1, 4.3, 3.6, 3.6, 6.1, 10.4, 14.6, 16.7, 17.7, 18.2, 12.4, 10.2, 9.2, 9.6, 9.1, 11.9]","[77.0, 73.0, 68.0, 51.0, 33.0, 19.0, 357.0, 335.0, 328.0, 328.0, 319.0, 325.0, 330.0, 332.0, 322.0, 336.0, 354.0, 45.0, 90.0, 88.0, 81.0, 76.0, 73.0, 60.0, 68.0, 157.0, 141.0, 124.0, 162.0, 178.0]"
8-21,Collaroy,north,105,2015-06-22,0,8.0,6,2015,"[5.4, 5.4, 1.9, 2.6, 3.9, 4.8, 5.4, 5.9, 7.0, 7.6, 7.2, 7.6, 7.5, 7.4, 8.5, 7.2, 6.9, 7.4, 8.2, 7.9, 6.9, 6.9, 7.4, 9.7, 11.4, 13.0, 12.6, 13.0, 12.8, 12.2]","[184.0, 180.0, 248.0, 304.0, 304.0, 312.0, 318.0, 313.0, 305.0, 295.0, 297.0, 301.0, 305.0, 309.0, 298.0, 307.0, 313.0, 317.0, 322.0, 330.0, 351.0, 6.0, 29.0, 31.0, 24.0, 14.0, 2.0, 355.0, 349.0, 346.0]"
8-21,Collaroy,north,105,2019-05-23,0,8.0,5,2019,"[11.1, 10.0, 6.5, 6.2, 5.4, 5.6, 6.2, 7.4, 8.1, 8.4, 8.9, 9.0, 8.9, 8.2, 7.7, 8.0, 7.9, 5.8, 3.7, 1.4, 3.2, 5.4, 8.3, 10.0, 11.0, 11.3, 8.0, 7.6, 7.2, 6.1]","[144.0, 150.0, 177.0, 201.0, 217.0, 230.0, 234.0, 231.0, 225.0, 220.0, 212.0, 209.0, 207.0, 218.0, 259.0, 260.0, 246.0, 240.0, 241.0, 180.0, 117.0, 94.0, 85.0, 69.0, 52.0, 37.0, 10.0, 352.0, 333.0, 332.0]"
8-21,Collaroy,north,105,2007-06-05,0,8.0,6,2007,"[14.1, 15.5, 13.4, 13.4, 13.0, 12.7, 12.2, 11.8, 11.6, 12.1, 11.9, 10.8, 10.6, 10.2, 12.0, 11.7, 11.9, 12.3, 13.1, 14.1, 14.6, 15.4, 15.3, 15.3, 14.9, 14.5, 13.3, 12.3, 10.5, 8.7]","[161.0, 168.0, 172.0, 175.0, 180.0, 188.0, 199.0, 207.0, 210.0, 207.0, 205.0, 210.0, 215.0, 225.0, 229.0, 227.0, 215.0, 201.0, 188.0, 176.0, 170.0, 169.0, 171.0, 172.0, 173.0, 173.0, 182.0, 177.0, 176.0, 187.0]"
8-22,Collaroy,north,105,2023-02-20,1,12.0,2,2023,"[9.4, 9.9, 5.9, 5.0, 4.5, 6.0, 6.6, 7.1, 6.2, 5.9, 6.6, 9.2, 10.1, 11.6, 5.4, 3.9, 3.3, 7.2, 10.4, 12.8, 16.4, 19.4, 20.9, 21.0, 20.2, 20.7, 17.1, 15.5, 15.3, 13.7]","[97.0, 80.0, 76.0, 69.0, 61.0, 65.0, 68.0, 60.0, 54.0, 47.0, 45.0, 42.0, 35.0, 26.0, 352.0, 338.0, 41.0, 63.0, 70.0, 74.0, 75.0, 68.0, 63.0, 55.0, 51.0, 50.0, 48.0, 48.0, 47.0, 45.0]"
8-22,Collaroy,north,105,2014-08-20,0,12.0,8,2014,"[30.4, 30.4, 28.1, 27.1, 26.9, 27.1, 27.0, 27.2, 26.7, 26.8, 25.6, 23.8, 22.6, 22.4, 19.4, 21.2, 23.5, 23.9, 23.9, 23.1, 21.9, 21.0, 19.8, 17.7, 17.4, 18.1, 16.7, 16.3, 15.9, 15.9]","[199.0, 199.0, 201.0, 203.0, 205.0, 205.0, 207.0, 206.0, 206.0, 204.0, 204.0, 207.0, 211.0, 213.0, 222.0, 215.0, 203.0, 196.0, 192.0, 191.0, 189.0, 185.0, 181.0, 178.0, 174.0, 173.0, 173.0, 175.0, 176.0, 174.0]"
8-22,Collaroy,north,105,2014-07-25,0,12.0,7,2014,"[11.3, 12.2, 10.5, 9.9, 9.3, 9.4, 9.8, 9.8, 9.5, 9.3, 9.5, 10.1, 11.9, 12.6, 14.8, 16.8, 14.8, 15.0, 20.3, 22.4, 20.8, 18.8, 17.7, 18.4, 18.8, 18.2, 13.2, 11.4, 10.5, 10.1]","[22.0, 24.0, 16.0, 19.0, 13.0, 2.0, 352.0, 343.0, 335.0, 332.0, 335.0, 333.0, 325.0, 329.0, 319.0, 318.0, 317.0, 325.0, 327.0, 323.0, 323.0, 334.0, 340.0, 334.0, 331.0, 333.0, 338.0, 342.0, 354.0, 4.0]"
8-22,Collaroy,north,105,2019-05-19,0,12.0,5,2019,"[6.9, 6.7, 4.7, 1.8, 1.6, 2.0, 3.5, 5.1, 5.2, 5.6, 5.9, 5.6, 6.0, 6.6, 6.7, 5.8, 6.2, 5.9, 5.2, 5.9, 6.8, 7.7, 8.3, 8.7, 8.7, 8.8, 7.4, 6.4, 6.3, 6.8]","[129.0, 126.0, 113.0, 127.0, 243.0, 225.0, 204.0, 184.0, 196.0, 225.0, 227.0, 230.0, 237.0, 241.0, 254.0, 248.0, 234.0, 218.0, 168.0, 133.0, 115.0, 101.0, 85.0, 73.0, 60.0, 55.0, 39.0, 27.0, 13.0, 18.0]"
8-23,Collaroy,north,105,2023-09-30,1,16.0,9,2023,"[8.4, 5.5, 4.0, 3.0, 2.9, 3.7, 5.2, 5.9, 5.7, 3.9, 1.8, 2.3, 4.2, 4.9, 4.4, 3.0, 5.4, 6.1, 7.4, 9.4, 12.3, 15.6, 16.6, 16.1, 16.4, 17.6, 13.6, 16.0, 17.1, 16.4]","[110.0, 113.0, 117.0, 76.0, 60.0, 101.0, 124.0, 133.0, 145.0, 158.0, 217.0, 288.0, 290.0, 287.0, 279.0, 14.0, 37.0, 50.0, 61.0, 67.0, 75.0, 75.0, 72.0, 63.0, 52.0, 43.0, 40.0, 31.0, 22.0, 15.0]"
8-23,Collaroy,north,105,2016-07-03,0,16.0,7,2016,"[6.2, 7.5, 11.5, 13.8, 13.7, 11.7, 11.6, 11.2, 10.1, 9.1, 8.3, 8.0, 8.6, 10.1, 12.2, 10.0, 8.2, 7.6, 6.5, 5.2, 5.5, 6.2, 6.2, 7.6, 8.3, 9.4, 10.9, 11.6, 11.4, 10.8]","[263.0, 253.0, 250.0, 242.0, 247.0, 259.0, 265.0, 266.0, 264.0, 263.0, 268.0, 278.0, 292.0, 305.0, 304.0, 300.0, 293.0, 295.0, 304.0, 326.0, 349.0, 353.0, 353.0, 360.0, 2.0, 2.0, 354.0, 344.0, 332.0, 330.0]"
8-23,Collaroy,north,105,2017-11-16,0,16.0,11,2017,"[23.9, 21.7, 19.9, 20.1, 19.4, 17.7, 15.9, 14.0, 12.7, 12.5, 12.8, 12.3, 12.3, 14.4, 17.8, 18.4, 20.0, 21.3, 19.2, 17.9, 17.2, 17.4, 17.1, 18.9, 19.8, 20.6, 19.6, 18.8, 16.6, 16.4]","[53.0, 50.0, 48.0, 46.0, 43.0, 39.0, 38.0, 35.0, 35.0, 39.0, 38.0, 32.0, 32.0, 37.0, 43.0, 48.0, 56.0, 56.0, 56.0, 62.0, 64.0, 66.0, 60.0, 59.0, 57.0, 54.0, 49.0, 43.0, 48.0, 50.0]"
8-23,Collaroy,north,105,2011-08-22,0,16.0,8,2011,"[21.3, 21.3, 18.6, 19.2, 18.6, 18.1, 18.1, 17.3, 16.8, 15.6, 15.1, 15.0, 15.3, 16.1, 13.7, 14.0, 16.1, 17.7, 18.3, 18.6, 18.7, 17.3, 15.8, 14.8, 14.1, 14.3, 14.3, 14.8, 15.3, 15.6]","[150.0, 146.0, 144.0, 140.0, 139.0, 137.0, 136.0, 135.0, 137.0, 140.0, 142.0, 145.0, 146.0, 146.0, 150.0, 151.0, 151.0, 142.0, 135.0, 131.0, 130.0, 132.0, 135.0, 139.0, 140.0, 139.0, 137.0, 129.0, 124.0, 119.0]"
8-24,Collaroy,north,105,2023-10-20,1,17.0,10,2023,"[18.8, 18.2, 15.9, 14.5, 12.1, 11.0, 10.0, 9.0, 8.3, 7.6, 6.9, 6.6, 6.2, 4.8, 2.7, 3.7, 5.9, 8.0, 11.3, 15.2, 18.8, 21.4, 22.0, 21.1, 19.3, 17.9, 10.5, 8.9, 8.9, 8.7]","[64.0, 56.0, 51.0, 42.0, 30.0, 19.0, 13.0, 5.0, 2.0, 360.0, 354.0, 347.0, 339.0, 347.0, 337.0, 29.0, 52.0, 72.0, 83.0, 86.0, 85.0, 77.0, 69.0, 63.0, 57.0, 50.0, 49.0, 50.0, 40.0, 42.0]"
8-24,Collaroy,north,105,2018-06-02,0,17.0,6,2018,"[26.2, 25.5, 20.2, 20.2, 22.9, 26.0, 27.5, 29.5, 30.4, 31.4, 31.9, 32.5, 32.4, 34.5, 27.1, 28.8, 31.3, 33.9, 34.8, 32.7, 32.8, 32.7, 32.5, 30.9, 29.6, 28.8, 28.2, 26.3, 26.4, 26.4]","[217.0, 220.0, 229.0, 230.0, 226.0, 225.0, 222.0, 219.0, 220.0, 220.0, 220.0, 219.0, 221.0, 217.0, 220.0, 223.0, 218.0, 211.0, 206.0, 205.0, 206.0, 204.0, 205.0, 208.0, 212.0, 212.0, 203.0, 203.0, 206.0, 206.0]"
8-24,Collaroy,north,105,2025-06-05,0,17.0,6,2025,"[27.2, 27.6, 23.0, 22.3, 23.8, 26.1, 26.5, 25.2, 24.3, 24.4, 23.3, 21.6, 20.7, 20.5, 18.8, 20.9, 21.8, 20.7, 18.7, 16.7, 14.0, 12.0, 9.7, 8.7, 8.8, 8.7, 7.0, 5.3, 5.8, 5.8]","[202.0, 204.0, 213.0, 215.0, 213.0, 213.0, 213.0, 215.0, 215.0, 214.0, 214.0, 218.0, 225.0, 227.0, 243.0, 242.0, 238.0, 232.0, 225.0, 217.0, 211.0, 201.0, 196.0, 185.0, 176.0, 176.0, 203.0, 225.0, 248.0, 270.0]"
8-24,Collaroy,north,105,2006-04-05,0,17.0,4,2006,"[10.9, 10.1, 9.6, 7.4, 5.8, 5.8, 8.7, 10.7, 11.2, 11.6, 11.3, 11.2, 11.3, 12.0, 10.6, 10.2, 11.7, 11.6, 12.5, 13.1, 12.4, 12.1, 10.1, 9.7, 10.7, 12.2, 13.5, 14.5, 15.6, 16.2]","[63.0, 55.0, 56.0, 39.0, 7.0, 330.0, 315.0, 310.0, 303.0, 300.0, 301.0, 303.0, 307.0, 309.0, 305.0, 318.0, 326.0, 338.0, 348.0, 339.0, 330.0, 323.0, 333.0, 338.0, 340.0, 332.0, 312.0, 314.0, 320.0, 323.0]"
8-25,Collaroy,north,105,2023-10-24,1,9.0,10,2023,"[13.0, 12.2, 8.8, 8.7, 7.4, 6.1, 5.9, 5.5, 5.8, 6.0, 6.0, 5.0, 5.4, 4.4, 4.6, 3.6, 4.0, 7.9, 11.5, 13.1, 14.8, 16.9, 18.1, 17.7, 17.8, 17.6, 10.4, 10.1, 9.4, 11.2]","[71.0, 76.0, 55.0, 60.0, 67.0, 87.0, 104.0, 113.0, 90.0, 65.0, 33.0, 360.0, 323.0, 305.0, 288.0, 315.0, 5.0, 43.0, 49.0, 53.0, 56.0, 61.0, 59.0, 52.0, 43.0, 31.0, 20.0, 6.0, 360.0, 358.0]"
8-25,Collaroy,north,105,2021-04-16,0,9.0,4,2021,"[6.6, 6.3, 7.7, 8.7, 11.9, 11.3, 10.2, 11.7, 13.0, 13.5, 14.6, 16.2, 17.3, 18.1, 14.3, 14.6, 16.9, 20.7, 22.1, 23.5, 24.6, 22.9, 21.2, 18.4, 16.6, 15.3, 12.5, 11.2, 10.7, 11.2]","[61.0, 24.0, 323.0, 287.0, 265.0, 263.0, 262.0, 252.0, 242.0, 241.0, 237.0, 233.0, 228.0, 224.0, 223.0, 213.0, 191.0, 172.0, 164.0, 157.0, 153.0, 150.0, 148.0, 145.0, 141.0, 139.0, 129.0, 135.0, 138.0, 135.0]"
8-25,Collaroy,north,105,2022-03-16,0,9.0,3,2022,"[14.7, 14.8, 12.1, 11.6, 11.3, 12.0, 10.8, 9.4, 8.0, 7.8, 7.6, 8.4, 9.7, 10.4, 3.8, 2.9, 2.2, 4.7, 6.2, 8.4, 10.8, 12.0, 12.7, 12.0, 10.1, 9.0, 8.9, 8.4, 6.8, 5.5]","[139.0, 141.0, 131.0, 129.0, 124.0, 109.0, 100.0, 98.0, 96.0, 97.0, 97.0, 99.0, 101.0, 98.0, 90.0, 83.0, 55.0, 50.0, 69.0, 80.0, 85.0, 81.0, 83.0, 83.0, 84.0, 87.0, 77.0, 81.0, 78.0, 73.0]"
8-25,Collaroy,north,105,2008-07-27,0,9.0,7,2008,"[5.3, 1.9, 6.4, 9.8, 12.6, 13.7, 13.3, 12.8, 12.5, 12.4, 12.2, 11.6, 11.3, 11.1, 12.7, 10.9, 10.3, 10.0, 8.5, 4.4, 6.5, 8.5, 2.6, 3.2, 6.9, 6.0, 7.9, 7.1, 9.2, 11.9]","[152.0, 202.0, 254.0, 262.0, 265.0, 270.0, 273.0, 280.0, 288.0, 292.0, 294.0, 296.0, 297.0, 299.0, 295.0, 297.0, 295.0, 291.0, 282.0, 261.0, 273.0, 306.0, 344.0, 180.0, 186.0, 205.0, 219.0, 240.0, 219.0, 209.0]"
8-26,Collaroy,north,105,2023-11-04,1,11.0,11,2023,"[13.7, 13.4, 11.2, 9.2, 8.4, 8.0, 8.2, 8.1, 5.8, 4.0, 4.6, 6.4, 6.9, 6.6, 9.6, 7.4, 6.0, 8.5, 12.7, 14.5, 16.2, 16.9, 17.2, 15.1, 13.7, 14.2, 11.2, 11.7, 12.2, 12.7]","[63.0, 63.0, 48.0, 69.0, 80.0, 82.0, 75.0, 77.0, 83.0, 100.0, 135.0, 137.0, 133.0, 139.0, 146.0, 129.0, 115.0, 102.0, 105.0, 96.0, 103.0, 110.0, 116.0, 115.0, 113.0, 114.0, 105.0, 101.0, 104.0, 98.0]"
8-26,Collaroy,north,105,2021-04-29,0,11.0,4,2021,"[11.6, 10.8, 7.9, 8.2, 7.5, 7.3, 7.3, 6.5, 5.2, 4.6, 4.5, 4.7, 4.7, 5.2, 6.1, 4.7, 3.3, 0.7, 4.2, 7.3, 9.8, 11.2, 12.0, 12.2, 12.4, 11.8, 8.4, 7.7, 4.8, 3.8]","[64.0, 60.0, 60.0, 52.0, 35.0, 11.0, 351.0, 341.0, 326.0, 309.0, 299.0, 293.0, 293.0, 295.0, 273.0, 270.0, 264.0, 360.0, 70.0, 79.0, 82.0, 84.0, 81.0, 76.0, 68.0, 63.0, 65.0, 49.0, 27.0, 343.0]"
8-26,Collaroy,north,105,2025-12-19,0,11.0,12,2025,"[19.8, 20.3, 20.6, 21.2, 19.8, 17.8, 16.2, 14.9, 14.0, 12.8, 12.5, 12.5, 12.5, 11.4, 9.8, 8.0, 5.0, 3.2, 3.8, 8.2, 11.3, 6.0, 3.4, 8.0, 11.5, 8.8, 9.1, 6.4, 10.4, 15.1]","[37.0, 29.0, 25.0, 20.0, 14.0, 8.0, 2.0, 359.0, 353.0, 343.0, 327.0, 311.0, 300.0, 294.0, 290.0, 293.0, 305.0, 3.0, 65.0, 104.0, 90.0, 53.0, 252.0, 174.0, 129.0, 133.0, 107.0, 45.0, 358.0, 338.0]"
8-26,Collaroy,north,105,2018-01-19,0,11.0,1,2018,"[15.7, 14.5, 10.9, 7.6, 6.1, 5.2, 4.3, 3.9, 4.0, 6.2, 6.8, 6.6, 7.2, 6.7, 6.6, 5.1, 4.6, 7.6, 12.6, 16.2, 17.8, 17.3, 16.8, 16.2, 14.7, 11.9, 9.1, 6.4, 5.4, 5.2]","[70.0, 63.0, 56.0, 45.0, 50.0, 65.0, 85.0, 56.0, 5.0, 339.0, 335.0, 338.0, 342.0, 344.0, 351.0, 4.0, 45.0, 82.0, 92.0, 89.0, 82.0, 78.0, 75.0, 73.0, 68.0, 61.0, 56.0, 47.0, 48.0, 34.0]"
8-27,Collaroy,north,105,2024-01-03,1,,1,2024,"[20.0, 19.5, 17.5, 16.1, 14.3, 13.8, 13.2, 13.0, 12.2, 10.4, 9.7, 8.4, 8.5, 9.4, 9.7, 10.7, 9.7, 13.3, 18.0, 19.9, 19.5, 18.2, 18.0, 15.8, 13.4, 13.8, 13.6, 11.6, 8.9, 8.8]","[64.0, 62.0, 58.0, 51.0, 47.0, 49.0, 47.0, 48.0, 43.0, 34.0, 22.0, 20.0, 28.0, 32.0, 42.0, 45.0, 59.0, 71.0, 70.0, 70.0, 67.0, 63.0, 57.0, 60.0, 54.0, 43.0, 32.0, 30.0, 40.0, 35.0]"
8-27,Collaroy,north,105,2022-11-23,0,,11,2022,"[19.8, 23.1, 18.2, 13.5, 13.8, 14.5, 15.1, 15.0, 13.9, 13.5, 13.3, 12.5, 11.9, 11.6, 13.4, 12.4, 12.2, 11.9, 10.4, 7.0, 5.0, 3.2, 2.6, 1.5, 1.5, 1.3, 2.2, 2.8, 6.3, 9.6]","[271.0, 272.0, 269.0, 275.0, 286.0, 292.0, 296.0, 303.0, 308.0, 311.0, 311.0, 309.0, 305.0, 291.0, 276.0, 267.0, 250.0, 235.0, 224.0, 222.0, 206.0, 177.0, 146.0, 104.0, 97.0, 98.0, 55.0, 310.0, 268.0, 250.0]"
8-27,Collaroy,north,105,2011-12-27,0,,12,2011,"[5.0, 5.4, 8.9, 16.0, 21.0, 21.3, 20.8, 20.6, 21.5, 21.7, 21.2, 22.4, 26.8, 28.4, 25.6, 25.9, 26.0, 26.7, 28.4, 29.9, 29.0, 26.8, 24.9, 23.9, 22.6, 21.9, 19.1, 19.1, 20.4, 20.9]","[330.0, 307.0, 201.0, 188.0, 186.0, 186.0, 194.0, 199.0, 198.0, 195.0, 195.0, 195.0, 191.0, 189.0, 184.0, 181.0, 183.0, 185.0, 179.0, 171.0, 169.0, 168.0, 169.0, 169.0, 166.0, 166.0, 164.0, 168.0, 172.0, 176.0]"
8-27,Collaroy,north,105,2023-04-21,0,,4,2023,"[16.3, 16.2, 14.1, 15.1, 15.8, 15.9, 15.9, 15.6, 15.2, 14.8, 14.6, 14.9, 15.0, 15.3, 12.9, 13.8, 14.8, 15.3, 16.2, 17.2, 18.3, 18.4, 16.8, 14.9, 13.7, 13.0, 10.5, 10.8, 11.2, 10.7]","[162.0, 163.0, 174.0, 180.0, 181.0, 177.0, 175.0, 173.0, 173.0, 179.0, 190.0, 200.0, 204.0, 210.0, 216.0, 213.0, 203.0, 188.0, 176.0, 170.0, 170.0, 169.0, 170.0, 172.0, 175.0, 180.0, 188.0, 184.0, 176.0, 168.0]"
8-28,Collaroy,north,105,2024-05-02,1,17.0,5,2024,"[19.1, 17.0, 14.3, 16.2, 17.4, 18.3, 18.6, 17.3, 15.5, 14.4, 13.7, 13.7, 14.6, 15.0, 10.8, 10.1, 11.5, 12.3, 13.2, 13.0, 13.4, 13.5, 13.7, 13.3, 13.3, 13.3, 9.0, 7.0, 4.7, 4.0]","[183.0, 184.0, 190.0, 193.0, 198.0, 196.0, 189.0, 181.0, 177.0, 176.0, 180.0, 177.0, 171.0, 169.0, 180.0, 186.0, 194.0, 195.0, 191.0, 182.0, 174.0, 171.0, 180.0, 183.0, 182.0, 177.0, 185.0, 168.0, 180.0, 185.0]"
8-28,Collaroy,north,105,2020-05-23,0,17.0,5,2020,"[27.1, 26.2, 20.5, 21.6, 24.0, 25.1, 27.0, 27.8, 26.3, 24.5, 23.1, 23.0, 22.1, 21.1, 15.5, 17.3, 19.1, 19.8, 19.6, 17.5, 17.2, 18.0, 19.9, 20.9, 20.6, 20.1, 11.4, 12.6, 15.9, 17.8]","[245.0, 249.0, 267.0, 269.0, 257.0, 262.0, 272.0, 274.0, 266.0, 260.0, 259.0, 260.0, 258.0, 256.0, 282.0, 282.0, 274.0, 267.0, 257.0, 251.0, 250.0, 250.0, 250.0, 249.0, 251.0, 249.0, 281.0, 272.0, 265.0, 263.0]"
8-28,Collaroy,north,105,2013-08-19,0,17.0,8,2013,"[16.9, 16.6, 15.1, 14.9, 15.6, 16.9, 18.4, 19.9, 21.7, 22.2, 22.9, 22.5, 21.8, 20.3, 20.4, 17.4, 13.1, 10.0, 17.8, 19.1, 20.9, 25.3, 25.4, 23.4, 22.7, 21.4, 23.9, 23.9, 24.1, 25.6]","[326.0, 326.0, 320.0, 323.0, 326.0, 333.0, 337.0, 338.0, 339.0, 340.0, 341.0, 340.0, 338.0, 335.0, 328.0, 320.0, 307.0, 308.0, 278.0, 270.0, 269.0, 266.0, 263.0, 260.0, 260.0, 262.0, 258.0, 263.0, 270.0, 274.0]"
8-28,Collaroy,north,105,2008-07-02,0,17.0,7,2008,"[10.6, 11.8, 14.0, 16.3, 17.6, 16.8, 16.8, 17.0, 17.2, 16.8, 16.9, 17.7, 18.9, 19.5, 22.4, 24.7, 29.5, 32.5, 32.4, 31.4, 31.3, 30.3, 28.4, 25.6, 22.9, 20.7, 20.2, 19.2, 19.1, 19.6]","[280.0, 297.0, 316.0, 317.0, 313.0, 312.0, 318.0, 324.0, 327.0, 325.0, 326.0, 322.0, 318.0, 309.0, 303.0, 291.0, 286.0, 283.0, 282.0, 283.0, 285.0, 283.0, 278.0, 271.0, 263.0, 262.0, 266.0, 265.0, 259.0, 256.0]"
8-29,Collaroy,north,105,2024-07-04,1,14.0,7,2024,"[22.1, 22.5, 17.5, 15.5, 15.2, 14.9, 14.3, 14.5, 15.5, 16.5, 15.1, 15.6, 15.5, 15.6, 13.2, 13.8, 14.2, 16.2, 18.7, 19.8, 19.7, 18.2, 16.7, 15.9, 15.6, 15.3, 9.1, 11.1, 11.9, 12.0]","[190.0, 190.0, 202.0, 202.0, 197.0, 187.0, 173.0, 160.0, 152.0, 157.0, 163.0, 164.0, 165.0, 165.0, 166.0, 165.0, 162.0, 159.0, 157.0, 155.0, 152.0, 150.0, 152.0, 155.0, 156.0, 158.0, 158.0, 155.0, 153.0, 156.0]"
8-29,Collaroy,north,105,2012-08-02,0,14.0,8,2012,"[16.5, 17.7, 19.0, 20.2, 19.9, 19.7, 20.2, 20.5, 21.2, 21.3, 20.4, 19.4, 18.4, 18.0, 17.0, 16.9, 16.3, 14.8, 13.8, 11.9, 9.4, 7.3, 5.9, 5.6, 6.0, 5.8, 6.5, 5.4, 4.0, 4.5]","[200.0, 204.0, 213.0, 221.0, 226.0, 232.0, 235.0, 236.0, 238.0, 240.0, 238.0, 235.0, 235.0, 237.0, 238.0, 241.0, 235.0, 227.0, 223.0, 215.0, 203.0, 189.0, 166.0, 140.0, 115.0, 97.0, 71.0, 37.0, 10.0, 331.0]"
8-29,Collaroy,north,105,2015-10-03,0,14.0,10,2015,"[15.4, 14.5, 10.2, 8.8, 9.0, 9.4, 9.4, 9.8, 10.0, 9.9, 10.0, 10.6, 11.3, 11.0, 9.6, 9.0, 8.6, 7.8, 6.5, 5.6, 6.6, 8.6, 10.7, 11.8, 11.9, 11.4, 12.2, 13.6, 14.0, 14.3]","[53.0, 42.0, 32.0, 12.0, 360.0, 358.0, 358.0, 354.0, 347.0, 341.0, 334.0, 332.0, 329.0, 328.0, 326.0, 331.0, 338.0, 347.0, 357.0, 15.0, 45.0, 57.0, 57.0, 50.0, 35.0, 11.0, 332.0, 310.0, 299.0, 298.0]"
8-29,Collaroy,north,105,2009-07-19,0,14.0,7,2009,"[8.6, 11.8, 12.7, 13.7, 13.5, 13.2, 13.4, 13.7, 13.8, 14.1, 14.0, 13.8, 13.3, 12.8, 12.5, 11.0, 11.1, 11.4, 10.9, 10.5, 9.4, 7.9, 4.8, 5.1, 6.4, 7.1, 9.5, 10.4, 12.1, 13.2]","[345.0, 333.0, 315.0, 305.0, 299.0, 296.0, 297.0, 300.0, 303.0, 308.0, 314.0, 317.0, 319.0, 320.0, 316.0, 308.0, 295.0, 283.0, 278.0, 274.0, 270.0, 273.0, 283.0, 309.0, 317.0, 315.0, 299.0, 304.0, 307.0, 305.0]"
8-30,Collaroy,north,105,2024-09-27,1,12.0,9,2024,"[22.8, 23.2, 18.6, 20.7, 23.7, 25.8, 28.4, 30.9, 30.3, 28.8, 27.2, 25.4, 24.8, 25.2, 22.1, 23.9, 26.4, 26.7, 26.5, 26.0, 26.0, 25.5, 24.4, 22.4, 20.6, 20.2, 18.4, 18.1, 17.3, 17.9]","[174.0, 168.0, 152.0, 149.0, 153.0, 160.0, 160.0, 156.0, 154.0, 152.0, 151.0, 147.0, 144.0, 145.0, 146.0, 144.0, 142.0, 137.0, 132.0, 131.0, 133.0, 134.0, 134.0, 134.0, 134.0, 131.0, 121.0, 120.0, 121.0, 119.0]"
8-30,Collaroy,north,105,2016-03-07,0,12.0,3,2016,"[20.9, 20.3, 18.3, 16.6, 15.5, 14.3, 12.3, 9.3, 8.0, 5.4, 4.8, 2.6, 1.3, 2.3, 2.9, 4.7, 5.9, 7.1, 9.0, 12.1, 15.5, 18.7, 21.1, 21.4, 20.2, 18.7, 19.7, 17.4, 14.6, 13.1]","[61.0, 57.0, 54.0, 49.0, 48.0, 45.0, 40.0, 36.0, 36.0, 37.0, 27.0, 16.0, 56.0, 72.0, 30.0, 32.0, 38.0, 45.0, 61.0, 73.0, 78.0, 74.0, 67.0, 61.0, 55.0, 52.0, 50.0, 50.0, 52.0, 58.0]"
8-30,Collaroy,north,105,2006-01-27,0,12.0,1,2006,"[17.9, 18.5, 17.1, 16.8, 16.1, 14.9, 14.3, 12.2, 11.4, 10.5, 10.0, 10.2, 10.8, 12.1, 7.6, 5.8, 5.1, 8.8, 12.7, 16.1, 18.8, 20.5, 21.6, 20.5, 19.8, 20.3, 20.0, 19.9, 18.6, 16.3]","[56.0, 53.0, 44.0, 43.0, 40.0, 37.0, 34.0, 28.0, 24.0, 22.0, 21.0, 23.0, 26.0, 23.0, 355.0, 360.0, 45.0, 71.0, 75.0, 74.0, 70.0, 66.0, 62.0, 59.0, 57.0, 53.0, 51.0, 48.0, 47.0, 49.0]"
8-30,Collaroy,north,105,2022-03-27,0,12.0,3,2022,"[13.4, 13.4, 8.2, 9.8, 9.7, 10.0, 10.1, 9.5, 10.0, 9.6, 8.0, 6.2, 8.4, 9.4, 4.2, 7.9, 8.5, 9.0, 10.7, 9.9, 12.0, 13.6, 14.3, 15.5, 17.5, 15.9, 1.3, 0.6, 4.9, 5.0]","[112.0, 118.0, 131.0, 133.0, 133.0, 120.0, 107.0, 104.0, 108.0, 107.0, 106.0, 120.0, 124.0, 116.0, 144.0, 137.0, 125.0, 102.0, 85.0, 95.0, 112.0, 120.0, 110.0, 87.0, 64.0, 51.0, 8.0, 304.0, 350.0, 339.0]"
8-31,Collaroy,north,105,2024-09-28,1,12.0,9,2024,"[20.6, 20.2, 18.4, 18.1, 17.3, 17.9, 18.0, 17.3, 16.5, 15.5, 14.8, 14.5, 14.5, 15.2, 14.1, 16.3, 18.1, 20.9, 20.1, 19.5, 19.0, 18.9, 18.8, 16.6, 14.4, 15.0, 11.9, 8.8, 9.3, 11.4]","[134.0, 131.0, 121.0, 120.0, 121.0, 119.0, 119.0, 120.0, 124.0, 128.0, 130.0, 129.0, 129.0, 126.0, 124.0, 122.0, 121.0, 114.0, 111.0, 112.0, 113.0, 114.0, 111.0, 109.0, 108.0, 104.0, 94.0, 102.0, 109.0, 106.0]"
8-31,Collaroy,north,105,2025-10-06,0,12.0,10,2025,"[11.4, 14.9, 15.6, 14.3, 16.0, 17.4, 18.6, 19.5, 20.8, 22.6, 24.0, 24.6, 25.8, 26.0, 22.9, 20.8, 16.4, 11.9, 9.6, 7.3, 6.7, 16.6, 24.4, 20.9, 18.8, 18.7, 11.6, 7.0, 7.6, 8.6]","[332.0, 312.0, 309.0, 318.0, 324.0, 323.0, 324.0, 326.0, 328.0, 324.0, 318.0, 315.0, 314.0, 312.0, 312.0, 304.0, 294.0, 284.0, 265.0, 226.0, 214.0, 159.0, 142.0, 144.0, 152.0, 158.0, 172.0, 132.0, 108.0, 120.0]"
8-31,Collaroy,north,105,2022-03-07,0,12.0,3,2022,"[13.8, 13.2, 16.2, 17.8, 19.8, 21.5, 22.6, 21.8, 19.6, 20.4, 19.6, 19.5, 18.8, 17.9, 12.4, 12.8, 13.0, 9.4, 10.9, 14.5, 15.9, 16.0, 18.0, 17.1, 17.8, 19.2, 5.4, 9.3, 10.2, 8.3]","[168.0, 156.0, 188.0, 172.0, 158.0, 158.0, 165.0, 167.0, 165.0, 151.0, 120.0, 100.0, 94.0, 96.0, 92.0, 89.0, 96.0, 110.0, 121.0, 107.0, 99.0, 113.0, 116.0, 123.0, 118.0, 112.0, 138.0, 122.0, 124.0, 138.0]"
8-31,Collaroy,north,105,2011-11-29,0,12.0,11,2011,"[23.7, 23.9, 23.2, 22.4, 21.7, 22.0, 19.8, 16.6, 14.5, 12.1, 11.1, 12.1, 12.5, 11.8, 6.5, 9.4, 13.9, 16.6, 18.4, 20.2, 21.6, 22.6, 24.7, 23.7, 24.2, 24.1, 22.5, 22.8, 22.1, 22.2]","[49.0, 45.0, 43.0, 42.0, 40.0, 38.0, 33.0, 27.0, 27.0, 27.0, 29.0, 37.0, 33.0, 23.0, 19.0, 50.0, 53.0, 51.0, 51.0, 55.0, 57.0, 56.0, 48.0, 46.0, 43.0, 39.0, 40.0, 39.0, 37.0, 36.0]"
8-32,Collaroy,north,105,2024-10-05,1,13.0,10,2024,"[13.9, 13.6, 13.2, 13.6, 13.9, 13.1, 11.8, 11.0, 12.6, 14.4, 16.6, 19.6, 20.2, 18.5, 15.0, 16.9, 18.4, 15.5, 12.8, 11.5, 10.3, 11.9, 11.0, 11.9, 13.5, 13.4, 13.6, 10.2, 11.0, 12.7]","[49.0, 37.0, 6.0, 349.0, 341.0, 341.0, 335.0, 342.0, 347.0, 1.0, 340.0, 324.0, 320.0, 317.0, 304.0, 298.0, 278.0, 261.0, 250.0, 256.0, 272.0, 280.0, 284.0, 276.0, 270.0, 277.0, 278.0, 301.0, 322.0, 337.0]"
8-32,Collaroy,north,105,2017-03-27,0,13.0,3,2017,"[13.9, 12.6, 10.5, 9.7, 9.3, 8.2, 7.5, 7.0, 6.6, 7.2, 7.5, 7.6, 6.6, 7.1, 5.7, 6.9, 8.1, 10.8, 12.5, 13.5, 15.3, 16.8, 18.9, 19.9, 20.6, 20.3, 18.2, 16.6, 15.0, 12.8]","[69.0, 59.0, 52.0, 42.0, 36.0, 23.0, 17.0, 12.0, 9.0, 18.0, 17.0, 8.0, 351.0, 330.0, 325.0, 351.0, 13.0, 30.0, 39.0, 42.0, 47.0, 48.0, 50.0, 48.0, 43.0, 37.0, 27.0, 24.0, 17.0, 10.0]"
8-32,Collaroy,north,105,2023-02-25,0,13.0,2,2023,"[13.8, 13.0, 12.2, 11.9, 11.7, 12.0, 10.7, 11.0, 11.0, 10.0, 7.5, 6.5, 5.9, 4.9, 4.8, 4.8, 6.8, 9.4, 11.5, 12.1, 14.4, 17.9, 20.7, 21.1, 21.3, 21.9, 19.4, 18.1, 16.9, 15.2]","[75.0, 71.0, 66.0, 61.0, 56.0, 49.0, 42.0, 41.0, 38.0, 30.0, 17.0, 360.0, 349.0, 343.0, 318.0, 347.0, 25.0, 40.0, 46.0, 53.0, 68.0, 71.0, 67.0, 63.0, 56.0, 49.0, 42.0, 35.0, 29.0, 22.0]"
8-32,Collaroy,north,105,2010-01-03,0,13.0,1,2010,"[5.6, 7.3, 4.7, 9.0, 15.8, 18.4, 19.7, 21.4, 22.9, 23.9, 22.6, 19.8, 18.3, 17.9, 14.5, 15.2, 14.8, 15.3, 17.1, 17.2, 16.9, 16.6, 17.1, 17.3, 17.1, 15.5, 12.8, 11.9, 11.1, 10.5]","[117.0, 171.0, 171.0, 203.0, 197.0, 183.0, 171.0, 163.0, 164.0, 164.0, 166.0, 164.0, 160.0, 158.0, 145.0, 144.0, 139.0, 139.0, 141.0, 143.0, 140.0, 138.0, 136.0, 137.0, 136.0, 132.0, 122.0, 125.0, 126.0, 128.0]"
8-33,Collaroy,north,105,2024-10-29,1,7.0,10,2024,"[18.8, 18.4, 15.8, 17.7, 18.2, 16.1, 12.8, 12.1, 12.3, 11.1, 8.7, 6.0, 5.1, 5.2, 1.5, 0.5, 2.4, 5.5, 7.5, 13.1, 17.1, 19.1, 18.0, 15.4, 13.4, 11.7, 7.4, 7.2, 6.9, 6.8]","[146.0, 156.0, 143.0, 147.0, 145.0, 141.0, 145.0, 155.0, 159.0, 160.0, 159.0, 170.0, 190.0, 192.0, 159.0, 360.0, 77.0, 79.0, 80.0, 89.0, 89.0, 87.0, 81.0, 85.0, 95.0, 95.0, 108.0, 127.0, 129.0, 125.0]"
8-33,Collaroy,north,105,2017-05-24,0,7.0,5,2017,"[12.9, 14.3, 14.2, 13.3, 13.0, 13.3, 13.0, 12.9, 13.0, 12.6, 13.1, 13.3, 14.2, 16.2, 11.2, 12.9, 14.3, 15.6, 18.0, 18.9, 19.4, 19.0, 19.5, 19.1, 16.7, 14.1, 14.1, 13.7, 15.1, 15.5]","[36.0, 28.0, 9.0, 2.0, 354.0, 347.0, 341.0, 337.0, 332.0, 333.0, 328.0, 327.0, 333.0, 328.0, 327.0, 330.0, 315.0, 296.0, 272.0, 262.0, 260.0, 255.0, 251.0, 248.0, 251.0, 255.0, 264.0, 272.0, 271.0, 266.0]"
8-33,Collaroy,north,105,2008-05-21,0,7.0,5,2008,"[2.9, 1.5, 4.6, 7.6, 8.8, 8.3, 8.3, 9.0, 9.4, 8.9, 9.0, 9.1, 9.0, 9.2, 10.3, 10.1, 12.0, 14.5, 19.1, 22.4, 24.2, 24.4, 24.9, 25.2, 25.2, 25.2, 23.2, 23.5, 23.1, 22.3]","[83.0, 346.0, 288.0, 289.0, 282.0, 275.0, 270.0, 268.0, 263.0, 256.0, 254.0, 252.0, 247.0, 244.0, 245.0, 235.0, 226.0, 203.0, 179.0, 169.0, 165.0, 166.0, 169.0, 170.0, 170.0, 170.0, 173.0, 175.0, 178.0, 179.0]"
8-33,Collaroy,north,105,2025-08-24,0,7.0,8,2025,"[14.9, 14.9, 13.0, 13.4, 12.7, 14.8, 18.0, 20.9, 21.7, 22.0, 21.2, 19.4, 18.0, 16.8, 15.3, 17.4, 16.0, 14.4, 14.0, 14.2, 13.9, 11.7, 9.2, 7.1, 7.3, 7.0, 9.1, 10.7, 12.4, 13.2]","[179.0, 181.0, 197.0, 211.0, 216.0, 206.0, 198.0, 193.0, 192.0, 193.0, 199.0, 211.0, 221.0, 233.0, 240.0, 234.0, 235.0, 244.0, 248.0, 232.0, 220.0, 214.0, 213.0, 216.0, 228.0, 235.0, 240.0, 240.0, 240.0, 246.0]"
8-34,Collaroy,north,105,2024-11-04,1,8.0,11,2024,"[13.6, 13.4, 12.1, 10.5, 11.4, 13.0, 13.0, 13.5, 15.0, 15.3, 8.2, 7.3, 9.5, 11.7, 11.8, 9.0, 9.1, 18.0, 18.3, 14.6, 8.4, 7.8, 9.0, 9.3, 10.6, 13.2, 10.4, 13.2, 17.2, 18.0]","[29.0, 20.0, 353.0, 348.0, 356.0, 350.0, 343.0, 341.0, 339.0, 329.0, 280.0, 218.0, 199.0, 194.0, 156.0, 150.0, 159.0, 179.0, 173.0, 166.0, 137.0, 124.0, 93.0, 77.0, 99.0, 107.0, 118.0, 163.0, 173.0, 177.0]"
8-34,Collaroy,north,105,2020-01-16,0,8.0,1,2020,"[19.4, 18.1, 15.1, 14.8, 12.8, 11.0, 7.4, 6.4, 5.3, 2.6, 4.5, 8.0, 8.0, 8.9, 7.1, 7.1, 5.7, 4.8, 1.8, 2.8, 6.9, 9.6, 11.2, 6.3, 4.1, 3.1, 2.2, 5.1, 8.4, 9.5]","[59.0, 49.0, 52.0, 43.0, 32.0, 23.0, 43.0, 43.0, 28.0, 344.0, 284.0, 262.0, 252.0, 243.0, 300.0, 315.0, 305.0, 312.0, 11.0, 50.0, 6.0, 20.0, 42.0, 59.0, 105.0, 135.0, 351.0, 274.0, 230.0, 209.0]"
8-34,Collaroy,north,105,2012-09-11,0,8.0,9,2012,"[16.7, 16.6, 15.9, 14.9, 13.3, 10.9, 8.9, 8.2, 9.9, 13.9, 17.1, 16.9, 15.7, 15.1, 15.1, 13.7, 13.5, 14.4, 15.3, 15.1, 15.6, 16.6, 16.4, 14.6, 13.4, 11.9, 10.1, 10.0, 9.1, 7.4]","[53.0, 42.0, 33.0, 20.0, 3.0, 343.0, 317.0, 285.0, 251.0, 217.0, 198.0, 196.0, 200.0, 208.0, 205.0, 203.0, 196.0, 181.0, 172.0, 168.0, 157.0, 150.0, 142.0, 142.0, 149.0, 155.0, 174.0, 193.0, 198.0, 209.0]"
8-34,Collaroy,north,105,2024-12-22,0,8.0,12,2024,"[17.9, 16.2, 13.4, 13.4, 12.8, 14.8, 16.4, 15.5, 13.8, 12.7, 10.9, 9.6, 8.9, 8.0, 3.4, 4.9, 7.2, 8.7, 12.6, 16.2, 18.6, 20.7, 22.7, 21.8, 18.0, 13.0, 12.3, 8.2, 3.2, 2.1]","[149.0, 149.0, 140.0, 138.0, 146.0, 150.0, 149.0, 149.0, 153.0, 155.0, 153.0, 143.0, 132.0, 118.0, 137.0, 129.0, 112.0, 98.0, 91.0, 90.0, 82.0, 80.0, 78.0, 69.0, 61.0, 61.0, 53.0, 58.0, 74.0, 232.0]"
8-35,Collaroy,north,105,2024-12-01,1,7.0,12,2024,"[19.2, 19.8, 17.1, 18.4, 19.0, 17.1, 16.7, 16.1, 13.9, 13.0, 13.4, 13.6, 12.6, 13.1, 11.3, 9.2, 7.6, 7.3, 8.4, 8.6, 8.8, 9.2, 9.4, 6.6, 10.9, 14.7, 11.5, 10.1, 11.5, 10.6]","[47.0, 39.0, 33.0, 40.0, 43.0, 42.0, 30.0, 11.0, 355.0, 349.0, 338.0, 325.0, 322.0, 322.0, 312.0, 312.0, 326.0, 350.0, 16.0, 36.0, 17.0, 357.0, 59.0, 22.0, 34.0, 25.0, 25.0, 355.0, 333.0, 328.0]"
8-35,Collaroy,north,105,2020-05-07,0,7.0,5,2020,"[11.8, 13.7, 12.6, 12.5, 12.1, 11.5, 11.0, 10.7, 11.0, 11.2, 11.8, 12.5, 12.5, 13.3, 12.5, 11.2, 11.3, 11.5, 13.0, 14.1, 13.4, 12.7, 12.6, 14.8, 15.5, 16.6, 14.6, 15.9, 17.2, 17.8]","[31.0, 23.0, 357.0, 348.0, 337.0, 328.0, 322.0, 318.0, 319.0, 320.0, 322.0, 321.0, 321.0, 322.0, 314.0, 318.0, 329.0, 346.0, 357.0, 357.0, 354.0, 353.0, 5.0, 4.0, 357.0, 347.0, 350.0, 354.0, 349.0, 342.0]"
8-35,Collaroy,north,105,2017-05-24,0,7.0,5,2017,"[12.9, 14.3, 14.2, 13.3, 13.0, 13.3, 13.0, 12.9, 13.0, 12.6, 13.1, 13.3, 14.2, 16.2, 11.2, 12.9, 14.3, 15.6, 18.0, 18.9, 19.4, 19.0, 19.5, 19.1, 16.7, 14.1, 14.1, 13.7, 15.1, 15.5]","[36.0, 28.0, 9.0, 2.0, 354.0, 347.0, 341.0, 337.0, 332.0, 333.0, 328.0, 327.0, 333.0, 328.0, 327.0, 330.0, 315.0, 296.0, 272.0, 262.0, 260.0, 255.0, 251.0, 248.0, 251.0, 255.0, 264.0, 272.0, 271.0, 266.0]"
8-35,Collaroy,north,105,2019-09-03,0,7.0,9,2019,"[14.0, 10.8, 8.0, 8.0, 8.6, 9.4, 7.9, 7.9, 9.2, 10.7, 10.7, 10.7, 9.8, 9.2, 8.4, 5.5, 3.9, 1.8, 0.8, 4.4, 9.1, 14.2, 15.2, 12.6, 8.6, 8.0, 5.4, 1.8, 0.4, 1.3]","[162.0, 178.0, 216.0, 243.0, 255.0, 263.0, 286.0, 294.0, 309.0, 310.0, 315.0, 312.0, 306.0, 296.0, 280.0, 281.0, 292.0, 281.0, 117.0, 99.0, 97.0, 97.0, 95.0, 95.0, 90.0, 85.0, 98.0, 101.0, 180.0, 326.0]"
8-36,Collaroy,north,105,2024-12-30,1,6.0,12,2024,"[16.1, 13.2, 12.5, 11.7, 11.4, 12.5, 13.2, 13.5, 13.4, 13.2, 11.3, 9.4, 8.1, 10.3, 10.3, 11.8, 14.0, 16.4, 17.3, 17.6, 17.2, 17.3, 18.0, 18.8, 18.4, 16.8, 14.9, 13.8, 12.1, 12.2]","[120.0, 127.0, 141.0, 151.0, 159.0, 162.0, 163.0, 161.0, 160.0, 158.0, 155.0, 154.0, 152.0, 133.0, 123.0, 117.0, 110.0, 105.0, 99.0, 91.0, 84.0, 79.0, 76.0, 73.0, 68.0, 62.0, 54.0, 49.0, 47.0, 45.0]"
8-36,Collaroy,north,105,2010-06-18,0,6.0,6,2010,"[22.7, 21.2, 18.6, 17.6, 16.1, 14.7, 15.7, 16.5, 16.3, 15.5, 14.9, 14.5, 13.8, 13.4, 12.7, 11.8, 12.3, 12.7, 11.6, 9.7, 7.7, 5.8, 3.3, 3.6, 4.5, 7.6, 11.2, 14.1, 14.1, 11.9]","[324.0, 320.0, 316.0, 313.0, 304.0, 298.0, 290.0, 281.0, 278.0, 282.0, 290.0, 297.0, 303.0, 306.0, 295.0, 293.0, 285.0, 277.0, 275.0, 272.0, 259.0, 240.0, 221.0, 225.0, 256.0, 265.0, 268.0, 267.0, 266.0, 267.0]"
8-36,Collaroy,north,105,2009-06-06,0,6.0,6,2009,"[7.2, 8.3, 12.7, 13.7, 14.6, 15.1, 15.1, 14.1, 13.8, 13.2, 13.1, 12.6, 12.1, 11.9, 13.7, 13.1, 13.0, 11.9, 10.4, 8.6, 7.6, 6.7, 6.4, 7.5, 8.2, 10.7, 12.5, 13.3, 12.8, 11.5]","[267.0, 270.0, 255.0, 256.0, 261.0, 267.0, 269.0, 273.0, 277.0, 281.0, 286.0, 290.0, 293.0, 295.0, 293.0, 291.0, 284.0, 275.0, 272.0, 270.0, 273.0, 286.0, 313.0, 325.0, 331.0, 327.0, 316.0, 311.0, 308.0, 311.0]"
8-36,Collaroy,north,105,2014-05-23,0,6.0,5,2014,"[10.5, 12.3, 14.6, 14.0, 13.0, 12.5, 11.6, 11.9, 11.8, 11.8, 12.5, 13.0, 13.2, 13.7, 13.8, 12.0, 11.6, 11.8, 11.5, 10.9, 10.4, 9.4, 8.6, 10.4, 12.8, 14.5, 14.6, 15.2, 15.6, 16.3]","[22.0, 3.0, 340.0, 325.0, 316.0, 311.0, 306.0, 305.0, 308.0, 310.0, 314.0, 314.0, 315.0, 315.0, 313.0, 309.0, 306.0, 308.0, 311.0, 314.0, 314.0, 320.0, 327.0, 326.0, 320.0, 314.0, 308.0, 306.0, 304.0, 305.0]"
8-37,Collaroy,north,105,2024-12-31,1,6.0,12,2024,"[18.4, 16.8, 14.9, 13.8, 12.1, 12.2, 11.2, 8.9, 6.2, 6.1, 4.9, 4.4, 5.2, 5.6, 5.5, 7.8, 9.3, 10.0, 11.2, 13.2, 15.3, 17.7, 18.7, 17.1, 15.8, 13.5, 12.2, 10.3, 10.7, 11.2]","[68.0, 62.0, 54.0, 49.0, 47.0, 45.0, 41.0, 28.0, 8.0, 19.0, 51.0, 83.0, 84.0, 92.0, 107.0, 124.0, 112.0, 104.0, 101.0, 95.0, 87.0, 75.0, 76.0, 71.0, 76.0, 80.0, 77.0, 83.0, 77.0, 71.0]"
8-37,Collaroy,north,105,2023-03-02,0,6.0,3,2023,"[26.1, 22.4, 16.3, 16.6, 15.3, 14.3, 12.7, 10.4, 8.7, 7.6, 8.0, 8.3, 8.6, 8.9, 4.8, 6.8, 7.9, 8.8, 10.1, 10.8, 11.5, 11.5, 13.0, 15.0, 16.2, 15.6, 14.3, 11.7, 9.7, 8.7]","[173.0, 174.0, 175.0, 176.0, 172.0, 170.0, 173.0, 182.0, 187.0, 185.0, 175.0, 185.0, 195.0, 201.0, 132.0, 108.0, 106.0, 102.0, 94.0, 90.0, 88.0, 90.0, 88.0, 80.0, 69.0, 61.0, 56.0, 47.0, 42.0, 38.0]"
8-37,Collaroy,north,105,2009-08-16,0,6.0,8,2009,"[8.7, 10.0, 9.0, 8.7, 9.0, 9.8, 10.5, 11.5, 12.0, 12.7, 13.3, 14.6, 15.8, 17.4, 17.1, 17.2, 17.7, 17.6, 16.1, 16.7, 17.3, 18.1, 18.8, 17.6, 18.1, 18.8, 20.5, 21.5, 22.1, 24.2]","[48.0, 41.0, 29.0, 17.0, 355.0, 332.0, 319.0, 314.0, 314.0, 315.0, 322.0, 327.0, 333.0, 336.0, 330.0, 331.0, 333.0, 337.0, 344.0, 354.0, 1.0, 13.0, 12.0, 359.0, 355.0, 355.0, 358.0, 346.0, 344.0, 342.0]"
8-37,Collaroy,north,105,2018-02-08,0,6.0,2,2018,"[21.1, 19.5, 16.1, 15.1, 14.3, 13.2, 11.9, 10.9, 11.4, 12.4, 12.7, 10.2, 8.2, 8.0, 7.6, 9.8, 11.3, 13.8, 16.6, 18.5, 19.2, 20.8, 22.1, 23.3, 23.1, 23.2, 20.9, 20.4, 18.7, 15.9]","[60.0, 56.0, 51.0, 50.0, 41.0, 35.0, 29.0, 27.0, 28.0, 30.0, 25.0, 10.0, 345.0, 350.0, 352.0, 17.0, 37.0, 51.0, 56.0, 57.0, 56.0, 56.0, 56.0, 55.0, 51.0, 44.0, 41.0, 36.0, 34.0, 28.0]"
8-38,Collaroy,north,105,2025-01-18,1,16.0,1,2025,"[45.2, 43.8, 41.6, 40.1, 37.9, 37.9, 38.2, 38.9, 38.5, 38.4, 38.1, 37.4, 34.7, 32.7, 33.8, 32.2, 31.5, 29.7, 27.0, 26.5, 27.9, 26.8, 28.4, 27.1, 26.3, 26.0, 20.6, 24.1, 25.4, 25.5]","[183.0, 182.0, 180.0, 185.0, 185.0, 184.0, 180.0, 180.0, 182.0, 183.0, 184.0, 181.0, 179.0, 176.0, 174.0, 171.0, 161.0, 151.0, 151.0, 156.0, 153.0, 156.0, 151.0, 153.0, 155.0, 156.0, 161.0, 153.0, 150.0, 150.0]"
8-38,Collaroy,north,105,2023-07-12,0,16.0,7,2023,"[2.7, 4.4, 3.3, 3.8, 4.7, 5.9, 6.5, 6.6, 6.0, 6.4, 7.0, 7.2, 7.4, 7.3, 8.2, 7.4, 6.9, 6.2, 3.9, 2.9, 5.1, 7.3, 8.7, 10.7, 12.5, 14.0, 11.4, 11.6, 12.0, 11.9]","[337.0, 351.0, 6.0, 17.0, 9.0, 346.0, 326.0, 315.0, 303.0, 297.0, 291.0, 288.0, 284.0, 281.0, 285.0, 284.0, 276.0, 280.0, 304.0, 7.0, 45.0, 57.0, 66.0, 57.0, 46.0, 35.0, 28.0, 16.0, 9.0, 3.0]"
8-38,Collaroy,north,105,2017-11-26,0,16.0,11,2017,"[17.4, 15.3, 12.6, 11.3, 11.6, 7.8, 3.4, 3.5, 2.3, 2.7, 3.6, 3.7, 3.4, 5.3, 4.6, 9.3, 14.4, 17.8, 19.7, 21.7, 23.5, 24.5, 25.8, 24.6, 22.4, 22.2, 18.3, 17.3, 17.2, 15.8]","[72.0, 71.0, 70.0, 68.0, 64.0, 56.0, 72.0, 114.0, 162.0, 203.0, 174.0, 151.0, 122.0, 62.0, 72.0, 62.0, 68.0, 72.0, 72.0, 71.0, 69.0, 68.0, 65.0, 63.0, 60.0, 58.0, 54.0, 54.0, 53.0, 47.0]"
8-38,Collaroy,north,105,2006-01-05,0,16.0,1,2006,"[12.4, 13.4, 9.4, 9.4, 9.0, 7.6, 7.6, 6.6, 7.1, 8.4, 9.6, 11.9, 11.8, 11.7, 14.6, 16.3, 17.0, 16.0, 16.3, 16.9, 16.6, 17.0, 17.2, 18.2, 17.8, 17.0, 12.2, 14.4, 16.5, 16.4]","[82.0, 85.0, 94.0, 97.0, 92.0, 93.0, 87.0, 103.0, 114.0, 115.0, 124.0, 119.0, 113.0, 108.0, 123.0, 118.0, 111.0, 104.0, 95.0, 90.0, 86.0, 84.0, 79.0, 76.0, 72.0, 69.0, 76.0, 58.0, 44.0, 38.0]"
8-39,Collaroy,north,105,2025-01-20,1,17.0,1,2025,"[20.6, 18.3, 17.3, 16.8, 16.3, 15.2, 13.5, 12.1, 11.8, 11.2, 10.0, 9.2, 9.4, 10.6, 10.6, 9.6, 7.5, 7.3, 8.9, 11.5, 13.0, 13.8, 14.3, 14.3, 13.0, 10.7, 6.3, 5.1, 5.0, 2.7]","[166.0, 167.0, 166.0, 170.0, 174.0, 175.0, 178.0, 185.0, 193.0, 195.0, 198.0, 211.0, 222.0, 224.0, 219.0, 206.0, 188.0, 173.0, 153.0, 139.0, 128.0, 117.0, 109.0, 101.0, 93.0, 83.0, 95.0, 107.0, 109.0, 148.0]"
8-39,Collaroy,north,105,2019-06-13,0,17.0,6,2019,"[14.2, 16.2, 15.3, 14.8, 16.6, 17.3, 16.9, 16.7, 17.0, 17.4, 17.3, 16.9, 16.6, 17.1, 15.1, 15.9, 15.8, 15.2, 15.2, 14.3, 11.8, 10.8, 11.2, 11.2, 12.3, 13.6, 11.1, 13.0, 13.8, 14.7]","[16.0, 4.0, 345.0, 342.0, 333.0, 339.0, 340.0, 341.0, 339.0, 338.0, 337.0, 331.0, 330.0, 330.0, 327.0, 322.0, 315.0, 324.0, 324.0, 313.0, 297.0, 285.0, 274.0, 270.0, 265.0, 259.0, 245.0, 251.0, 255.0, 259.0]"
8-39,Collaroy,north,105,2013-04-10,0,17.0,4,2013,"[9.2, 7.9, 7.2, 4.6, 5.2, 5.1, 3.1, 2.1, 2.5, 3.3, 4.1, 5.0, 5.7, 5.9, 4.3, 3.3, 2.4, 0.5, 3.5, 5.8, 7.3, 8.7, 10.3, 10.8, 11.8, 12.7, 12.8, 13.0, 13.0, 12.2]","[69.0, 60.0, 53.0, 45.0, 34.0, 4.0, 339.0, 301.0, 262.0, 257.0, 255.0, 249.0, 235.0, 232.0, 265.0, 257.0, 243.0, 45.0, 66.0, 68.0, 70.0, 66.0, 65.0, 60.0, 52.0, 45.0, 40.0, 28.0, 14.0, 358.0]"
8-39,Collaroy,north,105,2016-12-19,0,17.0,12,2016,"[18.3, 16.4, 10.9, 10.7, 11.3, 10.7, 10.3, 9.1, 7.1, 6.1, 4.8, 5.0, 6.2, 8.0, 11.1, 13.1, 13.1, 14.5, 17.0, 18.8, 19.5, 20.1, 21.4, 22.9, 24.2, 23.7, 19.1, 17.7, 16.8, 15.4]","[133.0, 130.0, 117.0, 123.0, 127.0, 130.0, 126.0, 124.0, 120.0, 118.0, 117.0, 111.0, 100.0, 85.0, 65.0, 58.0, 58.0, 71.0, 73.0, 70.0, 65.0, 61.0, 57.0, 57.0, 53.0, 49.0, 43.0, 39.0, 35.0, 33.0]"
8-40,Collaroy,north,105,2025-02-22,1,16.0,2,2025,"[19.9, 20.3, 15.2, 13.3, 11.3, 9.8, 8.7, 8.7, 10.8, 13.0, 12.4, 11.7, 12.1, 13.0, 10.1, 11.5, 14.9, 15.4, 15.9, 16.3, 17.8, 19.6, 21.3, 21.8, 20.9, 20.5, 18.3, 18.0, 16.7, 14.7]","[76.0, 71.0, 64.0, 57.0, 54.0, 60.0, 69.0, 76.0, 72.0, 65.0, 57.0, 52.0, 46.0, 39.0, 43.0, 44.0, 46.0, 49.0, 53.0, 56.0, 60.0, 65.0, 66.0, 64.0, 62.0, 58.0, 54.0, 47.0, 42.0, 36.0]"
8-40,Collaroy,north,105,2006-06-09,0,16.0,6,2006,"[13.2, 11.8, 7.8, 8.6, 8.6, 7.9, 7.9, 7.6, 7.2, 6.9, 6.8, 7.2, 7.2, 6.5, 4.2, 3.7, 4.0, 5.4, 6.2, 7.1, 7.9, 8.6, 7.2, 8.1, 8.9, 10.1, 6.1, 5.4, 5.5, 5.5]","[163.0, 160.0, 167.0, 165.0, 158.0, 156.0, 156.0, 161.0, 162.0, 171.0, 180.0, 180.0, 183.0, 180.0, 200.0, 191.0, 185.0, 184.0, 173.0, 156.0, 137.0, 123.0, 117.0, 111.0, 104.0, 96.0, 90.0, 82.0, 79.0, 67.0]"
8-40,Collaroy,north,105,2008-07-05,0,16.0,7,2008,"[15.9, 16.2, 15.7, 14.7, 14.2, 13.7, 12.4, 11.8, 11.4, 10.2, 8.4, 6.8, 5.9, 5.3, 3.0, 2.7, 1.9, 3.4, 9.4, 12.3, 13.9, 13.6, 12.9, 12.8, 12.7, 12.4, 11.4, 10.9, 11.4, 13.1]","[128.0, 127.0, 110.0, 112.0, 111.0, 108.0, 107.0, 102.0, 101.0, 98.0, 97.0, 90.0, 76.0, 62.0, 346.0, 337.0, 338.0, 32.0, 40.0, 38.0, 37.0, 37.0, 36.0, 32.0, 29.0, 22.0, 13.0, 9.0, 13.0, 16.0]"
8-40,Collaroy,north,105,2014-02-22,0,16.0,2,2014,"[20.1, 20.0, 16.6, 15.8, 15.9, 14.6, 12.8, 11.2, 9.3, 8.3, 8.0, 7.9, 8.3, 8.6, 8.3, 9.4, 10.9, 12.5, 13.4, 14.6, 15.1, 16.8, 18.1, 18.9, 17.7, 14.6, 11.2, 12.4, 14.2, 14.8]","[133.0, 129.0, 132.0, 139.0, 141.0, 140.0, 142.0, 147.0, 152.0, 162.0, 175.0, 183.0, 182.0, 178.0, 185.0, 162.0, 153.0, 147.0, 144.0, 142.0, 140.0, 137.0, 133.0, 132.0, 128.0, 123.0, 138.0, 150.0, 156.0, 157.0]"
8-41,Collaroy,north,105,2025-03-01,1,18.0,3,2025,"[11.9, 11.9, 11.4, 6.2, 13.6, 18.2, 18.9, 19.2, 17.4, 16.4, 15.5, 14.0, 12.7, 12.0, 7.7, 4.4, 2.9, 4.3, 8.1, 11.4, 13.4, 15.0, 16.7, 17.0, 16.9, 17.4, 12.3, 11.0, 9.8, 8.6]","[58.0, 48.0, 41.0, 97.0, 165.0, 175.0, 184.0, 185.0, 185.0, 185.0, 188.0, 193.0, 198.0, 199.0, 221.0, 210.0, 176.0, 114.0, 91.0, 86.0, 83.0, 80.0, 74.0, 62.0, 60.0, 53.0, 50.0, 42.0, 36.0, 31.0]"
8-41,Collaroy,north,105,2025-10-30,0,18.0,10,2025,"[5.0, 5.7, 7.9, 6.1, 3.7, 2.9, 3.7, 6.5, 9.0, 9.6, 9.3, 9.4, 9.8, 10.8, 6.0, 4.4, 3.4, 4.0, 4.9, 6.7, 8.6, 9.4, 10.1, 10.8, 8.9, 8.1, 4.7, 2.9, 2.5, 3.1]","[69.0, 62.0, 63.0, 56.0, 43.0, 360.0, 284.0, 264.0, 258.0, 249.0, 238.0, 234.0, 238.0, 238.0, 205.0, 212.0, 180.0, 144.0, 118.0, 109.0, 112.0, 110.0, 106.0, 105.0, 99.0, 94.0, 81.0, 97.0, 180.0, 230.0]"
8-41,Collaroy,north,105,2024-09-26,0,18.0,9,2024,"[1.2, 8.4, 17.6, 15.4, 6.9, 3.6, 4.3, 4.3, 4.6, 5.5, 8.0, 28.3, 28.6, 28.9, 26.2, 26.3, 24.1, 24.7, 27.8, 28.0, 27.4, 26.4, 24.0, 23.6, 22.8, 23.2, 18.6, 20.7, 23.7, 25.8]","[309.0, 222.0, 212.0, 197.0, 173.0, 81.0, 33.0, 17.0, 349.0, 328.0, 207.0, 179.0, 180.0, 184.0, 196.0, 195.0, 194.0, 190.0, 184.0, 186.0, 192.0, 196.0, 193.0, 184.0, 174.0, 168.0, 152.0, 149.0, 153.0, 160.0]"
8-41,Collaroy,north,105,2024-03-04,0,18.0,3,2024,"[5.1, 9.7, 12.2, 12.5, 14.5, 17.5, 19.2, 22.9, 24.2, 22.9, 25.5, 28.0, 25.1, 22.3, 24.3, 25.2, 23.2, 21.8, 19.6, 18.9, 18.9, 19.2, 19.9, 19.9, 18.4, 17.7, 13.7, 13.4, 13.0, 12.2]","[98.0, 129.0, 124.0, 123.0, 138.0, 143.0, 142.0, 147.0, 150.0, 150.0, 157.0, 162.0, 167.0, 171.0, 173.0, 170.0, 167.0, 167.0, 166.0, 162.0, 156.0, 150.0, 148.0, 148.0, 149.0, 147.0, 150.0, 153.0, 152.0, 152.0]"
8-42,Collaroy,north,105,2025-03-25,1,9.0,3,2025,"[10.8, 8.3, 4.7, 5.4, 6.0, 6.9, 7.6, 7.8, 8.3, 8.6, 9.1, 9.3, 9.3, 9.5, 8.0, 8.3, 10.2, 12.0, 13.3, 12.1, 10.4, 10.2, 9.1, 10.0, 9.2, 9.1, 7.3, 7.6, 10.1, 10.4]","[75.0, 76.0, 106.0, 124.0, 136.0, 133.0, 133.0, 138.0, 141.0, 150.0, 158.0, 162.0, 161.0, 159.0, 153.0, 146.0, 131.0, 118.0, 111.0, 90.0, 82.0, 80.0, 75.0, 76.0, 69.0, 65.0, 79.0, 71.0, 66.0, 67.0]"
8-42,Collaroy,north,105,2012-11-25,0,9.0,11,2012,"[18.7, 18.4, 14.1, 12.1, 7.9, 4.3, 4.9, 6.3, 6.3, 7.9, 8.9, 9.2, 8.8, 7.6, 6.8, 5.6, 1.0, 5.1, 8.7, 11.4, 14.8, 15.8, 13.3, 12.2, 10.5, 7.4, 4.9, 3.7, 2.9, 4.5]","[50.0, 42.0, 38.0, 27.0, 3.0, 360.0, 17.0, 24.0, 24.0, 3.0, 346.0, 334.0, 325.0, 329.0, 302.0, 285.0, 225.0, 129.0, 132.0, 114.0, 96.0, 90.0, 87.0, 76.0, 68.0, 67.0, 36.0, 349.0, 263.0, 209.0]"
8-42,Collaroy,north,105,2011-05-16,0,9.0,5,2011,"[5.2, 6.5, 7.2, 6.8, 6.0, 7.6, 8.8, 10.5, 11.1, 10.5, 9.1, 8.4, 7.9, 7.6, 8.0, 5.9, 3.6, 2.3, 3.1, 3.9, 3.7, 2.6, 4.5, 7.1, 7.1, 7.7, 7.7, 2.9, 3.7, 7.1]","[12.0, 3.0, 357.0, 335.0, 303.0, 275.0, 251.0, 239.0, 234.0, 239.0, 252.0, 263.0, 270.0, 275.0, 288.0, 281.0, 276.0, 321.0, 339.0, 326.0, 299.0, 236.0, 151.0, 131.0, 120.0, 118.0, 101.0, 97.0, 241.0, 229.0]"
8-42,Collaroy,north,105,2007-04-20,0,9.0,4,2007,"[12.4, 12.5, 10.9, 10.3, 8.7, 6.9, 6.5, 5.5, 5.1, 6.0, 6.5, 7.6, 9.1, 10.7, 12.7, 16.9, 20.2, 19.5, 18.8, 20.1, 21.3, 20.3, 17.6, 16.8, 16.2, 15.6, 12.6, 12.6, 12.1, 11.6]","[60.0, 51.0, 46.0, 36.0, 17.0, 6.0, 354.0, 337.0, 309.0, 287.0, 273.0, 251.0, 236.0, 225.0, 227.0, 204.0, 191.0, 182.0, 173.0, 165.0, 158.0, 150.0, 154.0, 157.0, 163.0, 172.0, 183.0, 193.0, 197.0, 202.0]"
8-43,Collaroy,north,105,2025-03-28,1,15.0,3,2025,"[9.3, 7.9, 10.4, 8.1, 8.0, 9.5, 10.1, 10.7, 11.4, 8.8, 9.0, 8.8, 10.5, 10.9, 9.9, 14.8, 18.5, 19.4, 19.1, 18.7, 17.4, 13.9, 13.1, 13.0, 11.9, 11.3, 8.7, 11.2, 12.3, 10.4]","[100.0, 111.0, 105.0, 96.0, 99.0, 109.0, 100.0, 103.0, 102.0, 94.0, 92.0, 95.0, 96.0, 98.0, 81.0, 84.0, 77.0, 75.0, 76.0, 69.0, 68.0, 69.0, 75.0, 73.0, 72.0, 76.0, 77.0, 75.0, 79.0, 82.0]"
8-43,Collaroy,north,105,2011-05-28,0,15.0,5,2011,"[10.0, 9.8, 7.7, 7.6, 8.5, 9.5, 10.3, 11.1, 12.4, 12.2, 11.3, 10.2, 10.0, 9.8, 11.6, 11.1, 12.2, 12.7, 12.8, 13.3, 14.1, 14.6, 14.4, 14.1, 12.1, 11.3, 10.5, 10.2, 10.4, 10.1]","[195.0, 204.0, 208.0, 225.0, 234.0, 241.0, 245.0, 245.0, 244.0, 242.0, 239.0, 238.0, 240.0, 242.0, 240.0, 234.0, 225.0, 209.0, 191.0, 180.0, 174.0, 170.0, 167.0, 167.0, 168.0, 173.0, 186.0, 188.0, 194.0, 197.0]"
8-43,Collaroy,north,105,2025-10-24,0,15.0,10,2025,"[17.5, 17.1, 12.5, 9.0, 7.3, 6.1, 6.2, 3.3, 2.4, 1.2, 2.1, 3.1, 4.9, 6.3, 6.7, 5.5, 7.3, 9.6, 14.1, 22.0, 28.6, 29.4, 26.5, 21.7, 17.2, 13.9, 11.3, 9.6, 8.7, 6.8]","[92.0, 75.0, 57.0, 38.0, 31.0, 40.0, 54.0, 41.0, 9.0, 297.0, 232.0, 242.0, 270.0, 272.0, 267.0, 232.0, 197.0, 175.0, 164.0, 157.0, 156.0, 157.0, 158.0, 153.0, 147.0, 150.0, 170.0, 167.0, 163.0, 169.0]"
8-43,Collaroy,north,105,2018-09-25,0,15.0,9,2018,"[17.4, 16.1, 13.0, 13.0, 11.4, 10.0, 8.2, 7.2, 7.6, 6.6, 5.9, 4.7, 4.0, 3.3, 4.8, 3.6, 1.8, 5.2, 7.6, 9.0, 9.8, 10.3, 11.0, 13.3, 14.3, 13.2, 9.6, 8.7, 9.2, 9.2]","[150.0, 151.0, 161.0, 156.0, 156.0, 154.0, 151.0, 153.0, 155.0, 158.0, 166.0, 176.0, 185.0, 193.0, 243.0, 233.0, 143.0, 102.0, 90.0, 85.0, 82.0, 78.0, 79.0, 77.0, 72.0, 64.0, 56.0, 48.0, 48.0, 42.0]"
8-44,Collaroy,north,105,2026-01-01,1,16.0,1,2026,"[12.9, 12.9, 12.8, 12.5, 10.5, 8.6, 7.8, 7.9, 9.4, 11.7, 13.0, 13.2, 13.4, 13.8, 16.5, 17.6, 21.9, 23.9, 24.0, 23.4, 23.3, 22.8, 21.6, 20.6, 20.0, 18.9, 15.0, 13.5, 12.6, 12.3]","[120.0, 134.0, 166.0, 153.0, 151.0, 151.0, 158.0, 168.0, 176.0, 183.0, 186.0, 187.0, 188.0, 188.0, 170.0, 172.0, 168.0, 163.0, 160.0, 160.0, 162.0, 164.0, 163.0, 156.0, 152.0, 151.0, 143.0, 144.0, 147.0, 150.0]"
8-44,Collaroy,north,105,2007-10-08,0,16.0,10,2007,"[9.2, 11.2, 8.7, 8.4, 7.3, 5.1, 2.8, 5.8, 8.4, 7.6, 9.4, 9.7, 9.8, 9.8, 10.0, 10.4, 10.0, 11.5, 14.0, 14.8, 15.6, 17.0, 17.2, 15.8, 15.3, 12.7, 7.4, 7.2, 6.8, 5.4]","[21.0, 2.0, 355.0, 340.0, 340.0, 321.0, 230.0, 184.0, 170.0, 172.0, 173.0, 182.0, 186.0, 186.0, 165.0, 160.0, 159.0, 166.0, 157.0, 157.0, 151.0, 148.0, 147.0, 139.0, 137.0, 137.0, 129.0, 127.0, 122.0, 138.0]"
8-44,Collaroy,north,105,2007-12-03,0,16.0,12,2007,"[15.9, 14.8, 14.6, 14.0, 13.2, 12.3, 10.8, 10.1, 9.5, 8.9, 9.0, 9.7, 10.2, 11.0, 5.4, 5.1, 5.7, 7.7, 10.8, 13.9, 13.5, 14.1, 13.0, 13.4, 12.2, 9.0, 10.9, 11.7, 12.0, 12.4]","[57.0, 56.0, 50.0, 48.0, 45.0, 40.0, 37.0, 35.0, 29.0, 21.0, 16.0, 22.0, 18.0, 11.0, 340.0, 356.0, 18.0, 41.0, 64.0, 65.0, 48.0, 40.0, 44.0, 24.0, 360.0, 337.0, 316.0, 317.0, 321.0, 330.0]"
8-44,Collaroy,north,105,2022-06-15,0,16.0,6,2022,"[10.7, 11.7, 12.4, 14.1, 14.7, 15.0, 15.1, 15.3, 15.5, 15.6, 15.6, 15.5, 15.1, 14.4, 15.8, 14.5, 14.6, 16.0, 16.8, 15.8, 13.2, 10.7, 9.3, 11.8, 15.1, 17.0, 18.3, 17.1, 15.9, 15.1]","[7.0, 1.0, 352.0, 346.0, 340.0, 334.0, 331.0, 330.0, 328.0, 326.0, 325.0, 322.0, 320.0, 320.0, 315.0, 304.0, 297.0, 297.0, 301.0, 302.0, 305.0, 314.0, 326.0, 327.0, 319.0, 312.0, 308.0, 304.0, 299.0, 297.0]"
8-45,Collaroy,north,105,2026-01-07,1,19.0,1,2026,"[17.5, 16.7, 12.1, 9.2, 6.4, 4.8, 4.1, 5.0, 5.9, 5.0, 2.7, 0.5, 1.5, 2.2, 4.0, 3.6, 3.8, 6.8, 9.4, 11.5, 13.6, 16.2, 18.4, 19.4, 19.7, 20.6, 17.2, 16.3, 15.2, 13.6]","[66.0, 53.0, 50.0, 40.0, 36.0, 65.0, 113.0, 131.0, 135.0, 139.0, 122.0, 360.0, 339.0, 9.0, 352.0, 3.0, 49.0, 68.0, 72.0, 73.0, 72.0, 69.0, 64.0, 59.0, 53.0, 46.0, 41.0, 32.0, 24.0, 20.0]"
8-45,Collaroy,north,105,2016-11-28,0,19.0,11,2016,"[17.8, 15.5, 14.7, 16.6, 17.1, 17.4, 15.8, 16.0, 12.7, 12.1, 10.6, 8.6, 9.7, 9.5, 2.7, 3.9, 6.0, 7.2, 8.4, 10.9, 14.2, 17.7, 20.5, 17.7, 11.1, 10.1, 10.6, 6.0, 2.5, 4.3]","[82.0, 77.0, 68.0, 68.0, 65.0, 60.0, 60.0, 54.0, 47.0, 37.0, 28.0, 22.0, 15.0, 9.0, 23.0, 68.0, 65.0, 72.0, 80.0, 81.0, 83.0, 78.0, 72.0, 63.0, 54.0, 35.0, 35.0, 25.0, 82.0, 132.0]"
8-45,Collaroy,north,105,2024-05-19,0,19.0,5,2024,"[34.3, 32.6, 29.5, 28.4, 27.4, 26.3, 27.0, 29.0, 28.2, 26.9, 26.4, 24.3, 23.8, 22.7, 17.7, 17.9, 17.1, 16.1, 14.3, 12.0, 10.4, 8.9, 6.6, 6.8, 8.5, 10.4, 8.9, 10.8, 11.6, 12.8]","[199.0, 200.0, 204.0, 204.0, 208.0, 213.0, 211.0, 208.0, 208.0, 212.0, 215.0, 215.0, 219.0, 223.0, 231.0, 236.0, 235.0, 228.0, 221.0, 219.0, 214.0, 212.0, 209.0, 205.0, 216.0, 224.0, 238.0, 240.0, 244.0, 248.0]"
8-45,Collaroy,north,105,2007-07-21,0,19.0,7,2007,"[26.8, 26.6, 23.8, 23.9, 23.9, 23.0, 21.9, 21.3, 21.5, 22.4, 21.9, 21.2, 20.1, 19.6, 18.2, 18.4, 18.3, 17.6, 18.9, 19.5, 18.9, 17.0, 16.0, 15.5, 15.1, 15.2, 14.3, 14.0, 14.8, 15.0]","[200.0, 199.0, 198.0, 198.0, 201.0, 205.0, 210.0, 214.0, 220.0, 222.0, 222.0, 222.0, 224.0, 227.0, 232.0, 231.0, 227.0, 221.0, 204.0, 196.0, 193.0, 197.0, 203.0, 205.0, 205.0, 202.0, 205.0, 206.0, 206.0, 204.0]"
8-46,Collaroy,north,105,2026-01-14,1,18.0,1,2026,"[18.8, 16.4, 13.2, 13.5, 11.5, 11.0, 10.4, 9.8, 10.1, 10.1, 10.7, 10.7, 10.4, 13.7, 14.4, 16.2, 17.8, 20.4, 21.2, 21.7, 22.6, 22.7, 22.8, 22.3, 20.3, 19.8, 15.4, 14.3, 12.5, 12.0]","[67.0, 61.0, 55.0, 53.0, 48.0, 52.0, 53.0, 62.0, 63.0, 65.0, 65.0, 61.0, 58.0, 57.0, 58.0, 61.0, 62.0, 62.0, 64.0, 66.0, 65.0, 63.0, 64.0, 65.0, 63.0, 59.0, 49.0, 42.0, 49.0, 54.0]"
8-46,Collaroy,north,105,2023-02-13,0,18.0,2,2023,"[24.6, 22.7, 21.1, 20.3, 19.6, 18.9, 17.8, 17.7, 17.0, 15.9, 16.6, 18.4, 19.6, 19.4, 16.6, 17.4, 17.4, 17.1, 18.4, 19.7, 21.6, 21.7, 20.3, 18.8, 17.5, 16.6, 14.4, 14.0, 15.3, 15.5]","[162.0, 165.0, 163.0, 168.0, 167.0, 162.0, 162.0, 160.0, 159.0, 162.0, 162.0, 163.0, 163.0, 162.0, 167.0, 167.0, 167.0, 165.0, 163.0, 162.0, 162.0, 159.0, 153.0, 148.0, 148.0, 153.0, 148.0, 154.0, 161.0, 167.0]"
8-46,Collaroy,north,105,2017-12-15,0,18.0,12,2017,"[15.5, 16.0, 11.2, 13.0, 4.7, 4.2, 3.8, 5.2, 10.9, 18.8, 21.7, 22.5, 22.6, 21.6, 22.4, 24.1, 23.6, 21.0, 18.0, 14.3, 9.3, 7.1, 7.9, 7.7, 7.4, 8.3, 9.3, 11.5, 14.8, 14.1]","[48.0, 46.0, 57.0, 44.0, 23.0, 211.0, 163.0, 155.0, 186.0, 187.0, 185.0, 193.0, 197.0, 195.0, 199.0, 202.0, 201.0, 192.0, 179.0, 168.0, 164.0, 165.0, 141.0, 131.0, 113.0, 90.0, 62.0, 32.0, 13.0, 356.0]"
8-46,Collaroy,north,105,2023-03-29,0,18.0,3,2023,"[12.1, 15.6, 8.7, 10.5, 13.7, 15.1, 16.0, 16.3, 14.7, 13.7, 13.9, 12.6, 13.9, 14.6, 14.4, 12.7, 14.0, 18.3, 18.6, 18.8, 23.4, 21.1, 15.9, 18.1, 16.3, 13.0, 18.9, 15.2, 11.6, 9.1]","[348.0, 341.0, 318.0, 354.0, 357.0, 359.0, 9.0, 355.0, 349.0, 342.0, 323.0, 323.0, 329.0, 340.0, 356.0, 8.0, 360.0, 345.0, 342.0, 343.0, 316.0, 300.0, 303.0, 287.0, 278.0, 273.0, 257.0, 248.0, 254.0, 277.0]"
8-47,Collaroy,north,105,2026-01-23,1,17.0,1,2026,"[31.1, 28.5, 23.1, 20.9, 18.9, 17.5, 15.7, 14.6, 14.3, 14.0, 12.4, 10.5, 10.1, 10.8, 12.6, 12.2, 12.0, 10.5, 10.2, 10.2, 10.9, 11.8, 12.3, 12.9, 13.6, 13.1, 10.1, 10.1, 8.3, 7.0]","[161.0, 162.0, 165.0, 165.0, 162.0, 161.0, 167.0, 171.0, 174.0, 173.0, 170.0, 174.0, 179.0, 177.0, 163.0, 152.0, 139.0, 128.0, 120.0, 116.0, 117.0, 117.0, 117.0, 110.0, 101.0, 97.0, 92.0, 92.0, 86.0, 78.0]"
8-47,Collaroy,north,105,2008-10-27,0,17.0,10,2008,"[19.1, 19.2, 18.1, 17.3, 16.8, 16.2, 15.7, 15.6, 14.8, 13.7, 13.7, 13.3, 13.8, 13.8, 13.4, 16.3, 18.6, 18.4, 17.9, 18.4, 19.1, 18.5, 19.1, 18.9, 19.4, 20.0, 19.1, 17.9, 17.1, 14.3]","[32.0, 28.0, 17.0, 17.0, 15.0, 13.0, 11.0, 8.0, 4.0, 3.0, 360.0, 357.0, 353.0, 354.0, 352.0, 354.0, 350.0, 349.0, 351.0, 357.0, 359.0, 7.0, 11.0, 14.0, 11.0, 8.0, 358.0, 350.0, 342.0, 319.0]"
8-47,Collaroy,north,105,2008-11-17,0,17.0,11,2008,"[21.6, 20.5, 18.5, 19.1, 18.5, 16.6, 15.1, 13.5, 11.5, 10.3, 8.0, 7.2, 6.7, 7.1, 7.7, 10.1, 11.9, 13.0, 13.6, 14.8, 15.0, 15.3, 16.8, 19.3, 19.1, 18.4, 16.3, 15.8, 15.9, 16.1]","[147.0, 149.0, 151.0, 148.0, 143.0, 141.0, 140.0, 134.0, 129.0, 119.0, 117.0, 127.0, 126.0, 114.0, 101.0, 88.0, 88.0, 84.0, 78.0, 72.0, 66.0, 63.0, 59.0, 57.0, 58.0, 55.0, 45.0, 49.0, 51.0, 48.0]"
8-47,Collaroy,north,105,2020-10-26,0,17.0,10,2020,"[26.0, 25.2, 28.8, 30.0, 26.9, 26.4, 31.9, 37.0, 37.7, 37.1, 36.2, 36.3, 39.0, 40.5, 35.7, 37.3, 37.2, 37.4, 38.2, 36.8, 35.6, 33.3, 32.8, 31.7, 30.7, 29.0, 27.4, 26.3, 26.1, 25.2]","[197.0, 179.0, 182.0, 174.0, 172.0, 166.0, 160.0, 159.0, 161.0, 162.0, 163.0, 162.0, 162.0, 162.0, 152.0, 161.0, 165.0, 167.0, 166.0, 166.0, 169.0, 174.0, 177.0, 181.0, 183.0, 186.0, 203.0, 205.0, 203.0, 199.0]"
8-48,Collaroy,north,105,2026-04-02,1,4.0,4,2026,"[16.3, 16.4, 12.8, 12.1, 11.3, 9.9, 8.4, 7.2, 6.0, 4.9, 4.1, 3.5, 2.7, 3.5, 2.2, 0.7, 1.9, 5.3, 6.4, 6.6, 8.3, 11.4, 14.1, 15.0, 14.7, 14.1, 10.9, 10.7, 10.7, 10.3]","[63.0, 57.0, 56.0, 42.0, 29.0, 19.0, 9.0, 356.0, 3.0, 8.0, 347.0, 321.0, 328.0, 321.0, 325.0, 346.0, 68.0, 55.0, 58.0, 73.0, 85.0, 87.0, 80.0, 74.0, 66.0, 55.0, 44.0, 37.0, 29.0, 25.0]"
8-48,Collaroy,north,105,2016-08-31,0,4.0,8,2016,"[18.1, 18.5, 17.5, 18.5, 17.2, 15.1, 13.9, 14.2, 13.7, 13.8, 14.1, 15.2, 16.6, 17.3, 16.9, 18.1, 21.4, 22.8, 18.1, 19.8, 19.4, 17.9, 19.1, 21.3, 21.3, 20.3, 16.5, 16.6, 17.4, 17.7]","[44.0, 37.0, 37.0, 27.0, 20.0, 18.0, 25.0, 21.0, 14.0, 9.0, 4.0, 4.0, 2.0, 355.0, 358.0, 353.0, 353.0, 344.0, 347.0, 344.0, 345.0, 345.0, 338.0, 330.0, 323.0, 323.0, 324.0, 326.0, 320.0, 309.0]"
8-48,Collaroy,north,105,2018-05-04,0,4.0,5,2018,"[16.7, 16.9, 16.3, 17.1, 17.4, 17.3, 16.6, 15.5, 15.2, 15.9, 17.0, 18.1, 19.7, 20.6, 16.8, 15.8, 14.7, 14.7, 16.5, 20.2, 24.4, 24.2, 22.8, 20.3, 20.1, 21.1, 19.1, 17.5, 16.2, 14.5]","[37.0, 29.0, 31.0, 22.0, 13.0, 12.0, 2.0, 355.0, 353.0, 356.0, 354.0, 353.0, 345.0, 333.0, 325.0, 330.0, 338.0, 343.0, 337.0, 310.0, 292.0, 273.0, 265.0, 263.0, 261.0, 256.0, 258.0, 261.0, 258.0, 256.0]"
8-48,Collaroy,north,105,2009-09-14,0,4.0,9,2009,"[16.2, 18.1, 18.0, 19.2, 19.9, 20.7, 21.0, 21.5, 20.9, 17.8, 14.5, 11.8, 9.2, 9.0, 12.5, 23.4, 26.1, 24.7, 24.0, 22.1, 21.3, 20.6, 19.9, 17.6, 15.5, 14.3, 8.1, 7.1, 6.8, 6.4]","[348.0, 347.0, 344.0, 343.0, 340.0, 337.0, 338.0, 337.0, 331.0, 313.0, 305.0, 308.0, 301.0, 275.0, 213.0, 183.0, 169.0, 161.0, 156.0, 154.0, 152.0, 147.0, 136.0, 131.0, 132.0, 133.0, 122.0, 114.0, 108.0, 117.0]"
8-49,Collaroy,north,105,2026-05-25,1,11.0,5,2026,"[6.9, 7.3, 7.7, 8.6, 8.0, 6.2, 5.2, 9.9, 11.7, 10.2, 9.6, 8.9, 8.8, 9.4, 4.7, 4.0, 5.1, 6.1, 5.8, 4.3, 4.0, 6.1, 8.0, 7.9, 8.0, 8.6, 9.4, 7.7, 5.1, 6.5]","[84.0, 81.0, 93.0, 79.0, 76.0, 57.0, 44.0, 42.0, 46.0, 42.0, 34.0, 34.0, 41.0, 38.0, 32.0, 21.0, 10.0, 12.0, 14.0, 17.0, 51.0, 66.0, 67.0, 66.0, 67.0, 70.0, 45.0, 25.0, 32.0, 62.0]"
8-49,Collaroy,north,105,2011-12-13,0,11.0,12,2011,"[20.2, 19.5, 17.1, 17.9, 18.3, 19.3, 19.7, 20.1, 20.5, 20.9, 20.4, 20.2, 20.6, 20.5, 19.8, 18.9, 19.4, 19.6, 18.3, 17.6, 17.2, 17.4, 17.7, 16.5, 15.2, 14.4, 16.9, 18.8, 20.0, 20.2]","[180.0, 183.0, 195.0, 195.0, 195.0, 194.0, 189.0, 189.0, 191.0, 195.0, 197.0, 199.0, 199.0, 202.0, 205.0, 201.0, 195.0, 194.0, 190.0, 180.0, 169.0, 158.0, 153.0, 160.0, 173.0, 184.0, 178.0, 183.0, 188.0, 191.0]"
8-49,Collaroy,north,105,2017-11-04,0,11.0,11,2017,"[10.0, 11.3, 22.0, 27.3, 27.0, 23.9, 18.3, 14.9, 10.9, 9.4, 8.7, 7.4, 9.0, 11.5, 11.3, 16.6, 21.6, 24.0, 23.9, 24.0, 23.8, 23.4, 22.0, 19.9, 17.6, 17.3, 8.4, 7.2, 7.1, 8.4]","[116.0, 173.0, 178.0, 172.0, 164.0, 157.0, 160.0, 165.0, 171.0, 173.0, 163.0, 157.0, 157.0, 148.0, 187.0, 176.0, 169.0, 163.0, 159.0, 154.0, 151.0, 149.0, 145.0, 138.0, 134.0, 132.0, 133.0, 143.0, 150.0, 149.0]"
8-49,Collaroy,north,105,2025-09-08,0,11.0,9,2025,"[19.3, 18.7, 14.1, 14.4, 14.4, 15.8, 17.4, 17.9, 17.9, 17.9, 17.3, 18.0, 18.5, 17.7, 15.3, 14.0, 14.7, 16.4, 17.8, 18.7, 18.4, 17.6, 18.4, 19.8, 21.6, 22.1, 15.5, 17.0, 18.3, 17.6]","[36.0, 26.0, 11.0, 2.0, 356.0, 349.0, 346.0, 342.0, 336.0, 335.0, 333.0, 339.0, 336.0, 330.0, 326.0, 331.0, 337.0, 339.0, 340.0, 339.0, 333.0, 332.0, 333.0, 319.0, 311.0, 311.0, 315.0, 328.0, 324.0, 320.0]"
9-0,Dee Why,north,100,2022-12-10,1,1.0,12,2022,"[18.9, 17.1, 14.1, 14.6, 14.9, 14.3, 13.7, 12.3, 10.7, 9.4, 9.1, 8.3, 7.2, 7.6, 8.0, 10.0, 12.0, 12.2, 11.6, 10.9, 11.2, 13.0, 14.4, 15.1, 15.6, 15.3, 12.9, 13.3, 12.1, 9.9]","[141.0, 146.0, 149.0, 151.0, 150.0, 152.0, 157.0, 165.0, 167.0, 167.0, 171.0, 179.0, 183.0, 184.0, 172.0, 147.0, 133.0, 123.0, 112.0, 102.0, 95.0, 84.0, 67.0, 61.0, 63.0, 62.0, 57.0, 55.0, 50.0, 44.0]"
9-0,Dee Why,north,100,2019-08-10,0,1.0,8,2019,"[33.6, 33.8, 33.6, 32.6, 33.0, 33.6, 33.6, 33.1, 31.7, 31.1, 31.5, 32.6, 32.4, 32.4, 31.2, 32.4, 34.1, 33.1, 34.2, 34.7, 36.9, 36.4, 34.2, 30.6, 29.6, 29.6, 28.3, 27.1, 29.8, 31.1]","[283.0, 282.0, 283.0, 283.0, 281.0, 283.0, 286.0, 287.0, 289.0, 290.0, 292.0, 292.0, 294.0, 294.0, 297.0, 294.0, 292.0, 287.0, 278.0, 275.0, 275.0, 273.0, 271.0, 272.0, 273.0, 274.0, 282.0, 284.0, 282.0, 280.0]"
9-0,Dee Why,north,100,2015-06-29,0,1.0,6,2015,"[7.0, 7.0, 5.1, 4.8, 5.1, 4.8, 4.3, 4.7, 4.6, 4.5, 4.6, 4.8, 4.6, 4.3, 6.9, 6.5, 6.6, 6.9, 4.6, 3.4, 5.2, 6.1, 6.5, 6.2, 7.5, 8.6, 7.9, 8.2, 7.6, 6.9]","[168.0, 168.0, 225.0, 228.0, 231.0, 228.0, 228.0, 238.0, 231.0, 241.0, 252.0, 257.0, 252.0, 246.0, 276.0, 264.0, 248.0, 231.0, 198.0, 148.0, 102.0, 93.0, 90.0, 83.0, 73.0, 68.0, 51.0, 38.0, 19.0, 6.0]"
9-0,Dee Why,north,100,2010-10-02,0,1.0,10,2010,"[17.4, 18.4, 14.3, 13.9, 13.4, 13.0, 12.0, 11.8, 9.4, 8.5, 10.1, 12.1, 13.2, 14.4, 12.4, 15.2, 17.3, 17.5, 17.3, 16.5, 17.5, 17.8, 15.1, 11.9, 12.1, 11.7, 9.5, 8.7, 7.0, 6.3]","[66.0, 62.0, 62.0, 59.0, 54.0, 48.0, 41.0, 38.0, 40.0, 54.0, 63.0, 63.0, 61.0, 58.0, 64.0, 68.0, 73.0, 71.0, 67.0, 67.0, 81.0, 76.0, 62.0, 65.0, 73.0, 72.0, 99.0, 95.0, 102.0, 114.0]"
9-1,Dee Why,north,100,2024-07-03,1,7.0,7,2024,"[12.8, 13.1, 9.7, 11.5, 13.1, 14.0, 13.4, 12.8, 12.8, 13.9, 16.1, 17.1, 17.7, 17.3, 13.7, 15.2, 16.6, 17.9, 19.9, 20.3, 21.7, 23.4, 23.3, 22.6, 22.1, 22.5, 17.5, 15.5, 15.2, 14.9]","[169.0, 168.0, 190.0, 200.0, 195.0, 181.0, 175.0, 175.0, 177.0, 181.0, 175.0, 171.0, 165.0, 170.0, 199.0, 202.0, 197.0, 193.0, 190.0, 191.0, 186.0, 184.0, 188.0, 191.0, 190.0, 190.0, 202.0, 202.0, 197.0, 187.0]"
9-1,Dee Why,north,100,2018-02-04,0,7.0,2,2018,"[21.9, 18.7, 15.9, 14.3, 12.9, 13.6, 14.5, 14.5, 14.4, 14.0, 13.7, 13.3, 14.1, 15.8, 15.1, 16.9, 17.5, 18.0, 18.6, 18.2, 17.7, 17.1, 16.3, 15.5, 14.8, 13.5, 11.0, 9.7, 8.6, 7.5]","[147.0, 146.0, 147.0, 155.0, 162.0, 163.0, 166.0, 173.0, 180.0, 181.0, 182.0, 183.0, 184.0, 181.0, 180.0, 168.0, 161.0, 154.0, 148.0, 142.0, 142.0, 138.0, 135.0, 132.0, 129.0, 124.0, 131.0, 141.0, 147.0, 145.0]"
9-1,Dee Why,north,100,2022-12-11,0,7.0,12,2022,"[15.6, 15.3, 12.9, 13.3, 12.1, 9.9, 9.7, 8.5, 7.3, 7.9, 7.6, 7.6, 8.0, 8.3, 5.7, 4.5, 4.2, 6.9, 10.4, 12.4, 15.3, 19.2, 21.3, 22.7, 22.6, 22.7, 19.0, 19.2, 19.9, 18.4]","[63.0, 62.0, 57.0, 55.0, 50.0, 44.0, 34.0, 21.0, 10.0, 3.0, 352.0, 352.0, 355.0, 354.0, 336.0, 344.0, 10.0, 45.0, 58.0, 66.0, 70.0, 68.0, 66.0, 59.0, 50.0, 43.0, 37.0, 27.0, 18.0, 4.0]"
9-1,Dee Why,north,100,2022-05-16,0,7.0,5,2022,"[4.8, 2.7, 1.9, 2.5, 4.2, 5.9, 8.2, 10.8, 12.1, 12.8, 13.0, 12.3, 11.4, 11.6, 10.7, 9.8, 8.9, 7.8, 6.7, 5.9, 4.5, 1.6, 3.3, 2.7, 3.2, 8.0, 16.2, 13.8, 11.4, 10.6]","[345.0, 298.0, 292.0, 266.0, 277.0, 281.0, 279.0, 273.0, 269.0, 269.0, 272.0, 281.0, 296.0, 311.0, 320.0, 319.0, 315.0, 320.0, 324.0, 325.0, 317.0, 333.0, 81.0, 62.0, 326.0, 288.0, 267.0, 263.0, 277.0, 293.0]"
9-2,Dee Why,north,100,2024-07-05,1,6.0,7,2024,"[15.6, 15.3, 9.1, 11.1, 11.9, 12.0, 12.3, 13.6, 14.4, 15.4, 15.9, 17.0, 17.4, 18.0, 14.9, 16.0, 16.3, 17.4, 18.7, 19.4, 19.7, 18.4, 17.5, 16.8, 16.5, 15.9, 11.9, 12.3, 12.7, 14.1]","[156.0, 158.0, 158.0, 155.0, 153.0, 156.0, 159.0, 163.0, 167.0, 169.0, 168.0, 165.0, 161.0, 156.0, 159.0, 155.0, 155.0, 153.0, 151.0, 151.0, 152.0, 154.0, 158.0, 162.0, 166.0, 167.0, 174.0, 183.0, 186.0, 187.0]"
9-2,Dee Why,north,100,2021-06-22,0,6.0,6,2021,"[10.8, 10.7, 11.9, 11.9, 11.5, 10.9, 10.0, 8.7, 7.9, 7.7, 7.9, 6.7, 5.9, 5.8, 7.2, 6.5, 5.2, 2.6, 3.9, 4.0, 5.4, 4.8, 2.8, 5.6, 7.9, 7.2, 6.9, 7.9, 8.6, 7.3]","[195.0, 200.0, 215.0, 215.0, 212.0, 207.0, 206.0, 210.0, 219.0, 233.0, 240.0, 234.0, 223.0, 248.0, 273.0, 267.0, 258.0, 254.0, 236.0, 190.0, 138.0, 117.0, 130.0, 117.0, 106.0, 87.0, 47.0, 47.0, 33.0, 9.0]"
9-2,Dee Why,north,100,2010-07-06,0,6.0,7,2010,"[2.5, 2.5, 3.3, 3.6, 2.1, 5.7, 7.4, 8.4, 9.0, 10.9, 13.0, 12.5, 13.3, 12.1, 11.5, 10.3, 12.7, 13.7, 13.3, 13.4, 14.9, 15.8, 15.9, 17.1, 19.1, 21.4, 19.6, 21.4, 22.7, 24.2]","[90.0, 90.0, 167.0, 135.0, 59.0, 35.0, 29.0, 25.0, 29.0, 34.0, 24.0, 12.0, 357.0, 337.0, 314.0, 306.0, 295.0, 284.0, 270.0, 243.0, 217.0, 204.0, 205.0, 208.0, 212.0, 216.0, 226.0, 225.0, 222.0, 217.0]"
9-2,Dee Why,north,100,2021-12-28,0,6.0,12,2021,"[21.7, 22.1, 17.6, 18.6, 20.6, 22.9, 24.0, 22.7, 20.0, 18.4, 18.3, 20.7, 21.4, 22.4, 17.1, 20.8, 23.6, 22.2, 21.9, 21.7, 22.3, 22.9, 23.5, 23.3, 23.1, 21.8, 19.9, 18.4, 16.3, 15.0]","[126.0, 118.0, 125.0, 133.0, 133.0, 135.0, 137.0, 139.0, 146.0, 152.0, 158.0, 160.0, 163.0, 165.0, 172.0, 170.0, 164.0, 163.0, 163.0, 159.0, 159.0, 161.0, 162.0, 160.0, 159.0, 158.0, 158.0, 152.0, 149.0, 145.0]"
9-3,Dee Why,north,100,2024-10-26,1,10.0,10,2024,"[23.3, 21.6, 19.5, 18.0, 17.1, 16.8, 18.1, 20.5, 22.3, 21.8, 20.5, 19.2, 17.7, 17.6, 15.4, 14.3, 11.3, 10.1, 11.8, 13.5, 15.0, 17.6, 17.7, 17.4, 14.7, 12.2, 6.0, 6.2, 6.3, 5.8]","[157.0, 165.0, 166.0, 171.0, 181.0, 186.0, 187.0, 187.0, 187.0, 188.0, 188.0, 192.0, 197.0, 198.0, 191.0, 191.0, 189.0, 179.0, 169.0, 157.0, 146.0, 134.0, 128.0, 126.0, 125.0, 119.0, 115.0, 102.0, 75.0, 26.0]"
9-3,Dee Why,north,100,2012-12-28,0,10.0,12,2012,"[19.9, 17.9, 15.3, 14.2, 12.9, 11.8, 10.9, 10.1, 10.4, 10.9, 10.3, 10.0, 9.9, 9.5, 7.1, 8.6, 10.8, 11.2, 9.8, 14.0, 31.7, 30.8, 30.9, 31.4, 30.1, 27.0, 23.9, 21.0, 18.4, 17.6]","[68.0, 60.0, 43.0, 36.0, 27.0, 20.0, 9.0, 6.0, 360.0, 354.0, 348.0, 347.0, 350.0, 351.0, 345.0, 358.0, 360.0, 356.0, 343.0, 181.0, 163.0, 164.0, 165.0, 167.0, 168.0, 170.0, 173.0, 175.0, 177.0, 179.0]"
9-3,Dee Why,north,100,2014-12-13,0,10.0,12,2014,"[26.3, 26.0, 23.0, 23.7, 24.2, 24.2, 23.8, 22.2, 19.6, 16.8, 15.3, 15.6, 16.6, 20.7, 20.0, 21.2, 21.6, 21.6, 20.9, 19.8, 19.3, 18.5, 17.6, 16.4, 14.7, 12.6, 11.4, 11.0, 9.7, 10.1]","[157.0, 156.0, 155.0, 152.0, 147.0, 143.0, 142.0, 140.0, 137.0, 137.0, 137.0, 140.0, 141.0, 139.0, 141.0, 138.0, 136.0, 134.0, 131.0, 127.0, 123.0, 119.0, 116.0, 116.0, 112.0, 103.0, 101.0, 101.0, 94.0, 90.0]"
9-3,Dee Why,north,100,2021-01-24,0,10.0,1,2021,"[20.7, 20.8, 18.3, 17.0, 14.3, 12.7, 10.4, 8.0, 6.3, 5.8, 4.7, 4.8, 7.2, 9.2, 9.3, 9.0, 8.7, 9.9, 13.1, 16.1, 18.2, 19.6, 19.0, 18.8, 20.6, 22.8, 18.5, 16.6, 15.8, 16.4]","[41.0, 34.0, 36.0, 32.0, 28.0, 25.0, 14.0, 8.0, 13.0, 22.0, 23.0, 27.0, 27.0, 26.0, 16.0, 16.0, 30.0, 46.0, 58.0, 61.0, 60.0, 58.0, 53.0, 47.0, 44.0, 39.0, 37.0, 30.0, 27.0, 26.0]"
9-4,Dee Why,north,100,2024-10-30,1,,10,2024,"[13.4, 11.7, 7.4, 7.2, 6.9, 6.8, 6.6, 6.9, 6.1, 4.4, 2.7, 2.9, 4.7, 7.1, 9.4, 9.4, 9.4, 10.0, 11.6, 13.2, 15.8, 18.4, 20.5, 20.8, 20.8, 20.1, 14.4, 11.6, 6.2, 4.8]","[95.0, 95.0, 108.0, 127.0, 129.0, 125.0, 125.0, 131.0, 130.0, 122.0, 70.0, 22.0, 2.0, 6.0, 358.0, 360.0, 12.0, 28.0, 41.0, 51.0, 58.0, 63.0, 62.0, 57.0, 49.0, 42.0, 32.0, 21.0, 352.0, 301.0]"
9-4,Dee Why,north,100,2020-07-29,0,,7,2020,"[14.5, 12.0, 6.1, 4.3, 5.5, 6.9, 8.4, 7.5, 5.2, 4.7, 5.1, 6.3, 8.1, 7.9, 8.7, 9.6, 11.7, 13.4, 12.6, 12.2, 11.9, 13.4, 14.8, 14.9, 14.0, 13.6, 11.2, 10.8, 10.4, 9.2]","[224.0, 231.0, 242.0, 265.0, 293.0, 298.0, 290.0, 287.0, 304.0, 302.0, 278.0, 257.0, 249.0, 246.0, 246.0, 236.0, 227.0, 216.0, 207.0, 199.0, 177.0, 160.0, 157.0, 165.0, 179.0, 191.0, 201.0, 206.0, 214.0, 222.0]"
9-4,Dee Why,north,100,2014-05-18,0,,5,2014,"[12.5, 12.7, 10.1, 10.2, 10.5, 10.4, 10.4, 9.7, 9.2, 9.0, 9.3, 9.2, 9.7, 10.2, 10.8, 10.1, 10.0, 10.7, 11.6, 11.5, 10.5, 9.2, 6.8, 7.6, 9.0, 9.7, 10.1, 10.6, 10.5, 10.5]","[33.0, 25.0, 360.0, 350.0, 338.0, 326.0, 316.0, 312.0, 312.0, 307.0, 306.0, 309.0, 309.0, 312.0, 307.0, 305.0, 300.0, 303.0, 306.0, 309.0, 308.0, 312.0, 328.0, 341.0, 344.0, 338.0, 325.0, 325.0, 322.0, 322.0]"
9-4,Dee Why,north,100,2015-10-29,0,,10,2015,"[14.8, 14.3, 11.1, 10.7, 10.2, 8.4, 7.6, 7.5, 6.5, 4.5, 2.5, 3.1, 4.6, 4.2, 4.4, 6.2, 8.4, 10.1, 12.6, 14.8, 15.9, 16.0, 17.7, 18.7, 17.9, 17.6, 13.2, 11.9, 10.6, 8.9]","[72.0, 65.0, 61.0, 57.0, 51.0, 43.0, 31.0, 17.0, 3.0, 346.0, 315.0, 234.0, 219.0, 200.0, 171.0, 111.0, 100.0, 96.0, 93.0, 89.0, 86.0, 82.0, 77.0, 71.0, 65.0, 59.0, 64.0, 61.0, 55.0, 47.0]"
9-5,Dee Why,north,100,2024-11-01,1,18.0,11,2024,"[15.7, 15.9, 14.4, 14.4, 11.4, 10.3, 10.8, 12.0, 13.5, 12.5, 12.8, 11.5, 11.4, 11.7, 11.7, 11.9, 11.9, 13.1, 13.3, 14.6, 16.2, 17.8, 17.7, 16.3, 15.6, 15.8, 15.1, 15.8, 15.4, 15.8]","[150.0, 155.0, 165.0, 176.0, 156.0, 139.0, 142.0, 150.0, 164.0, 155.0, 140.0, 136.0, 139.0, 143.0, 155.0, 150.0, 142.0, 134.0, 120.0, 112.0, 109.0, 108.0, 110.0, 112.0, 113.0, 119.0, 123.0, 133.0, 136.0, 143.0]"
9-5,Dee Why,north,100,2026-03-14,0,18.0,3,2026,"[25.5, 23.3, 21.1, 19.5, 17.9, 15.7, 13.7, 12.4, 11.6, 10.3, 8.7, 7.1, 6.0, 6.5, 3.5, 4.7, 4.4, 4.5, 6.7, 8.8, 10.8, 11.6, 11.7, 10.9, 11.1, 12.4, 13.0, 13.1, 12.0, 10.3]","[165.0, 163.0, 161.0, 158.0, 155.0, 156.0, 161.0, 158.0, 154.0, 151.0, 150.0, 161.0, 173.0, 182.0, 189.0, 182.0, 159.0, 124.0, 90.0, 78.0, 75.0, 78.0, 79.0, 83.0, 83.0, 74.0, 55.0, 43.0, 33.0, 22.0]"
9-5,Dee Why,north,100,2017-08-10,0,18.0,8,2017,"[9.4, 8.9, 7.1, 7.9, 8.9, 9.3, 10.5, 11.2, 11.8, 12.6, 13.1, 13.7, 13.9, 14.9, 15.8, 15.3, 15.0, 14.5, 13.8, 13.0, 12.3, 12.2, 12.9, 15.5, 17.3, 17.9, 15.9, 15.6, 16.6, 17.4]","[86.0, 69.0, 60.0, 47.0, 32.0, 13.0, 4.0, 354.0, 340.0, 336.0, 328.0, 325.0, 323.0, 323.0, 311.0, 304.0, 300.0, 305.0, 313.0, 318.0, 322.0, 332.0, 342.0, 338.0, 329.0, 326.0, 332.0, 334.0, 333.0, 330.0]"
9-5,Dee Why,north,100,2016-02-16,0,18.0,2,2016,"[15.6, 11.7, 3.1, 1.5, 4.8, 7.1, 9.0, 10.3, 9.4, 8.4, 8.7, 10.4, 13.5, 14.8, 14.5, 17.8, 18.8, 19.3, 20.7, 21.6, 23.8, 24.9, 24.1, 23.5, 21.7, 20.5, 17.9, 19.9, 18.8, 17.4]","[50.0, 47.0, 21.0, 225.0, 207.0, 204.0, 209.0, 216.0, 230.0, 250.0, 253.0, 236.0, 226.0, 221.0, 215.0, 198.0, 183.0, 171.0, 163.0, 156.0, 148.0, 143.0, 145.0, 151.0, 156.0, 158.0, 158.0, 160.0, 160.0, 162.0]"
9-6,Dee Why,north,100,2025-02-23,1,14.0,2,2025,"[20.9, 20.5, 18.3, 18.0, 16.7, 14.7, 12.2, 10.9, 11.2, 11.5, 11.4, 10.5, 9.2, 10.3, 9.1, 11.8, 12.7, 11.0, 12.4, 14.0, 16.2, 18.3, 18.8, 18.9, 20.4, 20.3, 15.6, 14.6, 13.0, 10.7]","[62.0, 58.0, 54.0, 47.0, 42.0, 36.0, 31.0, 29.0, 30.0, 31.0, 25.0, 19.0, 11.0, 16.0, 15.0, 25.0, 27.0, 35.0, 56.0, 64.0, 69.0, 67.0, 64.0, 55.0, 47.0, 41.0, 37.0, 32.0, 20.0, 13.0]"
9-6,Dee Why,north,100,2008-09-18,0,14.0,9,2008,"[9.5, 9.4, 8.6, 6.8, 4.3, 4.0, 4.7, 4.1, 3.4, 2.6, 2.6, 1.8, 2.4, 2.5, 2.2, 1.8, 5.9, 6.2, 6.9, 10.0, 13.8, 16.8, 18.5, 18.7, 18.5, 18.9, 19.1, 19.1, 18.7, 16.2]","[115.0, 108.0, 88.0, 87.0, 90.0, 90.0, 86.0, 75.0, 58.0, 34.0, 16.0, 360.0, 297.0, 270.0, 261.0, 37.0, 47.0, 54.0, 62.0, 69.0, 70.0, 67.0, 66.0, 62.0, 57.0, 48.0, 41.0, 32.0, 23.0, 13.0]"
9-6,Dee Why,north,100,2011-07-24,0,14.0,7,2011,"[20.5, 20.2, 17.6, 16.9, 16.0, 15.5, 16.0, 15.5, 14.3, 13.3, 12.7, 10.7, 9.1, 7.0, 8.0, 8.7, 8.0, 7.4, 6.8, 6.4, 7.9, 7.2, 8.6, 8.7, 9.7, 9.0, 10.2, 11.0, 11.8, 11.9]","[204.0, 202.0, 203.0, 207.0, 211.0, 211.0, 211.0, 216.0, 219.0, 221.0, 223.0, 228.0, 236.0, 249.0, 262.0, 265.0, 265.0, 256.0, 252.0, 243.0, 231.0, 233.0, 248.0, 253.0, 266.0, 270.0, 280.0, 293.0, 297.0, 295.0]"
9-6,Dee Why,north,100,2011-01-15,0,14.0,1,2011,"[24.5, 25.5, 24.2, 23.3, 22.3, 19.9, 17.1, 14.3, 11.2, 9.4, 7.8, 7.7, 7.6, 6.1, 3.3, 2.9, 2.9, 4.0, 5.4, 5.4, 5.2, 3.9, 3.0, 9.4, 11.9, 11.5, 9.5, 5.5, 3.4, 4.5]","[54.0, 48.0, 42.0, 38.0, 34.0, 32.0, 28.0, 25.0, 21.0, 18.0, 13.0, 28.0, 19.0, 28.0, 13.0, 7.0, 330.0, 297.0, 278.0, 278.0, 295.0, 292.0, 104.0, 92.0, 92.0, 90.0, 79.0, 79.0, 108.0, 166.0]"
9-7,Dee Why,north,100,2026-01-06,1,18.0,1,2026,"[11.3, 9.3, 6.7, 6.5, 2.4, 3.8, 6.4, 8.4, 8.3, 8.8, 10.0, 11.2, 12.3, 12.9, 8.7, 7.3, 6.8, 7.2, 8.9, 10.1, 14.2, 17.1, 18.4, 18.0, 17.5, 16.7, 12.1, 9.2, 6.4, 4.8]","[112.0, 122.0, 153.0, 188.0, 197.0, 225.0, 198.0, 173.0, 164.0, 175.0, 189.0, 196.0, 194.0, 192.0, 218.0, 197.0, 162.0, 129.0, 108.0, 106.0, 102.0, 94.0, 87.0, 79.0, 66.0, 53.0, 50.0, 40.0, 36.0, 65.0]"
9-7,Dee Why,north,100,2007-06-09,0,18.0,6,2007,"[40.8, 42.2, 42.7, 44.0, 43.7, 46.6, 49.2, 51.3, 50.6, 45.9, 42.9, 40.2, 37.9, 35.2, 9.7, 5.3, 9.7, 20.3, 23.4, 31.0, 43.2, 41.8, 38.4, 37.0, 36.9, 35.3, 29.8, 29.3, 30.1, 29.2]","[150.0, 149.0, 155.0, 154.0, 157.0, 159.0, 156.0, 150.0, 144.0, 144.0, 145.0, 146.0, 151.0, 157.0, 31.0, 332.0, 243.0, 217.0, 217.0, 202.0, 180.0, 183.0, 187.0, 187.0, 186.0, 189.0, 192.0, 194.0, 191.0, 190.0]"
9-7,Dee Why,north,100,2013-08-01,0,18.0,8,2013,"[19.8, 20.2, 20.7, 18.9, 16.3, 14.8, 13.8, 13.6, 12.9, 12.6, 12.5, 12.7, 13.0, 12.8, 12.2, 11.9, 12.0, 10.2, 7.4, 6.9, 7.1, 7.3, 7.6, 7.7, 8.0, 7.9, 5.0, 1.9, 3.3, 5.5]","[180.0, 179.0, 173.0, 172.0, 172.0, 177.0, 186.0, 192.0, 203.0, 211.0, 219.0, 225.0, 228.0, 230.0, 242.0, 241.0, 237.0, 228.0, 209.0, 186.0, 165.0, 160.0, 149.0, 139.0, 117.0, 106.0, 111.0, 68.0, 347.0, 337.0]"
9-7,Dee Why,north,100,2006-06-22,0,18.0,6,2006,"[6.2, 6.9, 3.6, 5.4, 6.6, 7.2, 6.6, 7.1, 6.9, 5.9, 5.9, 5.4, 5.6, 6.6, 4.8, 4.8, 5.3, 6.8, 9.0, 9.5, 9.8, 10.4, 12.6, 12.4, 12.0, 11.8, 8.9, 9.4, 10.5, 11.2]","[126.0, 137.0, 180.0, 184.0, 167.0, 153.0, 139.0, 135.0, 133.0, 133.0, 133.0, 143.0, 140.0, 131.0, 153.0, 138.0, 118.0, 108.0, 92.0, 79.0, 82.0, 76.0, 70.0, 60.0, 57.0, 52.0, 58.0, 50.0, 49.0, 50.0]"
9-8,Dee Why,north,100,2026-07-19,1,10.0,7,2026,"[null, null, null, null, null, null, null, null, null, null, null, null, null, null, null, null, null, null, null, null, null, null, null, null, null, null, null, null, null, null]","[null, null, null, null, null, null, null, null, null, null, null, null, null, null, null, null, null, null, null, null, null, null, null, null, null, null, null, null, null, null]"
9-8,Dee Why,north,100,2019-03-13,0,10.0,3,2019,"[12.1, 9.5, 8.7, 20.6, 25.1, 22.1, 20.8, 19.7, 19.0, 18.4, 17.7, 16.3, 16.0, 15.0, 15.3, 14.0, 13.9, 14.2, 14.1, 14.8, 15.1, 14.3, 14.0, 13.1, 12.3, 13.0, 12.8, 13.5, 15.0, 17.0]","[63.0, 61.0, 132.0, 168.0, 168.0, 164.0, 162.0, 159.0, 155.0, 149.0, 142.0, 139.0, 134.0, 132.0, 117.0, 113.0, 111.0, 111.0, 109.0, 108.0, 102.0, 102.0, 102.0, 99.0, 97.0, 88.0, 80.0, 74.0, 73.0, 69.0]"
9-8,Dee Why,north,100,2018-06-04,0,10.0,6,2018,"[21.7, 21.8, 18.7, 19.0, 18.6, 18.5, 18.0, 17.4, 17.2, 17.6, 17.7, 17.4, 17.1, 17.3, 15.5, 15.3, 16.6, 17.4, 18.3, 19.3, 19.7, 20.6, 19.9, 19.4, 19.6, 19.9, 18.6, 17.9, 17.8, 18.1]","[187.0, 188.0, 196.0, 199.0, 202.0, 201.0, 200.0, 204.0, 206.0, 206.0, 204.0, 202.0, 202.0, 203.0, 211.0, 207.0, 198.0, 193.0, 195.0, 194.0, 189.0, 185.0, 185.0, 190.0, 194.0, 197.0, 202.0, 199.0, 198.0, 193.0]"
9-8,Dee Why,north,100,2011-03-01,0,10.0,3,2011,"[17.1, 18.6, 17.7, 18.9, 20.6, 21.6, 21.3, 20.1, 18.9, 19.5, 20.6, 21.7, 22.4, 22.2, 23.0, 23.3, 24.7, 26.1, 23.7, 23.8, 18.1, 15.0, 14.3, 19.9, 25.9, 24.9, 22.4, 22.3, 22.0, 23.6]","[44.0, 32.0, 24.0, 9.0, 12.0, 2.0, 357.0, 351.0, 339.0, 335.0, 327.0, 320.0, 318.0, 318.0, 311.0, 305.0, 299.0, 288.0, 280.0, 274.0, 276.0, 291.0, 260.0, 185.0, 153.0, 146.0, 143.0, 141.0, 140.0, 142.0]"
10-0,Curl Curl,north,95,2020-06-18,1,15.0,6,2020,"[18.4, 17.9, 13.2, 14.2, 14.7, 14.7, 14.2, 13.1, 13.2, 13.7, 14.1, 13.8, 12.2, 10.2, 6.5, 6.9, 8.4, 9.1, 10.8, 10.9, 9.7, 8.5, 7.3, 7.6, 8.3, 8.8, 7.0, 4.5, 4.0, 3.9]","[154.0, 152.0, 154.0, 159.0, 158.0, 155.0, 156.0, 159.0, 158.0, 150.0, 142.0, 137.0, 137.0, 138.0, 180.0, 186.0, 187.0, 173.0, 143.0, 124.0, 112.0, 102.0, 99.0, 93.0, 85.0, 81.0, 78.0, 76.0, 80.0, 68.0]"
10-0,Curl Curl,north,95,2019-03-14,0,15.0,3,2019,"[12.3, 13.0, 12.8, 13.5, 15.0, 17.0, 17.7, 18.5, 18.4, 17.9, 16.3, 15.5, 15.3, 16.3, 19.1, 18.9, 19.6, 20.9, 20.2, 20.5, 21.9, 24.1, 26.0, 27.6, 25.2, 23.5, 10.5, 7.6, 7.8, 8.3]","[97.0, 88.0, 80.0, 74.0, 73.0, 69.0, 61.0, 53.0, 51.0, 50.0, 47.0, 44.0, 43.0, 43.0, 36.0, 39.0, 44.0, 46.0, 49.0, 51.0, 54.0, 52.0, 59.0, 61.0, 56.0, 49.0, 153.0, 149.0, 112.0, 95.0]"
10-0,Curl Curl,north,95,2010-12-10,0,15.0,12,2010,"[13.8, 12.3, 12.1, 9.7, 9.5, 11.3, 12.6, 13.6, 13.7, 15.9, 14.8, 13.7, 14.2, 13.1, 13.4, 7.8, 5.1, 2.1, 3.9, 4.7, 6.4, 10.9, 13.8, 13.0, 11.4, 8.4, 2.5, 6.4, 10.5, 18.3]","[15.0, 3.0, 348.0, 318.0, 307.0, 301.0, 307.0, 328.0, 330.0, 327.0, 317.0, 305.0, 297.0, 286.0, 290.0, 283.0, 274.0, 301.0, 22.0, 9.0, 38.0, 46.0, 43.0, 39.0, 35.0, 31.0, 270.0, 254.0, 229.0, 202.0]"
10-0,Curl Curl,north,95,2006-02-28,0,15.0,2,2006,"[20.2, 19.0, 16.4, 14.8, 13.8, 13.2, 13.0, 11.7, 10.2, 9.5, 9.3, 10.1, 11.4, 12.1, 12.3, 13.1, 13.0, 13.8, 14.0, 13.6, 13.7, 14.0, 13.7, 12.4, 10.5, 7.9, 6.0, 6.0, 7.1, 6.4]","[141.0, 143.0, 128.0, 129.0, 131.0, 135.0, 136.0, 137.0, 141.0, 151.0, 167.0, 182.0, 191.0, 192.0, 185.0, 172.0, 146.0, 139.0, 134.0, 127.0, 120.0, 116.0, 108.0, 98.0, 82.0, 74.0, 73.0, 73.0, 75.0, 74.0]"
10-1,Curl Curl,north,95,2020-10-29,1,15.0,10,2020,"[11.8, 8.2, 4.3, 4.3, 3.7, 3.9, 4.9, 4.8, 5.0, 7.0, 8.8, 12.0, 13.4, 13.5, 17.8, 16.8, 14.1, 10.7, 10.6, 12.6, 12.2, 10.9, 11.3, 10.4, 8.4, 5.6, 1.6, 3.1, 3.2, 4.5]","[113.0, 128.0, 156.0, 156.0, 169.0, 158.0, 144.0, 138.0, 159.0, 215.0, 215.0, 213.0, 207.0, 205.0, 198.0, 189.0, 174.0, 168.0, 156.0, 167.0, 161.0, 171.0, 163.0, 166.0, 155.0, 153.0, 207.0, 234.0, 270.0, 284.0]"
10-1,Curl Curl,north,95,2007-08-05,0,15.0,8,2007,"[19.7, 17.8, 17.3, 16.2, 16.2, 16.9, 17.8, 18.7, 18.8, 18.2, 17.9, 18.5, 20.9, 23.2, 21.5, 20.6, 22.8, 22.9, 20.3, 19.1, 18.3, 18.1, 17.5, 17.7, 17.9, 17.6, 16.2, 15.2, 15.9, 16.9]","[261.0, 263.0, 266.0, 274.0, 283.0, 286.0, 291.0, 298.0, 296.0, 295.0, 300.0, 303.0, 297.0, 283.0, 280.0, 276.0, 265.0, 257.0, 253.0, 254.0, 254.0, 253.0, 251.0, 250.0, 251.0, 255.0, 266.0, 274.0, 274.0, 269.0]"
10-1,Curl Curl,north,95,2021-11-19,0,15.0,11,2021,"[24.4, 23.3, 17.4, 17.4, 18.0, 20.0, 18.7, 15.5, 16.2, 17.0, 16.2, 17.7, 20.7, 20.7, 14.7, 8.7, 5.9, 6.6, 11.1, 13.4, 13.4, 12.3, 12.3, 10.9, 11.9, 9.9, 13.8, 13.4, 12.6, 11.9]","[44.0, 35.0, 34.0, 27.0, 16.0, 8.0, 2.0, 347.0, 343.0, 343.0, 343.0, 336.0, 319.0, 305.0, 306.0, 308.0, 346.0, 9.0, 25.0, 24.0, 27.0, 38.0, 50.0, 63.0, 76.0, 80.0, 160.0, 172.0, 180.0, 175.0]"
10-1,Curl Curl,north,95,2020-02-26,0,15.0,2,2020,"[18.8, 19.1, 17.8, 17.8, 17.4, 15.7, 14.3, 13.4, 13.3, 13.4, 13.8, 14.4, 15.5, 16.0, 12.5, 14.5, 17.5, 18.9, 19.4, 18.4, 17.3, 13.9, 10.2, 6.6, 10.9, 13.8, 19.7, 31.8, 26.8, 22.8]","[45.0, 36.0, 36.0, 32.0, 24.0, 16.0, 10.0, 6.0, 357.0, 346.0, 332.0, 323.0, 318.0, 316.0, 321.0, 330.0, 328.0, 318.0, 305.0, 305.0, 312.0, 323.0, 302.0, 248.0, 6.0, 345.0, 188.0, 174.0, 175.0, 175.0]"
10-2,Curl Curl,north,95,2020-11-09,1,12.0,11,2020,"[10.9, 11.2, 9.8, 9.4, 8.7, 8.3, 7.6, 6.0, 4.6, 3.5, 2.9, 2.7, 1.6, 0.5, 1.1, 3.0, 5.9, 8.7, 10.5, 11.6, 13.3, 14.4, 15.1, 14.7, 14.4, 13.7, 11.1, 10.2, 8.7, 7.9]","[117.0, 111.0, 98.0, 97.0, 95.0, 92.0, 85.0, 65.0, 51.0, 24.0, 7.0, 337.0, 297.0, 45.0, 180.0, 104.0, 101.0, 97.0, 94.0, 95.0, 93.0, 86.0, 78.0, 73.0, 68.0, 63.0, 61.0, 58.0, 52.0, 43.0]"
10-2,Curl Curl,north,95,2007-04-28,0,12.0,4,2007,"[1.6, 3.3, 3.9, 4.0, 2.9, 6.5, 8.1, 8.4, 7.4, 8.0, 6.6, 4.6, 4.3, 6.9, 5.4, 7.8, 9.4, 11.1, 13.3, 15.3, 12.1, 10.3, 8.7, 7.1, 11.0, 14.5, 16.9, 18.8, 19.8, 18.9]","[27.0, 41.0, 338.0, 360.0, 30.0, 56.0, 45.0, 40.0, 29.0, 10.0, 351.0, 342.0, 355.0, 351.0, 312.0, 304.0, 293.0, 299.0, 303.0, 297.0, 297.0, 295.0, 300.0, 319.0, 322.0, 316.0, 310.0, 306.0, 303.0, 301.0]"
10-2,Curl Curl,north,95,2011-02-19,0,12.0,2,2011,"[13.4, 10.6, 8.7, 6.9, 5.8, 4.3, 5.2, 8.1, 5.9, 4.4, 5.6, 8.7, 10.5, 12.8, 11.2, 10.8, 11.2, 11.8, 12.9, 13.4, 12.4, 12.5, 11.3, 11.1, 11.0, 10.2, 13.0, 13.3, 14.0, 13.8]","[117.0, 118.0, 120.0, 118.0, 112.0, 95.0, 74.0, 58.0, 14.0, 351.0, 40.0, 45.0, 31.0, 16.0, 2.0, 4.0, 6.0, 12.0, 18.0, 14.0, 8.0, 18.0, 22.0, 36.0, 41.0, 32.0, 6.0, 347.0, 331.0, 327.0]"
10-2,Curl Curl,north,95,2007-07-07,0,12.0,7,2007,"[14.1, 16.6, 16.3, 15.4, 13.8, 12.0, 12.5, 14.1, 15.2, 16.7, 18.4, 19.9, 19.4, 18.4, 18.3, 17.8, 18.2, 17.5, 20.1, 19.5, 17.6, 15.9, 14.8, 12.8, 14.3, 15.6, 15.1, 14.2, 13.4, 13.4]","[264.0, 269.0, 278.0, 291.0, 298.0, 309.0, 321.0, 328.0, 329.0, 323.0, 320.0, 316.0, 313.0, 312.0, 313.0, 313.0, 308.0, 302.0, 294.0, 289.0, 285.0, 288.0, 296.0, 310.0, 319.0, 320.0, 310.0, 306.0, 306.0, 306.0]"
10-3,Curl Curl,north,95,2024-10-25,1,,10,2024,"[16.7, 15.9, 14.0, 18.8, 20.9, 20.1, 18.7, 13.9, 11.4, 10.0, 8.3, 7.1, 7.7, 8.9, 9.6, 10.7, 10.5, 8.9, 9.1, 10.9, 14.8, 25.6, 31.1, 27.6, 23.3, 21.6, 19.5, 18.0, 17.1, 16.8]","[128.0, 136.0, 160.0, 176.0, 182.0, 192.0, 201.0, 205.0, 196.0, 194.0, 200.0, 221.0, 239.0, 242.0, 262.0, 258.0, 250.0, 232.0, 195.0, 172.0, 156.0, 146.0, 147.0, 150.0, 157.0, 165.0, 166.0, 171.0, 181.0, 186.0]"
10-3,Curl Curl,north,95,2026-04-30,0,,4,2026,"[9.5, 8.6, 7.1, 5.8, 4.2, 3.7, 2.6, 2.7, 2.4, 2.4, 1.4, 0.7, 1.3, 1.5, 4.7, 4.2, 2.8, 3.8, 7.1, 9.1, 11.0, 11.9, 12.0, 12.1, 12.1, 11.4, 8.1, 7.7, 7.6, 7.1]","[79.0, 78.0, 81.0, 85.0, 78.0, 79.0, 102.0, 127.0, 138.0, 144.0, 140.0, 166.0, 286.0, 291.0, 268.0, 250.0, 230.0, 71.0, 63.0, 65.0, 66.0, 68.0, 69.0, 69.0, 67.0, 65.0, 65.0, 59.0, 54.0, 45.0]"
10-3,Curl Curl,north,95,2006-09-15,0,,9,2006,"[16.5, 16.6, 13.7, 12.3, 10.2, 9.0, 7.9, 7.6, 6.1, 3.2, 1.3, 0.8, 2.0, 2.4, 2.2, 1.3, 2.4, 4.9, 7.8, 9.7, 10.1, 10.8, 10.9, 10.0, 8.2, 5.1, 6.3, 5.7, 7.1, 7.2]","[46.0, 39.0, 30.0, 21.0, 10.0, 360.0, 360.0, 3.0, 3.0, 360.0, 304.0, 297.0, 315.0, 333.0, 270.0, 214.0, 153.0, 126.0, 112.0, 105.0, 96.0, 90.0, 84.0, 75.0, 75.0, 82.0, 77.0, 55.0, 24.0, 6.0]"
10-3,Curl Curl,north,95,2025-04-19,0,,4,2025,"[8.7, 7.0, 3.9, 2.9, 4.6, 6.6, 8.2, 7.9, 8.0, 8.9, 9.3, 10.1, 10.7, 11.1, 10.1, 8.1, 7.5, 6.2, 4.5, 5.6, 7.3, 8.7, 10.4, 12.6, 14.5, 15.4, 13.7, 14.3, 14.9, 15.1]","[117.0, 113.0, 77.0, 22.0, 347.0, 327.0, 324.0, 327.0, 335.0, 336.0, 332.0, 329.0, 324.0, 320.0, 313.0, 307.0, 300.0, 303.0, 326.0, 6.0, 23.0, 37.0, 46.0, 44.0, 32.0, 21.0, 2.0, 354.0, 348.0, 345.0]"
10-4,Curl Curl,north,95,2024-11-03,1,15.0,11,2024,"[17.0, 17.2, 19.0, 19.3, 17.9, 17.7, 16.6, 13.9, 12.5, 11.9, 12.0, 11.4, 13.5, 15.4, 14.2, 16.0, 18.8, 17.3, 13.8, 12.3, 11.2, 11.0, 11.5, 12.3, 13.6, 13.4, 12.1, 10.5, 11.4, 13.0]","[54.0, 53.0, 52.0, 44.0, 37.0, 33.0, 27.0, 20.0, 11.0, 355.0, 343.0, 345.0, 352.0, 354.0, 359.0, 2.0, 340.0, 330.0, 340.0, 348.0, 356.0, 10.0, 23.0, 35.0, 29.0, 20.0, 353.0, 348.0, 356.0, 350.0]"
10-4,Curl Curl,north,95,2013-05-30,0,15.0,5,2013,"[13.7, 14.7, 13.9, 14.0, 13.8, 12.6, 11.2, 9.4, 8.6, 7.9, 7.6, 8.0, 8.1, 7.7, 6.9, 6.1, 5.2, 5.8, 6.5, 7.3, 8.7, 10.3, 11.2, 12.0, 14.0, 15.1, 13.8, 12.4, 10.8, 9.4]","[30.0, 25.0, 21.0, 18.0, 15.0, 13.0, 6.0, 360.0, 358.0, 357.0, 352.0, 342.0, 328.0, 319.0, 313.0, 315.0, 326.0, 338.0, 354.0, 11.0, 30.0, 36.0, 40.0, 39.0, 35.0, 28.0, 20.0, 8.0, 360.0, 353.0]"
10-4,Curl Curl,north,95,2007-08-04,0,15.0,8,2007,"[15.5, 16.8, 16.8, 18.8, 20.2, 20.6, 21.0, 21.9, 22.0, 22.1, 21.3, 19.7, 18.1, 17.3, 17.8, 18.4, 20.4, 20.9, 20.9, 19.8, 19.3, 19.6, 19.8, 20.2, 19.7, 17.8, 17.3, 16.2, 16.2, 16.9]","[282.0, 279.0, 279.0, 273.0, 269.0, 266.0, 263.0, 261.0, 259.0, 258.0, 258.0, 261.0, 264.0, 266.0, 262.0, 258.0, 253.0, 251.0, 249.0, 245.0, 246.0, 250.0, 254.0, 259.0, 261.0, 263.0, 266.0, 274.0, 283.0, 286.0]"
10-4,Curl Curl,north,95,2017-07-13,0,15.0,7,2017,"[12.6, 12.5, 8.3, 6.9, 6.0, 5.1, 6.0, 6.6, 6.4, 6.3, 5.8, 5.2, 5.6, 5.6, 6.9, 5.8, 5.1, 4.1, 2.6, 4.5, 7.8, 9.8, 11.2, 13.3, 14.1, 15.2, 13.8, 14.1, 14.0, 14.1]","[167.0, 162.0, 185.0, 189.0, 197.0, 219.0, 237.0, 241.0, 243.0, 246.0, 248.0, 254.0, 255.0, 255.0, 264.0, 263.0, 266.0, 285.0, 326.0, 14.0, 34.0, 36.0, 42.0, 41.0, 32.0, 22.0, 9.0, 3.0, 359.0, 356.0]"
10-5,Curl Curl,north,95,2024-12-29,1,12.0,12,2024,"[19.1, 17.0, 15.4, 13.9, 11.7, 10.3, 8.6, 7.1, 5.3, 4.5, 5.0, 5.4, 5.1, 4.0, 6.2, 8.5, 7.8, 9.3, 13.4, 17.8, 20.7, 20.3, 19.2, 18.2, 16.1, 13.2, 12.5, 11.7, 11.4, 12.5]","[51.0, 42.0, 36.0, 33.0, 34.0, 36.0, 33.0, 19.0, 352.0, 307.0, 283.0, 276.0, 280.0, 273.0, 237.0, 207.0, 176.0, 140.0, 130.0, 126.0, 116.0, 108.0, 109.0, 113.0, 120.0, 127.0, 141.0, 151.0, 159.0, 162.0]"
10-5,Curl Curl,north,95,2011-05-04,0,12.0,5,2011,"[14.7, 16.1, 16.6, 18.3, 19.6, 20.9, 20.3, 19.0, 18.3, 20.2, 22.2, 23.2, 23.3, 22.8, 20.5, 21.3, 21.9, 23.3, 23.5, 21.7, 19.8, 17.7, 15.1, 13.7, 12.6, 10.9, 9.0, 9.4, 10.3, 10.2]","[211.0, 209.0, 219.0, 223.0, 221.0, 216.0, 210.0, 207.0, 212.0, 219.0, 223.0, 221.0, 215.0, 211.0, 214.0, 214.0, 210.0, 202.0, 191.0, 187.0, 183.0, 178.0, 168.0, 162.0, 160.0, 171.0, 178.0, 203.0, 209.0, 212.0]"
10-5,Curl Curl,north,95,2012-03-31,0,12.0,3,2012,"[5.9, 6.5, 5.2, 4.6, 4.0, 4.3, 4.0, 5.4, 6.5, 7.3, 8.0, 8.7, 8.6, 8.0, 8.3, 7.6, 6.5, 4.0, 1.8, 2.1, 4.2, 6.2, 8.0, 9.3, 9.8, 8.7, 7.5, 7.4, 8.3, 8.7]","[104.0, 84.0, 146.0, 162.0, 185.0, 222.0, 243.0, 250.0, 251.0, 250.0, 252.0, 253.0, 255.0, 262.0, 268.0, 267.0, 267.0, 265.0, 233.0, 149.0, 121.0, 100.0, 85.0, 74.0, 62.0, 52.0, 35.0, 14.0, 2.0, 353.0]"
10-5,Curl Curl,north,95,2021-01-05,0,12.0,1,2021,"[9.6, 12.5, 13.5, 15.2, 12.6, 6.6, 3.7, 2.1, 4.7, 2.4, 2.7, 6.8, 7.6, 8.4, 4.7, 3.9, 1.8, 2.3, 1.6, 8.3, 14.0, 14.8, 12.6, 11.6, 10.6, 10.0, 9.5, 10.3, 9.8, 8.2]","[20.0, 12.0, 351.0, 338.0, 329.0, 315.0, 259.0, 121.0, 86.0, 27.0, 293.0, 267.0, 251.0, 239.0, 266.0, 248.0, 270.0, 321.0, 63.0, 95.0, 89.0, 86.0, 90.0, 85.0, 72.0, 64.0, 61.0, 61.0, 66.0, 142.0]"
10-6,Curl Curl,north,95,2026-01-13,1,7.0,1,2026,"[15.5, 12.8, 11.1, 11.1, 10.5, 8.5, 8.0, 8.0, 6.9, 6.7, 6.4, 7.4, 6.7, 7.3, 9.3, 6.3, 5.4, 7.9, 12.3, 15.6, 17.4, 19.0, 19.0, 19.0, 18.8, 16.4, 13.2, 13.5, 11.5, 11.0]","[75.0, 73.0, 54.0, 50.0, 49.0, 46.0, 42.0, 46.0, 53.0, 59.0, 61.0, 58.0, 56.0, 50.0, 47.0, 37.0, 40.0, 74.0, 84.0, 83.0, 79.0, 77.0, 77.0, 73.0, 67.0, 61.0, 55.0, 53.0, 48.0, 52.0]"
10-6,Curl Curl,north,95,2016-11-20,0,7.0,11,2016,"[14.5, 13.2, 8.8, 10.0, 10.7, 7.6, 5.8, 7.0, 7.4, 6.0, 4.9, 4.4, 2.9, 4.8, 5.4, 6.9, 8.1, 10.8, 13.0, 14.8, 16.7, 18.1, 18.1, 16.6, 14.5, 12.7, 10.2, 8.2, 6.5, 4.8]","[134.0, 151.0, 168.0, 142.0, 123.0, 121.0, 150.0, 168.0, 166.0, 163.0, 163.0, 145.0, 97.0, 63.0, 70.0, 62.0, 77.0, 86.0, 87.0, 86.0, 84.0, 77.0, 73.0, 68.0, 63.0, 55.0, 42.0, 41.0, 56.0, 63.0]"
10-6,Curl Curl,north,95,2010-10-22,0,7.0,10,2010,"[19.6, 19.4, 19.9, 15.8, 12.3, 10.8, 8.8, 7.9, 7.1, 6.6, 6.3, 6.9, 6.8, 5.8, 4.8, 4.3, 3.7, 4.6, 7.6, 11.2, 13.4, 13.9, 14.3, 13.7, 12.8, 13.0, 13.4, 13.3, 12.7, 12.5]","[58.0, 48.0, 42.0, 35.0, 32.0, 21.0, 12.0, 16.0, 15.0, 13.0, 13.0, 6.0, 360.0, 360.0, 347.0, 355.0, 29.0, 72.0, 87.0, 84.0, 82.0, 69.0, 28.0, 23.0, 32.0, 19.0, 5.0, 357.0, 353.0, 348.0]"
10-6,Curl Curl,north,95,2018-02-04,0,7.0,2,2018,"[21.9, 18.7, 15.9, 14.3, 12.9, 13.6, 14.5, 14.5, 14.4, 14.0, 13.7, 13.3, 14.1, 15.8, 15.1, 16.9, 17.5, 18.0, 18.6, 18.2, 17.7, 17.1, 16.3, 15.5, 14.8, 13.5, 11.0, 9.7, 8.6, 7.5]","[147.0, 146.0, 147.0, 155.0, 162.0, 163.0, 166.0, 173.0, 180.0, 181.0, 182.0, 183.0, 184.0, 181.0, 180.0, 168.0, 161.0, 154.0, 148.0, 142.0, 142.0, 138.0, 135.0, 132.0, 129.0, 124.0, 131.0, 141.0, 147.0, 145.0]"
10-7,Curl Curl,north,95,2026-05-24,1,13.0,5,2026,"[13.3, 13.8, 10.9, 10.0, 10.8, 10.6, 11.4, 11.7, 10.5, 7.9, 7.8, 5.4, 3.8, 2.9, 2.8, 3.6, 4.5, 3.5, 4.9, 6.5, 5.5, 4.1, 4.1, 6.2, 6.9, 7.3, 7.7, 8.6, 8.0, 6.2]","[103.0, 97.0, 97.0, 103.0, 105.0, 108.0, 106.0, 101.0, 97.0, 101.0, 103.0, 105.0, 115.0, 150.0, 220.0, 200.0, 164.0, 125.0, 73.0, 62.0, 63.0, 67.0, 75.0, 80.0, 84.0, 81.0, 93.0, 79.0, 76.0, 57.0]"
10-7,Curl Curl,north,95,2008-12-19,0,13.0,12,2008,"[7.6, 10.1, 10.5, 10.4, 11.5, 10.2, 10.9, 13.0, 13.0, 11.3, 9.1, 6.5, 4.0, 5.1, 9.2, 10.2, 10.2, 9.5, 13.5, 25.3, 30.9, 27.5, 26.9, 26.4, 24.9, 23.7, 21.4, 20.1, 21.0, 23.0]","[211.0, 182.0, 211.0, 214.0, 226.0, 238.0, 224.0, 199.0, 182.0, 173.0, 171.0, 174.0, 190.0, 231.0, 231.0, 228.0, 222.0, 209.0, 171.0, 152.0, 146.0, 146.0, 150.0, 154.0, 158.0, 163.0, 163.0, 165.0, 167.0, 171.0]"
10-7,Curl Curl,north,95,2022-03-26,0,13.0,3,2022,"[15.4, 15.8, 11.4, 12.7, 13.2, 13.9, 11.6, 14.4, 16.7, 16.5, 17.5, 16.9, 16.0, 14.3, 8.8, 3.8, 8.5, 12.2, 13.2, 14.2, 14.1, 15.3, 13.3, 13.6, 13.4, 13.4, 8.2, 9.8, 9.7, 10.0]","[153.0, 151.0, 123.0, 123.0, 120.0, 120.0, 129.0, 140.0, 143.0, 144.0, 144.0, 145.0, 145.0, 145.0, 86.0, 135.0, 152.0, 144.0, 133.0, 131.0, 130.0, 124.0, 111.0, 107.0, 112.0, 118.0, 131.0, 133.0, 133.0, 120.0]"
10-7,Curl Curl,north,95,2025-10-22,0,13.0,10,2025,"[12.8, 12.3, 6.8, 9.8, 12.4, 12.4, 11.4, 8.3, 6.5, 3.9, 4.4, 5.5, 2.4, 8.3, 7.7, 12.1, 17.5, 21.8, 25.1, 28.2, 29.3, 32.2, 31.1, 32.1, 27.9, 24.7, 19.0, 15.6, 12.6, 13.6]","[88.0, 61.0, 48.0, 44.0, 28.0, 16.0, 16.0, 1.0, 355.0, 347.0, 210.0, 189.0, 48.0, 13.0, 344.0, 359.0, 4.0, 359.0, 346.0, 332.0, 325.0, 316.0, 301.0, 292.0, 287.0, 290.0, 285.0, 277.0, 279.0, 285.0]"
11-0,Freshwater,north,90,2022-10-01,1,7.0,10,2022,"[24.1, 25.7, 26.9, 25.7, 25.5, 25.8, 25.7, 24.1, 22.5, 21.5, 22.2, 23.3, 22.9, 22.1, 20.0, 19.0, 18.5, 18.2, 18.3, 18.0, 19.5, 20.2, 19.1, 18.2, 17.2, 15.9, 11.8, 11.1, 12.2, 11.3]","[153.0, 146.0, 140.0, 140.0, 138.0, 141.0, 143.0, 147.0, 152.0, 158.0, 163.0, 165.0, 165.0, 162.0, 153.0, 153.0, 148.0, 142.0, 140.0, 139.0, 138.0, 136.0, 137.0, 137.0, 136.0, 138.0, 151.0, 148.0, 144.0, 155.0]"
11-0,Freshwater,north,90,2018-10-22,0,7.0,10,2018,"[19.1, 15.8, 10.8, 8.6, 7.9, 7.0, 6.8, 6.9, 6.2, 5.6, 5.4, 6.2, 5.8, 4.7, 0.4, 3.8, 10.0, 15.3, 19.2, 21.4, 22.9, 24.3, 24.6, 23.4, 20.7, 19.3, 15.9, 14.7, 13.2, 12.4]","[148.0, 150.0, 165.0, 180.0, 180.0, 168.0, 162.0, 152.0, 144.0, 153.0, 176.0, 187.0, 180.0, 148.0, 90.0, 49.0, 60.0, 63.0, 67.0, 65.0, 62.0, 61.0, 58.0, 53.0, 50.0, 45.0, 38.0, 31.0, 29.0, 30.0]"
11-0,Freshwater,north,90,2018-12-04,0,7.0,12,2018,"[7.3, 7.9, 7.2, 13.9, 17.5, 20.0, 22.4, 23.1, 21.7, 19.3, 16.8, 13.2, 10.8, 13.3, 17.1, 18.1, 20.1, 21.7, 22.9, 24.7, 25.3, 23.1, 21.9, 21.2, 21.3, 20.5, 15.5, 14.8, 14.5, 14.3]","[351.0, 317.0, 252.0, 245.0, 251.0, 262.0, 264.0, 259.0, 251.0, 243.0, 235.0, 225.0, 195.0, 147.0, 115.0, 113.0, 111.0, 111.0, 114.0, 111.0, 114.0, 124.0, 123.0, 122.0, 124.0, 128.0, 126.0, 133.0, 136.0, 135.0]"
11-0,Freshwater,north,90,2016-08-08,0,7.0,8,2016,"[7.8, 5.0, 8.3, 10.1, 9.4, 8.2, 6.8, 6.6, 6.6, 7.9, 7.1, 6.9, 7.4, 7.4, 11.0, 11.4, 10.9, 9.3, 7.6, 6.0, 4.5, 4.1, 6.1, 8.5, 10.9, 12.4, 11.1, 8.5, 8.3, 9.8]","[124.0, 120.0, 236.0, 235.0, 238.0, 241.0, 238.0, 229.0, 225.0, 231.0, 229.0, 219.0, 219.0, 223.0, 251.0, 246.0, 243.0, 234.0, 225.0, 213.0, 194.0, 165.0, 135.0, 118.0, 98.0, 80.0, 65.0, 36.0, 360.0, 343.0]"
11-1,Freshwater,north,90,2022-10-06,1,10.0,10,2022,"[25.9, 24.6, 24.4, 24.8, 26.7, 28.6, 28.5, 28.7, 28.9, 29.7, 30.0, 29.6, 29.3, 28.6, 22.4, 25.0, 28.4, 29.1, 30.1, 31.8, 28.5, 27.3, 25.5, 23.6, 23.2, 23.5, 16.0, 18.2, 21.5, 22.7]","[83.0, 81.0, 81.0, 79.0, 73.0, 67.0, 65.0, 64.0, 62.0, 63.0, 62.0, 60.0, 59.0, 57.0, 59.0, 54.0, 51.0, 51.0, 55.0, 54.0, 48.0, 42.0, 38.0, 36.0, 36.0, 32.0, 25.0, 26.0, 24.0, 24.0]"
11-1,Freshwater,north,90,2011-06-14,0,10.0,6,2011,"[27.5, 26.8, 26.3, 27.2, 27.7, 28.1, 30.6, 30.9, 30.2, 30.9, 30.8, 31.1, 31.5, 32.3, 32.9, 32.8, 31.8, 32.1, 34.0, 38.3, 41.7, 40.4, 41.9, 42.7, 41.6, 41.0, 42.9, 43.4, 43.5, 43.5]","[138.0, 138.0, 147.0, 151.0, 145.0, 140.0, 150.0, 148.0, 144.0, 144.0, 143.0, 143.0, 144.0, 145.0, 143.0, 136.0, 134.0, 136.0, 141.0, 143.0, 143.0, 146.0, 148.0, 148.0, 148.0, 146.0, 151.0, 151.0, 150.0, 149.0]"
11-1,Freshwater,north,90,2023-08-09,0,10.0,8,2023,"[14.8, 13.0, 8.6, 7.1, 6.6, 4.7, 3.1, 3.6, 4.8, 7.1, 7.7, 7.9, 6.3, 5.8, 7.6, 8.0, 9.1, 7.8, 6.8, 9.5, 13.4, 15.5, 17.9, 21.0, 23.4, 24.6, 22.0, 23.1, 24.3, 25.6]","[139.0, 136.0, 147.0, 165.0, 171.0, 176.0, 201.0, 225.0, 243.0, 246.0, 242.0, 240.0, 239.0, 248.0, 270.0, 280.0, 288.0, 304.0, 335.0, 11.0, 24.0, 28.0, 34.0, 39.0, 34.0, 27.0, 21.0, 15.0, 7.0, 2.0]"
11-1,Freshwater,north,90,2016-08-10,0,10.0,8,2016,"[21.5, 22.8, 21.7, 23.9, 24.5, 24.5, 23.4, 21.5, 21.2, 21.3, 21.9, 22.5, 23.0, 23.2, 17.4, 18.7, 21.0, 21.3, 22.7, 23.4, 21.3, 19.2, 19.1, 19.5, 21.8, 23.0, 20.1, 18.6, 17.8, 15.9]","[18.0, 12.0, 12.0, 7.0, 4.0, 2.0, 350.0, 346.0, 345.0, 344.0, 346.0, 344.0, 340.0, 334.0, 330.0, 344.0, 348.0, 356.0, 4.0, 10.0, 5.0, 5.0, 3.0, 355.0, 347.0, 343.0, 327.0, 324.0, 318.0, 308.0]"
11-2,Freshwater,north,90,2023-12-30,1,17.0,12,2023,"[11.9, 11.5, 11.2, 11.6, 12.4, 14.5, 14.3, 14.0, 14.5, 14.3, 15.8, 18.4, 19.4, 18.3, 6.2, 5.1, 8.8, 11.9, 13.8, 18.4, 21.9, 25.6, 29.3, 31.0, 28.0, 27.0, 24.8, 24.0, 24.4, 24.3]","[5.0, 360.0, 339.0, 300.0, 278.0, 263.0, 258.0, 252.0, 240.0, 227.0, 215.0, 206.0, 198.0, 195.0, 173.0, 184.0, 171.0, 151.0, 129.0, 113.0, 110.0, 107.0, 109.0, 112.0, 118.0, 121.0, 114.0, 118.0, 121.0, 125.0]"
11-2,Freshwater,north,90,2024-02-14,0,17.0,2,2024,"[28.6, 29.9, 26.4, 22.2, 20.7, 21.3, 21.7, 20.5, 18.1, 14.2, 11.2, 12.2, 11.1, 10.0, 9.8, 10.7, 5.2, 4.0, 11.2, 21.2, 32.1, 32.0, 30.7, 29.2, 27.4, 27.4, 24.5, 23.8, 21.6, 21.0]","[36.0, 31.0, 24.0, 17.0, 17.0, 19.0, 15.0, 11.0, 7.0, 351.0, 315.0, 294.0, 295.0, 322.0, 343.0, 346.0, 326.0, 190.0, 174.0, 162.0, 168.0, 168.0, 162.0, 156.0, 157.0, 157.0, 152.0, 148.0, 147.0, 145.0]"
11-2,Freshwater,north,90,2015-02-17,0,17.0,2,2015,"[28.1, 26.5, 23.4, 24.0, 23.6, 21.9, 20.0, 18.4, 17.0, 16.6, 16.6, 15.8, 15.6, 16.1, 19.2, 20.9, 22.2, 23.2, 23.4, 24.7, 26.6, 29.3, 31.1, 31.5, 31.3, 29.9, 28.4, 27.8, 25.5, 22.7]","[50.0, 47.0, 45.0, 41.0, 39.0, 33.0, 28.0, 23.0, 21.0, 24.0, 27.0, 27.0, 26.0, 27.0, 30.0, 32.0, 36.0, 42.0, 47.0, 53.0, 57.0, 58.0, 58.0, 57.0, 55.0, 54.0, 52.0, 50.0, 46.0, 42.0]"
11-2,Freshwater,north,90,2010-04-09,0,17.0,4,2010,"[13.7, 12.8, 12.6, 13.7, 17.0, 16.0, 12.8, 12.6, 14.9, 18.2, 18.6, 19.0, 18.6, 17.9, 14.0, 14.1, 15.7, 17.9, 19.4, 20.5, 20.6, 19.4, 18.9, 19.1, 17.4, 14.8, 11.5, 8.4, 6.9, 5.4]","[150.0, 148.0, 156.0, 157.0, 176.0, 189.0, 196.0, 207.0, 212.0, 210.0, 212.0, 209.0, 212.0, 218.0, 224.0, 230.0, 217.0, 205.0, 195.0, 183.0, 174.0, 170.0, 167.0, 164.0, 167.0, 167.0, 184.0, 211.0, 231.0, 250.0]"
11-3,Freshwater,north,90,2024-03-28,1,17.0,3,2024,"[16.8, 16.2, 11.7, 9.8, 8.6, 8.0, 7.2, 7.7, 9.2, 10.7, 11.2, 12.3, 13.0, 13.1, 11.4, 13.5, 14.1, 13.0, 13.2, 14.3, 15.6, 17.1, 18.6, 18.4, 16.9, 14.9, 13.0, 12.0, 9.4, 7.9]","[113.0, 103.0, 99.0, 107.0, 112.0, 117.0, 117.0, 131.0, 141.0, 140.0, 140.0, 148.0, 146.0, 143.0, 156.0, 151.0, 148.0, 146.0, 145.0, 141.0, 140.0, 138.0, 134.0, 132.0, 130.0, 127.0, 134.0, 134.0, 130.0, 129.0]"
11-3,Freshwater,north,90,2008-02-12,0,17.0,2,2008,"[21.6, 21.4, 22.0, 21.5, 19.2, 18.0, 17.8, 17.1, 14.8, 11.6, 11.6, 13.7, 14.2, 15.4, 17.6, 19.2, 18.0, 14.4, 14.1, 17.5, 19.3, 20.3, 22.9, 23.1, 20.3, 22.1, 19.9, 17.7, 16.8, 16.7]","[53.0, 49.0, 40.0, 38.0, 34.0, 33.0, 36.0, 30.0, 18.0, 16.0, 16.0, 18.0, 16.0, 11.0, 11.0, 5.0, 1.0, 1.0, 19.0, 32.0, 37.0, 37.0, 37.0, 34.0, 25.0, 22.0, 20.0, 13.0, 10.0, 7.0]"
11-3,Freshwater,north,90,2008-03-05,0,17.0,3,2008,"[12.5, 9.1, 7.1, 7.4, 8.0, 8.7, 9.4, 10.9, 12.7, 14.5, 17.1, 19.7, 21.4, 21.8, 21.0, 19.8, 18.4, 17.7, 17.6, 16.8, 17.1, 18.0, 19.1, 19.0, 17.4, 15.2, 13.5, 11.7, 9.6, 7.9]","[72.0, 83.0, 105.0, 129.0, 153.0, 173.0, 184.0, 189.0, 188.0, 186.0, 187.0, 189.0, 193.0, 193.0, 185.0, 177.0, 169.0, 160.0, 152.0, 145.0, 138.0, 127.0, 122.0, 119.0, 112.0, 104.0, 106.0, 108.0, 103.0, 93.0]"
11-3,Freshwater,north,90,2020-10-12,0,17.0,10,2020,"[16.6, 12.2, 11.2, 22.0, 24.1, 23.5, 21.7, 19.6, 18.4, 18.5, 17.4, 13.9, 11.0, 6.9, 10.5, 10.7, 11.4, 12.5, 14.2, 16.2, 16.2, 16.4, 18.5, 17.0, 19.1, 21.9, 23.8, 21.6, 18.2, 15.9]","[51.0, 62.0, 174.0, 178.0, 171.0, 162.0, 156.0, 154.0, 157.0, 159.0, 158.0, 155.0, 148.0, 152.0, 172.0, 168.0, 162.0, 147.0, 126.0, 107.0, 91.0, 75.0, 61.0, 58.0, 54.0, 48.0, 39.0, 33.0, 25.0, 13.0]"
11-4,Freshwater,north,90,2024-12-14,1,,12,2024,"[17.7, 14.4, 8.6, 25.9, 27.9, 25.4, 24.4, 24.2, 25.6, 23.9, 21.5, 20.1, 20.5, 20.5, 15.7, 13.7, 13.6, 13.9, 14.4, 16.4, 17.4, 16.2, 14.7, 13.1, 13.0, 12.7, 4.4, 4.2, 5.0, 5.6]","[42.0, 37.0, 164.0, 174.0, 177.0, 184.0, 188.0, 191.0, 192.0, 192.0, 194.0, 195.0, 195.0, 193.0, 198.0, 180.0, 156.0, 137.0, 127.0, 125.0, 120.0, 113.0, 105.0, 103.0, 88.0, 65.0, 109.0, 168.0, 182.0, 186.0]"
11-4,Freshwater,north,90,2015-09-02,0,,9,2015,"[10.5, 9.0, 8.7, 6.1, 3.7, 4.8, 7.4, 8.8, 10.1, 10.9, 10.3, 9.2, 9.1, 9.4, 9.9, 9.1, 7.8, 7.6, 8.0, 10.6, 14.5, 16.7, 18.0, 19.1, 21.5, 23.2, 22.9, 24.5, 23.4, 22.7]","[96.0, 95.0, 114.0, 140.0, 191.0, 243.0, 241.0, 235.0, 235.0, 243.0, 245.0, 249.0, 261.0, 277.0, 280.0, 288.0, 304.0, 335.0, 5.0, 28.0, 27.0, 25.0, 29.0, 32.0, 31.0, 33.0, 28.0, 26.0, 29.0, 27.0]"
11-4,Freshwater,north,90,2013-12-12,0,,12,2013,"[11.0, 11.8, 10.8, 9.8, 5.6, 4.7, 9.5, 14.0, 15.3, 15.3, 13.4, 11.3, 10.2, 12.0, 11.9, 13.7, 16.6, 18.5, 19.5, 21.5, 23.9, 27.9, 30.7, 31.1, 28.8, 25.0, 21.8, 19.3, 18.0, 16.7]","[41.0, 59.0, 86.0, 98.0, 105.0, 157.0, 169.0, 151.0, 137.0, 124.0, 117.0, 112.0, 100.0, 81.0, 85.0, 87.0, 88.0, 77.0, 71.0, 72.0, 69.0, 61.0, 51.0, 45.0, 42.0, 40.0, 34.0, 33.0, 29.0, 19.0]"
11-4,Freshwater,north,90,2015-07-02,0,,7,2015,"[6.1, 6.2, 6.4, 6.3, 10.3, 14.8, 16.4, 17.3, 19.8, 21.9, 21.1, 20.1, 19.5, 19.9, 20.3, 20.0, 22.0, 23.3, 24.8, 25.0, 25.9, 31.2, 32.7, 34.7, 34.2, 34.8, 29.5, 32.1, 33.1, 32.7]","[183.0, 187.0, 207.0, 211.0, 241.0, 241.0, 237.0, 239.0, 241.0, 245.0, 250.0, 260.0, 268.0, 274.0, 276.0, 277.0, 269.0, 261.0, 257.0, 255.0, 256.0, 248.0, 246.0, 253.0, 258.0, 244.0, 223.0, 217.0, 213.0, 212.0]"
11-5,Freshwater,north,90,2024-12-21,1,19.0,12,2024,"[17.4, 14.3, 7.8, 4.3, 3.1, 4.4, 6.0, 7.1, 7.7, 8.1, 8.9, 10.4, 11.4, 12.2, 10.3, 7.1, 2.4, 7.8, 15.3, 21.4, 22.3, 21.3, 19.9, 21.9, 23.4, 20.5, 16.3, 16.9, 15.6, 16.9]","[112.0, 100.0, 99.0, 92.0, 50.0, 12.0, 351.0, 336.0, 329.0, 323.0, 324.0, 324.0, 323.0, 329.0, 329.0, 333.0, 13.0, 97.0, 103.0, 100.0, 99.0, 107.0, 122.0, 143.0, 148.0, 146.0, 139.0, 137.0, 145.0, 150.0]"
11-5,Freshwater,north,90,2015-03-22,0,19.0,3,2015,"[24.5, 23.2, 21.2, 21.1, 20.7, 22.2, 23.3, 22.9, 21.6, 20.2, 19.5, 20.7, 22.3, 21.5, 17.3, 18.0, 16.9, 18.2, 17.8, 18.1, 16.0, 16.2, 18.1, 19.1, 20.0, 20.7, 16.0, 14.6, 14.8, 15.6]","[131.0, 126.0, 122.0, 115.0, 113.0, 110.0, 107.0, 106.0, 108.0, 112.0, 118.0, 107.0, 99.0, 99.0, 92.0, 91.0, 89.0, 82.0, 76.0, 69.0, 67.0, 69.0, 69.0, 68.0, 64.0, 59.0, 44.0, 40.0, 39.0, 34.0]"
11-5,Freshwater,north,90,2016-06-22,0,19.0,6,2016,"[28.4, 26.6, 22.8, 23.7, 23.2, 22.7, 24.8, 26.1, 27.4, 28.2, 28.6, 27.7, 27.5, 26.3, 22.0, 20.4, 20.2, 21.2, 25.6, 27.0, 29.7, 29.5, 29.2, 28.5, 27.3, 26.6, 28.3, 28.0, 28.0, 25.7]","[308.0, 308.0, 321.0, 327.0, 324.0, 333.0, 336.0, 334.0, 332.0, 330.0, 329.0, 322.0, 317.0, 311.0, 310.0, 302.0, 289.0, 280.0, 272.0, 272.0, 276.0, 279.0, 283.0, 283.0, 282.0, 279.0, 282.0, 277.0, 278.0, 275.0]"
11-5,Freshwater,north,90,2025-05-26,0,19.0,5,2025,"[14.3, 14.7, 15.6, 15.9, 14.2, 13.2, 13.2, 11.2, 9.3, 9.6, 10.2, 10.8, 11.8, 13.7, 12.3, 8.3, 10.5, 12.7, 14.9, 17.5, 19.9, 21.5, 21.8, 18.8, 20.4, 26.2, 18.5, 25.6, 28.3, 30.7]","[315.0, 313.0, 309.0, 307.0, 305.0, 300.0, 298.0, 296.0, 298.0, 298.0, 296.0, 300.0, 308.0, 315.0, 305.0, 321.0, 335.0, 354.0, 358.0, 3.0, 356.0, 351.0, 350.0, 354.0, 6.0, 10.0, 7.0, 2.0, 2.0, 4.0]"
11-6,Freshwater,north,90,2025-01-11,1,14.0,1,2025,"[18.2, 18.1, 13.9, 16.6, 16.4, 15.9, 16.5, 18.2, 18.0, 18.7, 18.2, 16.8, 14.6, 16.0, 10.8, 8.4, 9.6, 12.4, 13.8, 16.4, 18.3, 19.6, 21.7, 17.8, 15.4, 12.6, 10.3, 10.8, 13.1, 15.3]","[87.0, 84.0, 91.0, 75.0, 73.0, 75.0, 74.0, 69.0, 59.0, 51.0, 43.0, 42.0, 34.0, 40.0, 66.0, 56.0, 67.0, 77.0, 83.0, 87.0, 96.0, 87.0, 67.0, 54.0, 49.0, 47.0, 49.0, 54.0, 57.0, 53.0]"
11-6,Freshwater,north,90,2022-05-09,0,14.0,5,2022,"[11.3, 13.4, 9.4, 9.7, 9.4, 9.7, 10.5, 11.6, 13.3, 13.4, 13.6, 13.7, 15.1, 15.8, 11.1, 11.7, 11.8, 12.5, 12.0, 12.0, 12.2, 13.0, 10.7, 9.6, 9.8, 9.5, 7.7, 10.0, 11.1, 9.0]","[155.0, 149.0, 180.0, 178.0, 179.0, 179.0, 173.0, 172.0, 171.0, 173.0, 174.0, 175.0, 177.0, 173.0, 216.0, 223.0, 209.0, 198.0, 188.0, 173.0, 167.0, 166.0, 166.0, 163.0, 160.0, 158.0, 231.0, 203.0, 189.0, 177.0]"
11-6,Freshwater,north,90,2007-03-20,0,14.0,3,2007,"[13.8, 12.5, 8.4, 10.7, 12.3, 12.2, 10.8, 10.8, 10.8, 10.2, 9.4, 8.9, 9.6, 10.3, 10.6, 9.3, 7.2, 3.9, 5.9, 9.4, 12.3, 15.9, 12.2, 10.3, 8.7, 16.1, 16.8, 17.3, 18.0, 18.9]","[51.0, 39.0, 31.0, 12.0, 357.0, 346.0, 339.0, 334.0, 330.0, 318.0, 317.0, 317.0, 326.0, 331.0, 336.0, 347.0, 354.0, 22.0, 76.0, 83.0, 85.0, 85.0, 56.0, 348.0, 24.0, 39.0, 28.0, 12.0, 12.0, 13.0]"
11-6,Freshwater,north,90,2021-02-07,0,14.0,2,2021,"[23.2, 22.3, 20.0, 21.0, 20.2, 18.8, 17.3, 14.4, 11.8, 10.8, 11.3, 12.3, 13.4, 12.9, 12.1, 12.2, 12.8, 15.2, 17.6, 20.0, 22.9, 25.6, 25.7, 24.9, 24.8, 25.0, 22.9, 23.5, 23.9, 24.2]","[16.0, 10.0, 18.0, 13.0, 4.0, 356.0, 343.0, 328.0, 308.0, 285.0, 261.0, 249.0, 250.0, 247.0, 240.0, 223.0, 202.0, 184.0, 169.0, 154.0, 147.0, 142.0, 143.0, 143.0, 147.0, 152.0, 152.0, 155.0, 159.0, 162.0]"
11-7,Freshwater,north,90,2025-02-01,1,16.0,2,2025,"[18.2, 17.2, 15.1, 14.8, 14.3, 13.6, 12.5, 12.0, 11.6, 10.9, 10.7, 11.1, 12.1, 13.0, 12.6, 13.7, 14.7, 16.0, 17.4, 17.5, 18.0, 17.8, 17.4, 17.1, 16.6, 15.4, 13.5, 12.6, 11.2, 10.5]","[148.0, 147.0, 145.0, 148.0, 147.0, 146.0, 140.0, 137.0, 136.0, 134.0, 134.0, 137.0, 137.0, 135.0, 139.0, 134.0, 130.0, 123.0, 117.0, 111.0, 102.0, 92.0, 82.0, 78.0, 74.0, 71.0, 65.0, 63.0, 64.0, 70.0]"
11-7,Freshwater,north,90,2020-08-28,0,16.0,8,2020,"[13.0, 17.6, 15.8, 16.7, 19.5, 22.1, 22.5, 23.4, 25.0, 24.2, 23.1, 20.2, 19.7, 23.2, 18.1, 19.3, 21.0, 18.8, 17.1, 18.5, 18.0, 16.3, 15.7, 15.9, 15.8, 13.3, 10.2, 6.6, 3.8, 6.5]","[321.0, 293.0, 291.0, 307.0, 308.0, 307.0, 302.0, 315.0, 316.0, 319.0, 321.0, 305.0, 279.0, 257.0, 235.0, 233.0, 232.0, 223.0, 208.0, 193.0, 183.0, 172.0, 160.0, 147.0, 139.0, 128.0, 138.0, 151.0, 197.0, 264.0]"
11-7,Freshwater,north,90,2020-06-29,0,16.0,6,2020,"[19.4, 18.4, 13.1, 10.5, 9.0, 9.4, 8.4, 8.2, 9.4, 10.7, 11.3, 11.6, 12.1, 12.5, 12.9, 12.0, 11.8, 12.1, 12.3, 11.3, 11.3, 12.1, 12.3, 11.0, 9.5, 8.8, 3.8, 2.8, 2.8, 3.1]","[181.0, 177.0, 172.0, 174.0, 180.0, 182.0, 190.0, 203.0, 212.0, 213.0, 207.0, 202.0, 197.0, 198.0, 216.0, 224.0, 207.0, 197.0, 185.0, 171.0, 158.0, 150.0, 140.0, 139.0, 143.0, 145.0, 131.0, 140.0, 130.0, 111.0]"
11-7,Freshwater,north,90,2008-03-17,0,16.0,3,2008,"[18.9, 18.7, 18.7, 18.9, 18.6, 17.8, 17.3, 16.7, 14.9, 14.8, 12.9, 12.4, 13.2, 14.0, 12.2, 17.2, 19.5, 21.9, 22.4, 22.2, 22.8, 24.0, 25.2, 24.9, 25.6, 25.2, 23.4, 23.0, 21.7, 20.1]","[66.0, 60.0, 56.0, 51.0, 49.0, 45.0, 42.0, 37.0, 32.0, 26.0, 23.0, 22.0, 22.0, 23.0, 24.0, 33.0, 39.0, 42.0, 45.0, 47.0, 52.0, 54.0, 56.0, 56.0, 51.0, 46.0, 44.0, 41.0, 36.0, 33.0]"
11-8,Freshwater,north,90,2025-03-08,1,8.0,3,2025,"[22.9, 22.6, 19.7, 21.0, 21.6, 21.7, 21.2, 20.2, 18.6, 17.6, 17.8, 18.6, 19.5, 21.3, 17.4, 20.7, 22.1, 24.3, 24.7, 24.1, 23.2, 22.0, 20.9, 19.6, 17.8, 17.1, 15.7, 16.6, 17.4, 16.6]","[129.0, 126.0, 128.0, 126.0, 129.0, 130.0, 128.0, 127.0, 129.0, 133.0, 133.0, 127.0, 121.0, 115.0, 100.0, 92.0, 90.0, 90.0, 88.0, 88.0, 89.0, 89.0, 87.0, 87.0, 90.0, 93.0, 90.0, 91.0, 84.0, 81.0]"
11-8,Freshwater,north,90,2007-05-12,0,8.0,5,2007,"[7.6, 7.0, 7.6, 7.2, 6.1, 3.3, 2.3, 1.4, 1.9, 3.6, 5.4, 6.1, 6.6, 7.3, 8.6, 8.4, 7.8, 6.2, 5.5, 7.2, 9.6, 12.1, 13.9, 14.8, 15.8, 15.6, 15.0, 14.6, 14.4, 12.8]","[115.0, 111.0, 95.0, 96.0, 90.0, 77.0, 51.0, 360.0, 292.0, 264.0, 250.0, 242.0, 241.0, 237.0, 237.0, 220.0, 202.0, 170.0, 113.0, 84.0, 70.0, 67.0, 65.0, 61.0, 55.0, 50.0, 42.0, 38.0, 32.0, 22.0]"
11-8,Freshwater,north,90,2015-01-12,0,8.0,1,2015,"[22.1, 22.1, 23.8, 23.9, 24.4, 25.7, 26.1, 26.7, 28.8, 29.5, 29.1, 29.7, 30.5, 32.2, 31.2, 32.6, 34.3, 35.9, 35.7, 35.9, 36.2, 35.9, 35.0, 33.5, 32.1, 29.9, 27.2, 26.8, 25.3, 24.7]","[174.0, 174.0, 177.0, 174.0, 172.0, 169.0, 169.0, 170.0, 171.0, 171.0, 171.0, 173.0, 173.0, 174.0, 173.0, 174.0, 176.0, 174.0, 171.0, 170.0, 170.0, 174.0, 176.0, 180.0, 183.0, 183.0, 187.0, 192.0, 200.0, 201.0]"
11-8,Freshwater,north,90,2022-05-02,0,8.0,5,2022,"[9.1, 10.3, 9.2, 7.2, 5.0, 4.1, 4.3, 5.1, 5.2, 5.4, 5.6, 5.3, 5.3, 6.3, 8.6, 7.6, 6.1, 4.4, 4.0, 7.5, 9.0, 9.7, 10.7, 11.3, 12.7, 14.2, 12.9, 13.5, 13.1, 12.8]","[99.0, 85.0, 70.0, 58.0, 46.0, 13.0, 336.0, 321.0, 331.0, 352.0, 353.0, 327.0, 298.0, 273.0, 271.0, 274.0, 270.0, 279.0, 10.0, 35.0, 47.0, 55.0, 57.0, 57.0, 54.0, 49.0, 39.0, 37.0, 36.0, 32.0]"
11-9,Freshwater,north,90,2026-01-05,1,17.0,1,2026,"[10.8, 15.6, 9.5, 13.0, 14.3, 12.6, 8.6, 6.0, 9.6, 8.5, 6.5, 6.7, 8.9, 14.8, 14.1, 17.3, 17.9, 16.8, 17.7, 19.5, 21.3, 19.1, 15.5, 13.6, 13.4, 14.3, 9.4, 5.6, 1.9, 6.2]","[62.0, 37.0, 324.0, 335.0, 318.0, 287.0, 247.0, 170.0, 127.0, 125.0, 156.0, 182.0, 209.0, 209.0, 202.0, 189.0, 177.0, 157.0, 145.0, 132.0, 125.0, 129.0, 135.0, 125.0, 129.0, 145.0, 172.0, 195.0, 287.0, 218.0]"
11-9,Freshwater,north,90,2013-08-11,0,17.0,8,2013,"[3.8, 2.5, 6.2, 8.9, 11.3, 10.8, 9.5, 8.7, 8.4, 8.3, 9.1, 10.4, 11.9, 11.9, 14.4, 12.2, 10.8, 9.4, 8.4, 7.7, 7.0, 7.4, 9.2, 12.0, 13.7, 14.8, 16.9, 16.5, 15.0, 14.0]","[73.0, 8.0, 306.0, 291.0, 279.0, 270.0, 261.0, 253.0, 250.0, 252.0, 261.0, 270.0, 273.0, 272.0, 273.0, 268.0, 268.0, 277.0, 301.0, 323.0, 348.0, 14.0, 48.0, 41.0, 27.0, 3.0, 344.0, 324.0, 316.0, 318.0]"
11-9,Freshwater,north,90,2023-12-18,0,17.0,12,2023,"[21.6, 18.9, 16.3, 14.1, 10.7, 10.1, 5.4, 4.1, 4.8, 4.8, 5.3, 4.9, 5.4, 6.6, 7.0, 6.6, 7.0, 8.4, 9.8, 12.2, 12.8, 18.7, 21.6, 20.2, 18.0, 12.1, 5.1, 5.0, 5.2, 6.4]","[79.0, 82.0, 85.0, 77.0, 78.0, 73.0, 82.0, 128.0, 132.0, 153.0, 152.0, 144.0, 160.0, 135.0, 125.0, 119.0, 102.0, 80.0, 73.0, 76.0, 80.0, 89.0, 92.0, 86.0, 70.0, 63.0, 86.0, 120.0, 124.0, 133.0]"
11-9,Freshwater,north,90,2025-05-08,0,17.0,5,2025,"[16.2, 17.5, 19.3, 18.0, 18.3, 17.5, 16.6, 17.1, 18.5, 17.3, 16.6, 18.4, 19.7, 23.1, 17.6, 21.6, 25.4, 27.6, 29.1, 29.4, 28.0, 27.4, 29.8, 28.5, 26.2, 27.6, 24.4, 22.5, 22.1, 22.3]","[352.0, 333.0, 323.0, 314.0, 307.0, 300.0, 289.0, 271.0, 257.0, 257.0, 258.0, 251.0, 242.0, 222.0, 206.0, 182.0, 168.0, 162.0, 165.0, 165.0, 164.0, 161.0, 159.0, 158.0, 156.0, 157.0, 167.0, 165.0, 165.0, 167.0]"
12-0,Manly,north,85,2011-11-01,1,5.0,11,2011,"[24.7, 23.7, 20.0, 19.3, 18.6, 18.5, 19.6, 20.5, 21.6, 21.6, 21.3, 20.2, 19.9, 19.8, 16.9, 13.8, 11.9, 10.8, 10.2, 8.8, 12.8, 14.5, 17.4, 15.8, 13.6, 12.2, 10.5, 8.2, 8.1, 10.0]","[157.0, 158.0, 162.0, 166.0, 170.0, 173.0, 174.0, 178.0, 180.0, 182.0, 182.0, 183.0, 184.0, 183.0, 196.0, 195.0, 185.0, 178.0, 170.0, 161.0, 122.0, 113.0, 97.0, 89.0, 78.0, 66.0, 74.0, 75.0, 58.0, 30.0]"
12-0,Manly,north,85,2008-06-14,0,5.0,6,2008,"[34.7, 35.9, 35.5, 37.1, 36.5, 38.0, 39.5, 39.5, 38.2, 37.9, 37.7, 38.0, 38.5, 40.2, 42.1, 39.1, 38.5, 40.1, 41.4, 43.6, 44.8, 42.2, 39.8, 38.3, 39.0, 41.1, 37.8, 38.3, 38.9, 39.0]","[241.0, 244.0, 250.0, 247.0, 244.0, 239.0, 232.0, 228.0, 226.0, 224.0, 223.0, 222.0, 222.0, 219.0, 218.0, 219.0, 221.0, 217.0, 211.0, 206.0, 204.0, 204.0, 205.0, 207.0, 206.0, 204.0, 202.0, 202.0, 203.0, 203.0]"
12-0,Manly,north,85,2011-07-30,0,5.0,7,2011,"[9.4, 10.9, 11.8, 11.4, 10.1, 8.6, 7.6, 7.1, 7.8, 8.9, 8.9, 9.5, 9.8, 10.7, 11.3, 10.8, 9.6, 9.2, 9.5, 10.2, 10.9, 12.2, 13.8, 16.2, 18.0, 18.8, 20.2, 21.5, 20.9, 19.7]","[47.0, 46.0, 31.0, 28.0, 17.0, 360.0, 341.0, 319.0, 304.0, 297.0, 291.0, 295.0, 298.0, 303.0, 297.0, 300.0, 304.0, 318.0, 335.0, 352.0, 8.0, 19.0, 33.0, 37.0, 33.0, 26.0, 19.0, 10.0, 360.0, 352.0]"
12-0,Manly,north,85,2010-04-19,0,5.0,4,2010,"[11.5, 11.4, 9.8, 9.4, 6.7, 3.3, 2.5, 4.0, 5.8, 6.7, 6.9, 6.2, 6.1, 6.1, 7.1, 7.4, 6.3, 4.7, 5.1, 7.4, 9.9, 11.9, 12.6, 12.1, 11.2, 10.4, 10.0, 10.1, 9.9, 8.6]","[90.0, 79.0, 66.0, 50.0, 36.0, 13.0, 315.0, 275.0, 263.0, 254.0, 242.0, 234.0, 230.0, 225.0, 221.0, 219.0, 204.0, 171.0, 135.0, 113.0, 100.0, 92.0, 85.0, 80.0, 75.0, 70.0, 64.0, 55.0, 44.0, 33.0]"
12-1,Manly,north,85,2014-10-21,1,19.0,10,2014,"[24.0, 22.2, 20.2, 20.7, 20.4, 19.3, 18.8, 19.0, 18.8, 19.2, 18.9, 18.5, 18.0, 17.2, 16.9, 17.1, 17.7, 17.3, 16.2, 15.9, 16.4, 16.5, 16.0, 16.0, 15.7, 16.0, 14.8, 14.7, 14.5, 14.6]","[150.0, 148.0, 140.0, 131.0, 126.0, 123.0, 119.0, 117.0, 116.0, 116.0, 114.0, 111.0, 110.0, 110.0, 102.0, 98.0, 95.0, 90.0, 86.0, 84.0, 81.0, 80.0, 82.0, 81.0, 79.0, 76.0, 72.0, 65.0, 60.0, 57.0]"
12-1,Manly,north,85,2010-04-08,0,19.0,4,2010,"[19.8, 21.6, 19.7, 21.2, 21.6, 21.3, 21.0, 20.5, 18.9, 18.0, 18.1, 19.0, 17.4, 17.2, 21.4, 23.8, 26.6, 26.4, 22.5, 18.4, 16.3, 15.6, 14.8, 14.2, 13.7, 12.8, 12.6, 13.7, 17.0, 16.0]","[1.0, 1.0, 352.0, 345.0, 336.0, 330.0, 329.0, 326.0, 321.0, 323.0, 325.0, 323.0, 304.0, 290.0, 262.0, 260.0, 261.0, 253.0, 238.0, 215.0, 186.0, 165.0, 151.0, 150.0, 150.0, 148.0, 156.0, 157.0, 176.0, 189.0]"
12-1,Manly,north,85,2018-01-14,0,19.0,1,2018,"[23.1, 21.1, 22.3, 15.5, 14.2, 12.1, 8.9, 6.8, 11.6, 20.2, 27.2, 34.5, 43.8, 40.6, 36.3, 36.0, 40.3, 45.7, 46.7, 46.9, 48.5, 46.8, 45.8, 44.7, 43.6, 41.6, 39.6, 35.5, 35.2, 36.0]","[159.0, 150.0, 149.0, 152.0, 156.0, 150.0, 137.0, 155.0, 206.0, 215.0, 217.0, 210.0, 202.0, 207.0, 210.0, 211.0, 204.0, 197.0, 197.0, 196.0, 194.0, 192.0, 193.0, 193.0, 193.0, 192.0, 193.0, 195.0, 196.0, 196.0]"
12-1,Manly,north,85,2016-01-26,0,19.0,1,2016,"[18.5, 19.1, 20.2, 16.0, 11.8, 11.5, 12.0, 11.0, 9.8, 9.5, 9.4, 8.3, 6.8, 6.8, 9.5, 14.1, 15.6, 16.1, 17.1, 17.3, 18.0, 19.4, 20.3, 20.1, 18.6, 17.0, 15.6, 18.1, 21.0, 19.3]","[63.0, 58.0, 51.0, 54.0, 67.0, 70.0, 69.0, 71.0, 66.0, 65.0, 72.0, 72.0, 93.0, 108.0, 61.0, 58.0, 56.0, 61.0, 68.0, 73.0, 78.0, 80.0, 78.0, 75.0, 72.0, 69.0, 64.0, 73.0, 74.0, 69.0]"
12-2,Manly,north,85,2016-11-26,1,,11,2016,"[23.0, 20.5, 12.2, 11.8, 12.0, 11.3, 9.8, 9.8, 10.3, 10.1, 7.6, 4.2, 4.3, 5.1, 4.0, 9.0, 12.7, 16.0, 20.4, 24.0, 26.1, 26.8, 27.1, 26.1, 21.9, 15.6, 11.5, 9.5, 10.9, 15.3]","[115.0, 118.0, 114.0, 113.0, 106.0, 107.0, 114.0, 118.0, 119.0, 117.0, 109.0, 70.0, 42.0, 39.0, 117.0, 92.0, 75.0, 67.0, 64.0, 60.0, 60.0, 59.0, 60.0, 60.0, 65.0, 83.0, 90.0, 119.0, 146.0, 153.0]"
12-2,Manly,north,85,2009-02-22,0,,2,2009,"[19.4, 18.8, 17.6, 17.8, 17.1, 16.3, 14.8, 13.2, 11.2, 10.2, 10.5, 11.5, 12.1, 12.0, 10.8, 10.3, 9.9, 9.5, 10.7, 12.5, 14.8, 16.6, 17.3, 17.3, 17.0, 18.1, 17.1, 16.1, 15.0, 15.3]","[130.0, 133.0, 134.0, 133.0, 138.0, 137.0, 135.0, 133.0, 130.0, 135.0, 149.0, 160.0, 163.0, 164.0, 154.0, 144.0, 134.0, 119.0, 110.0, 102.0, 94.0, 92.0, 91.0, 90.0, 84.0, 73.0, 62.0, 56.0, 48.0, 41.0]"
12-2,Manly,north,85,2015-06-21,0,,6,2015,"[19.8, 19.2, 12.9, 12.9, 13.4, 14.7, 13.4, 12.4, 12.9, 13.5, 14.3, 15.3, 15.5, 14.8, 12.5, 10.5, 10.2, 9.5, 9.5, 9.7, 9.5, 8.7, 6.9, 7.0, 7.1, 6.3, 2.3, 1.8, 3.0, 4.6]","[190.0, 193.0, 207.0, 210.0, 211.0, 205.0, 204.0, 210.0, 210.0, 214.0, 221.0, 223.0, 224.0, 223.0, 231.0, 232.0, 238.0, 241.0, 245.0, 248.0, 245.0, 240.0, 223.0, 192.0, 165.0, 156.0, 108.0, 37.0, 346.0, 342.0]"
12-2,Manly,north,85,2010-02-12,0,,2,2010,"[21.2, 21.4, 21.2, 18.7, 17.5, 17.4, 18.2, 19.3, 18.5, 17.3, 17.3, 17.0, 16.5, 15.7, 16.0, 15.0, 13.4, 12.2, 11.2, 11.6, 11.9, 6.5, 23.7, 28.5, 26.9, 25.9, 20.2, 14.5, 11.4, 9.4]","[40.0, 36.0, 21.0, 16.0, 14.0, 18.0, 18.0, 14.0, 7.0, 2.0, 360.0, 356.0, 350.0, 344.0, 329.0, 325.0, 324.0, 326.0, 339.0, 353.0, 5.0, 354.0, 202.0, 171.0, 168.0, 180.0, 149.0, 150.0, 152.0, 157.0]"
12-3,Manly,north,85,2018-03-09,1,15.0,3,2018,"[20.2, 19.8, 15.5, 15.5, 15.8, 16.6, 17.3, 17.3, 16.7, 15.9, 14.7, 14.2, 14.6, 16.6, 15.4, 18.1, 17.8, 16.6, 16.4, 16.3, 16.4, 15.9, 15.9, 15.7, 15.4, 15.1, 12.5, 12.2, 12.6, 12.8]","[141.0, 143.0, 144.0, 149.0, 153.0, 156.0, 157.0, 157.0, 155.0, 152.0, 158.0, 164.0, 170.0, 167.0, 159.0, 139.0, 133.0, 131.0, 128.0, 125.0, 123.0, 123.0, 123.0, 122.0, 123.0, 123.0, 123.0, 114.0, 114.0, 112.0]"
12-3,Manly,north,85,2012-04-01,0,15.0,4,2012,"[13.7, 12.3, 10.6, 10.1, 11.2, 11.5, 11.6, 11.4, 11.6, 10.8, 10.6, 10.2, 10.4, 10.5, 6.9, 4.8, 2.4, 4.1, 6.2, 7.8, 12.0, 13.2, 10.8, 5.0, 7.2, 6.3, 5.2, 4.5, 6.3, 6.1]","[60.0, 50.0, 35.0, 17.0, 6.0, 358.0, 353.0, 347.0, 344.0, 345.0, 342.0, 337.0, 326.0, 319.0, 321.0, 333.0, 333.0, 45.0, 54.0, 68.0, 74.0, 73.0, 75.0, 159.0, 198.0, 204.0, 155.0, 104.0, 66.0, 40.0]"
12-3,Manly,north,85,2016-05-19,0,15.0,5,2016,"[7.8, 7.9, 10.2, 18.0, 25.1, 25.2, 23.8, 23.8, 23.8, 23.4, 22.0, 20.9, 19.8, 17.7, 19.4, 19.1, 17.7, 16.1, 16.6, 17.8, 19.2, 21.0, 21.5, 21.1, 20.0, 20.0, 20.1, 20.8, 19.7, 18.9]","[22.0, 357.0, 280.0, 250.0, 241.0, 248.0, 260.0, 269.0, 274.0, 274.0, 270.0, 268.0, 268.0, 274.0, 305.0, 311.0, 309.0, 299.0, 292.0, 284.0, 276.0, 275.0, 280.0, 284.0, 284.0, 288.0, 297.0, 298.0, 301.0, 301.0]"
12-3,Manly,north,85,2011-08-09,0,15.0,8,2011,"[9.4, 6.6, 15.7, 18.8, 17.4, 17.3, 17.0, 15.5, 14.5, 13.5, 13.7, 13.8, 13.4, 13.1, 15.1, 14.8, 15.0, 14.6, 12.6, 10.3, 9.7, 8.7, 6.9, 4.2, 3.1, 7.6, 20.5, 25.5, 23.9, 21.6]","[238.0, 261.0, 254.0, 258.0, 263.0, 274.0, 276.0, 274.0, 277.0, 279.0, 288.0, 290.0, 284.0, 278.0, 269.0, 269.0, 260.0, 250.0, 243.0, 234.0, 225.0, 225.0, 223.0, 200.0, 234.0, 265.0, 260.0, 261.0, 263.0, 266.0]"
12-4,Manly,north,85,2019-09-20,1,8.0,9,2019,"[19.5, 20.4, 15.6, 14.3, 16.3, 20.1, 21.2, 19.6, 19.2, 18.8, 17.6, 18.0, 17.8, 18.8, 15.9, 18.7, 20.9, 22.4, 24.0, 24.9, 25.2, 26.7, 28.4, 29.8, 32.3, 33.6, 29.6, 28.7, 27.9, 28.8]","[62.0, 58.0, 52.0, 49.0, 49.0, 44.0, 40.0, 36.0, 34.0, 32.0, 31.0, 33.0, 36.0, 36.0, 38.0, 38.0, 44.0, 48.0, 50.0, 51.0, 53.0, 55.0, 57.0, 55.0, 51.0, 48.0, 42.0, 38.0, 36.0, 37.0]"
12-4,Manly,north,85,2025-09-06,0,8.0,9,2025,"[24.9, 23.7, 18.0, 17.4, 16.5, 15.5, 14.3, 14.3, 13.9, 13.4, 13.2, 12.3, 11.1, 10.8, 6.2, 6.4, 7.3, 11.9, 15.9, 17.1, 16.2, 18.6, 23.5, 26.6, 26.9, 26.4, 20.8, 20.7, 20.0, 19.0]","[142.0, 142.0, 139.0, 139.0, 134.0, 130.0, 125.0, 117.0, 104.0, 97.0, 88.0, 78.0, 61.0, 47.0, 21.0, 11.0, 11.0, 31.0, 31.0, 25.0, 30.0, 42.0, 44.0, 43.0, 38.0, 32.0, 22.0, 15.0, 9.0, 6.0]"
12-4,Manly,north,85,2007-09-10,0,8.0,9,2007,"[11.2, 11.8, 12.5, 12.2, 11.5, 10.7, 10.9, 10.5, 10.6, 10.5, 10.6, 10.8, 11.6, 13.6, 14.5, 15.2, 17.3, 20.7, 21.9, 21.1, 20.0, 20.7, 22.8, 24.0, 25.0, 26.1, 24.6, 24.3, 24.2, 23.2]","[57.0, 52.0, 51.0, 45.0, 32.0, 20.0, 6.0, 354.0, 342.0, 329.0, 325.0, 330.0, 334.0, 338.0, 333.0, 338.0, 4.0, 17.0, 20.0, 23.0, 28.0, 39.0, 52.0, 50.0, 44.0, 38.0, 27.0, 21.0, 15.0, 6.0]"
12-4,Manly,north,85,2015-12-12,0,8.0,12,2015,"[26.2, 22.3, 31.0, 32.0, 30.8, 29.4, 28.6, 26.8, 24.0, 21.6, 19.3, 16.3, 14.8, 14.0, 13.1, 15.6, 17.4, 19.4, 22.1, 25.0, 26.3, 26.9, 25.5, 23.7, 22.9, 21.0, 14.9, 14.5, 15.5, 16.0]","[254.0, 232.0, 182.0, 172.0, 169.0, 165.0, 161.0, 158.0, 156.0, 150.0, 143.0, 135.0, 129.0, 125.0, 122.0, 113.0, 108.0, 112.0, 116.0, 117.0, 115.0, 115.0, 113.0, 114.0, 114.0, 112.0, 105.0, 104.0, 102.0, 99.0]"
12-5,Manly,north,85,2019-12-28,1,15.0,12,2019,"[30.8, 30.8, 28.5, 26.8, 25.3, 24.0, 21.7, 20.8, 19.5, 18.1, 17.1, 16.7, 17.3, 18.1, 14.8, 16.4, 15.5, 16.9, 19.8, 23.7, 27.1, 29.2, 30.3, 31.1, 32.4, 34.1, 31.3, 28.0, 20.0, 13.2]","[46.0, 43.0, 43.0, 41.0, 40.0, 36.0, 32.0, 28.0, 25.0, 21.0, 18.0, 19.0, 17.0, 17.0, 29.0, 33.0, 42.0, 52.0, 57.0, 57.0, 54.0, 51.0, 48.0, 46.0, 43.0, 38.0, 35.0, 29.0, 23.0, 26.0]"
12-5,Manly,north,85,2024-03-03,0,15.0,3,2024,"[25.8, 24.3, 20.8, 19.4, 18.0, 16.6, 13.5, 8.5, 5.5, 3.5, 1.8, 2.6, 6.4, 9.7, 6.6, 10.2, 11.3, 11.1, 11.1, 12.2, 13.1, 11.9, 9.4, 8.3, 11.4, 17.1, 14.5, 16.4, 22.1, 24.7]","[161.0, 156.0, 146.0, 137.0, 127.0, 120.0, 119.0, 118.0, 122.0, 114.0, 90.0, 344.0, 317.0, 318.0, 331.0, 337.0, 343.0, 335.0, 347.0, 2.0, 16.0, 25.0, 40.0, 72.0, 114.0, 136.0, 134.0, 142.0, 150.0, 146.0]"
12-5,Manly,north,85,2025-05-22,0,15.0,5,2025,"[21.5, 21.8, 17.7, 18.6, 16.5, 17.9, 19.9, 21.2, 21.9, 21.0, 21.3, 23.2, 24.7, 25.9, 20.9, 22.4, 27.0, 27.0, 25.5, 29.4, 27.9, 27.1, 29.1, 33.0, 32.6, 34.9, 26.3, 29.2, 29.6, 29.4]","[106.0, 103.0, 110.0, 108.0, 117.0, 114.0, 116.0, 123.0, 120.0, 106.0, 98.0, 100.0, 100.0, 96.0, 112.0, 101.0, 93.0, 91.0, 94.0, 92.0, 92.0, 94.0, 95.0, 87.0, 87.0, 85.0, 73.0, 73.0, 74.0, 74.0]"
12-5,Manly,north,85,2025-04-08,0,15.0,4,2025,"[21.4, 21.6, 19.7, 17.7, 17.1, 17.2, 17.2, 16.0, 14.7, 15.2, 15.9, 15.9, 16.4, 16.2, 7.1, 8.6, 10.1, 9.6, 10.2, 11.8, 14.1, 14.8, 14.6, 14.1, 13.1, 12.6, 9.4, 7.7, 6.2, 5.1]","[125.0, 123.0, 136.0, 142.0, 146.0, 151.0, 157.0, 156.0, 162.0, 161.0, 166.0, 174.0, 177.0, 176.0, 210.0, 210.0, 205.0, 186.0, 166.0, 154.0, 145.0, 137.0, 130.0, 122.0, 117.0, 109.0, 87.0, 74.0, 54.0, 42.0]"
12-6,Manly,north,85,2020-02-23,1,16.0,2,2020,"[15.3, 15.3, 17.8, 15.7, 13.4, 12.2, 13.4, 13.8, 13.2, 13.9, 14.1, 13.8, 13.3, 13.5, 4.7, 1.8, 4.3, 9.5, 13.0, 13.2, 13.7, 14.0, 14.1, 15.0, 16.5, 16.6, 17.8, 15.4, 14.2, 13.8]","[81.0, 81.0, 76.0, 70.0, 66.0, 66.0, 63.0, 62.0, 61.0, 59.0, 52.0, 51.0, 52.0, 48.0, 9.0, 11.0, 42.0, 37.0, 39.0, 45.0, 45.0, 46.0, 50.0, 48.0, 46.0, 48.0, 45.0, 37.0, 30.0, 28.0]"
12-6,Manly,north,85,2018-05-10,0,16.0,5,2018,"[18.1, 18.4, 13.1, 11.9, 11.3, 10.5, 10.3, 10.6, 10.0, 11.5, 13.8, 16.1, 17.9, 19.1, 17.7, 19.0, 18.0, 15.5, 15.4, 17.4, 17.0, 18.4, 20.6, 29.2, 36.3, 31.2, 33.1, 30.4, 29.2, 26.6]","[41.0, 26.0, 8.0, 346.0, 323.0, 308.0, 306.0, 305.0, 308.0, 314.0, 319.0, 320.0, 320.0, 317.0, 322.0, 327.0, 327.0, 332.0, 344.0, 338.0, 328.0, 318.0, 303.0, 270.0, 250.0, 263.0, 269.0, 275.0, 283.0, 283.0]"
12-6,Manly,north,85,2008-03-13,0,16.0,3,2008,"[21.9, 20.3, 17.7, 16.6, 15.5, 13.2, 7.6, 5.8, 4.0, 2.7, 2.1, 3.6, 4.9, 6.5, 6.0, 6.0, 7.7, 11.0, 14.5, 16.4, 16.7, 15.9, 15.8, 14.5, 11.9, 9.3, 8.6, 6.1, 3.3, 2.6]","[54.0, 53.0, 51.0, 42.0, 36.0, 35.0, 45.0, 60.0, 63.0, 23.0, 301.0, 270.0, 253.0, 236.0, 205.0, 163.0, 139.0, 131.0, 132.0, 130.0, 127.0, 123.0, 117.0, 109.0, 104.0, 103.0, 88.0, 87.0, 96.0, 124.0]"
12-6,Manly,north,85,2007-02-19,0,16.0,2,2007,"[27.5, 25.8, 23.5, 21.6, 19.7, 17.9, 17.1, 16.6, 15.8, 14.7, 13.8, 14.2, 13.4, 12.3, 11.5, 11.7, 12.3, 14.0, 17.5, 20.9, 24.0, 25.8, 24.2, 24.7, 23.0, 22.9, 22.3, 21.7, 19.6, 18.6]","[44.0, 40.0, 40.0, 33.0, 28.0, 28.0, 30.0, 27.0, 24.0, 28.0, 28.0, 24.0, 20.0, 21.0, 32.0, 34.0, 38.0, 46.0, 58.0, 61.0, 62.0, 60.0, 62.0, 61.0, 58.0, 57.0, 51.0, 50.0, 49.0, 47.0]"
12-7,Manly,north,85,2020-08-02,1,11.0,8,2020,"[15.0, 14.6, 12.7, 11.8, 10.9, 9.2, 8.3, 8.4, 9.2, 10.5, 10.8, 11.0, 10.5, 10.0, 11.2, 9.0, 7.6, 6.6, 5.2, 2.3, 1.5, 5.1, 6.9, 7.9, 8.7, 9.3, 10.3, 8.9, 8.8, 8.6]","[46.0, 40.0, 29.0, 20.0, 8.0, 349.0, 326.0, 301.0, 281.0, 264.0, 255.0, 251.0, 254.0, 257.0, 268.0, 268.0, 267.0, 261.0, 254.0, 252.0, 76.0, 86.0, 84.0, 74.0, 66.0, 54.0, 54.0, 43.0, 35.0, 22.0]"
12-7,Manly,north,85,2020-08-25,0,11.0,8,2020,"[12.4, 11.0, 8.7, 14.3, 18.9, 20.0, 19.8, 19.5, 19.2, 18.2, 17.8, 17.2, 16.4, 16.0, 13.7, 13.7, 13.4, 11.2, 9.5, 9.1, 10.5, 12.5, 14.1, 15.0, 14.6, 13.2, 12.3, 10.7, 10.3, 11.0]","[144.0, 169.0, 197.0, 231.0, 239.0, 242.0, 243.0, 242.0, 242.0, 240.0, 238.0, 237.0, 237.0, 239.0, 243.0, 240.0, 234.0, 220.0, 205.0, 189.0, 176.0, 162.0, 148.0, 138.0, 142.0, 154.0, 177.0, 192.0, 205.0, 212.0]"
12-7,Manly,north,85,2018-02-18,0,11.0,2,2018,"[32.9, 32.6, 25.7, 21.8, 19.4, 16.2, 15.8, 16.8, 15.9, 12.6, 10.9, 11.2, 8.4, 8.2, 13.9, 14.0, 15.3, 20.0, 24.0, 26.1, 27.6, 29.2, 31.1, 32.3, 30.8, 27.8, 23.7, 21.4, 20.6, 18.1]","[56.0, 52.0, 43.0, 39.0, 35.0, 32.0, 30.0, 28.0, 25.0, 24.0, 17.0, 15.0, 10.0, 15.0, 25.0, 29.0, 47.0, 60.0, 62.0, 60.0, 59.0, 60.0, 58.0, 55.0, 52.0, 48.0, 46.0, 45.0, 46.0, 46.0]"
12-7,Manly,north,85,2024-10-20,0,11.0,10,2024,"[14.8, 15.2, 15.7, 16.7, 14.2, 13.2, 14.9, 17.4, 20.5, 23.5, 25.4, 27.4, 29.0, 29.7, 23.5, 23.7, 23.4, 23.6, 25.4, 28.6, 30.1, 30.9, 31.6, 33.9, 37.4, 38.9, 34.1, 34.5, 34.8, 36.5]","[176.0, 169.0, 175.0, 181.0, 181.0, 175.0, 173.0, 173.0, 172.0, 175.0, 177.0, 179.0, 180.0, 181.0, 185.0, 186.0, 182.0, 177.0, 173.0, 172.0, 172.0, 175.0, 176.0, 176.0, 179.0, 182.0, 184.0, 188.0, 192.0, 194.0]"
12-8,Manly,north,85,2021-09-27,1,7.0,9,2021,"[21.5, 19.2, 14.5, 13.7, 12.9, 12.3, 10.8, 9.8, 9.2, 10.4, 11.2, 11.0, 10.9, 12.5, 9.7, 10.8, 13.1, 14.8, 15.8, 17.6, 19.3, 21.6, 23.2, 24.9, 25.2, 25.8, 21.7, 21.0, 19.8, 18.7]","[149.0, 140.0, 125.0, 113.0, 103.0, 95.0, 88.0, 82.0, 79.0, 76.0, 75.0, 67.0, 56.0, 49.0, 39.0, 37.0, 37.0, 39.0, 43.0, 47.0, 53.0, 57.0, 57.0, 56.0, 53.0, 50.0, 42.0, 38.0, 33.0, 28.0]"
12-8,Manly,north,85,2006-05-01,0,7.0,5,2006,"[6.4, 8.2, 8.3, 9.8, 9.7, 10.5, 12.6, 15.1, 18.1, 19.6, 20.2, 20.9, 21.3, 22.3, 21.0, 23.1, 25.9, 27.0, 28.0, 29.5, 31.0, 31.5, 31.8, 32.3, 32.3, 31.1, 29.9, 28.3, 27.4, 26.8]","[43.0, 15.0, 288.0, 278.0, 268.0, 262.0, 265.0, 273.0, 276.0, 277.0, 275.0, 274.0, 273.0, 271.0, 283.0, 272.0, 260.0, 249.0, 244.0, 242.0, 237.0, 232.0, 232.0, 231.0, 226.0, 222.0, 221.0, 228.0, 232.0, 234.0]"
12-8,Manly,north,85,2008-02-04,0,7.0,2,2008,"[17.8, 15.8, 16.8, 14.5, 14.6, 13.8, 13.4, 14.8, 16.3, 17.2, 18.7, 19.2, 18.5, 17.2, 16.9, 19.1, 21.1, 23.9, 26.1, 24.6, 22.9, 23.7, 24.1, 26.4, 27.0, 26.9, 27.0, 28.6, 31.3, 34.2]","[58.0, 60.0, 42.0, 48.0, 57.0, 62.0, 70.0, 72.0, 65.0, 57.0, 52.0, 56.0, 61.0, 64.0, 61.0, 68.0, 76.0, 78.0, 75.0, 75.0, 77.0, 80.0, 80.0, 79.0, 80.0, 82.0, 81.0, 71.0, 60.0, 53.0]"
12-8,Manly,north,85,2022-12-08,0,7.0,12,2022,"[25.6, 25.9, 21.0, 19.0, 21.3, 22.5, 21.8, 23.5, 23.3, 22.6, 20.7, 20.3, 24.3, 26.3, 23.3, 21.6, 20.8, 21.5, 25.0, 28.9, 28.4, 25.0, 24.0, 24.3, 23.7, 21.8, 15.9, 12.6, 13.9, 15.5]","[305.0, 306.0, 309.0, 314.0, 308.0, 296.0, 283.0, 279.0, 279.0, 276.0, 268.0, 252.0, 239.0, 231.0, 213.0, 183.0, 165.0, 156.0, 148.0, 147.0, 147.0, 147.0, 151.0, 150.0, 147.0, 152.0, 168.0, 176.0, 186.0, 188.0]"
12-9,Manly,north,85,2022-03-25,1,8.0,3,2022,"[16.3, 15.3, 13.2, 15.3, 16.2, 16.7, 14.9, 13.2, 8.9, 4.8, 2.6, 3.7, 6.7, 10.1, 6.2, 9.1, 14.5, 13.4, 12.1, 15.3, 16.0, 18.4, 21.3, 21.8, 19.5, 19.4, 14.5, 16.2, 18.2, 19.1]","[62.0, 58.0, 68.0, 65.0, 50.0, 38.0, 34.0, 34.0, 38.0, 45.0, 65.0, 119.0, 134.0, 131.0, 163.0, 126.0, 109.0, 112.0, 130.0, 144.0, 145.0, 143.0, 148.0, 155.0, 155.0, 154.0, 127.0, 119.0, 117.0, 120.0]"
12-9,Manly,north,85,2025-02-03,0,8.0,2,2025,"[18.0, 17.1, 11.3, 8.6, 9.4, 10.1, 8.6, 5.7, 4.1, 3.8, 3.3, 2.3, 1.1, 3.3, 3.0, 7.8, 12.5, 15.7, 18.3, 21.1, 23.3, 24.2, 25.4, 26.6, 27.2, 26.8, 20.0, 19.7, 19.5, 19.1]","[69.0, 63.0, 54.0, 51.0, 45.0, 39.0, 33.0, 28.0, 15.0, 357.0, 331.0, 293.0, 252.0, 49.0, 57.0, 56.0, 55.0, 56.0, 58.0, 59.0, 57.0, 58.0, 58.0, 56.0, 54.0, 50.0, 44.0, 42.0, 41.0, 38.0]"
12-9,Manly,north,85,2011-04-21,0,8.0,4,2011,"[3.9, 4.2, 6.1, 7.6, 12.3, 14.8, 12.6, 9.0, 8.5, 10.8, 11.4, 11.3, 11.5, 11.2, 12.3, 11.7, 12.0, 12.6, 12.6, 13.7, 13.0, 13.7, 11.8, 9.3, 9.5, 10.4, 11.9, 11.1, 11.4, 11.7]","[248.0, 250.0, 242.0, 278.0, 273.0, 267.0, 267.0, 268.0, 282.0, 285.0, 283.0, 279.0, 272.0, 270.0, 265.0, 261.0, 263.0, 268.0, 273.0, 265.0, 256.0, 252.0, 250.0, 254.0, 261.0, 268.0, 256.0, 257.0, 257.0, 261.0]"
12-9,Manly,north,85,2009-09-24,0,8.0,9,2009,"[32.8, 30.3, 27.1, 27.8, 29.5, 30.6, 30.0, 28.2, 26.4, 25.0, 23.2, 21.4, 19.9, 19.6, 18.9, 18.2, 16.2, 13.0, 10.5, 8.4, 7.1, 7.7, 12.1, 19.6, 24.7, 27.5, 25.6, 22.5, 23.4, 22.3]","[273.0, 272.0, 274.0, 274.0, 271.0, 268.0, 265.0, 266.0, 265.0, 263.0, 263.0, 263.0, 264.0, 264.0, 262.0, 261.0, 266.0, 267.0, 262.0, 260.0, 255.0, 259.0, 260.0, 256.0, 254.0, 259.0, 268.0, 277.0, 280.0, 280.0]"
12-10,Manly,north,85,2022-07-04,1,12.0,7,2022,"[41.4, 42.3, 43.4, 45.1, 46.5, 44.7, 42.0, 39.8, 36.7, 35.2, 34.7, 35.2, 36.2, 36.9, 36.4, 36.9, 37.8, 37.1, 38.2, 33.1, 32.8, 34.3, 33.6, 36.1, 37.3, 42.4, 46.3, 46.3, 45.5, 47.3]","[154.0, 163.0, 145.0, 145.0, 144.0, 145.0, 151.0, 155.0, 159.0, 163.0, 166.0, 167.0, 164.0, 164.0, 150.0, 151.0, 152.0, 154.0, 151.0, 149.0, 150.0, 152.0, 155.0, 161.0, 161.0, 156.0, 158.0, 164.0, 167.0, 165.0]"
12-10,Manly,north,85,2015-02-14,0,12.0,2,2015,"[17.4, 15.6, 13.0, 13.8, 15.3, 15.0, 13.8, 10.3, 7.7, 7.4, 6.5, 6.0, 5.8, 5.4, 3.4, 7.4, 13.6, 17.8, 19.9, 20.8, 22.6, 26.4, 26.4, 23.4, 21.4, 22.2, 21.5, 18.5, 20.1, 21.4]","[72.0, 61.0, 48.0, 51.0, 49.0, 42.0, 33.0, 29.0, 28.0, 14.0, 357.0, 343.0, 360.0, 4.0, 342.0, 39.0, 40.0, 43.0, 49.0, 53.0, 56.0, 55.0, 52.0, 46.0, 42.0, 47.0, 38.0, 33.0, 33.0, 27.0]"
12-10,Manly,north,85,2016-11-24,0,12.0,11,2016,"[21.6, 22.0, 18.9, 19.2, 22.0, 25.6, 28.5, 27.7, 27.8, 28.0, 27.0, 25.1, 24.0, 23.7, 19.3, 21.2, 24.7, 26.0, 24.9, 25.1, 25.6, 26.1, 23.9, 21.9, 20.0, 17.1, 8.4, 6.6, 4.1, 2.7]","[169.0, 184.0, 194.0, 193.0, 191.0, 200.0, 205.0, 210.0, 217.0, 222.0, 227.0, 232.0, 237.0, 237.0, 233.0, 212.0, 196.0, 190.0, 177.0, 159.0, 151.0, 142.0, 134.0, 126.0, 128.0, 132.0, 140.0, 151.0, 128.0, 23.0]"
12-10,Manly,north,85,2016-10-20,0,12.0,10,2016,"[25.7, 23.6, 15.3, 14.7, 12.8, 12.6, 12.6, 12.6, 14.3, 14.4, 14.2, 13.6, 12.1, 12.6, 16.5, 21.0, 24.5, 26.3, 26.5, 27.2, 29.3, 31.4, 31.9, 32.1, 32.6, 33.4, 30.5, 29.5, 29.5, 28.4]","[133.0, 128.0, 124.0, 121.0, 122.0, 117.0, 114.0, 114.0, 108.0, 93.0, 81.0, 73.0, 73.0, 63.0, 58.0, 55.0, 54.0, 48.0, 42.0, 43.0, 48.0, 50.0, 49.0, 48.0, 46.0, 42.0, 39.0, 35.0, 33.0, 29.0]"
12-11,Manly,north,85,2022-10-19,1,15.0,10,2022,"[16.9, 14.4, 11.7, 13.8, 12.2, 10.9, 7.5, 3.1, 0.6, 0.6, 1.9, 4.4, 5.5, 5.6, 6.4, 4.9, 2.2, 5.6, 11.2, 14.3, 15.5, 15.2, 13.6, 11.0, 7.8, 8.9, 7.3, 7.3, 9.6, 12.5]","[50.0, 43.0, 49.0, 53.0, 44.0, 34.0, 30.0, 28.0, 198.0, 198.0, 229.0, 240.0, 257.0, 264.0, 280.0, 262.0, 204.0, 121.0, 114.0, 113.0, 118.0, 120.0, 125.0, 130.0, 143.0, 140.0, 132.0, 155.0, 176.0, 174.0]"
12-11,Manly,north,85,2010-10-18,0,15.0,10,2010,"[12.1, 6.9, 7.1, 11.9, 15.5, 15.6, 15.8, 14.3, 14.8, 15.5, 15.6, 15.6, 15.8, 14.9, 15.5, 13.8, 11.4, 9.3, 6.5, 3.5, 4.3, 8.2, 8.7, 7.0, 3.8, 3.3, 7.2, 9.8, 12.1, 14.1]","[67.0, 39.0, 319.0, 275.0, 252.0, 244.0, 240.0, 242.0, 244.0, 245.0, 247.0, 251.0, 258.0, 262.0, 266.0, 276.0, 288.0, 298.0, 304.0, 294.0, 66.0, 67.0, 73.0, 69.0, 49.0, 319.0, 273.0, 264.0, 258.0, 257.0]"
12-11,Manly,north,85,2025-06-18,0,15.0,6,2025,"[14.3, 15.7, 18.6, 15.6, 17.2, 17.5, 17.4, 17.2, 16.1, 16.1, 16.1, 16.3, 15.7, 14.9, 15.1, 14.0, 12.1, 11.9, 11.7, 9.7, 7.0, 4.0, 1.7, 0.4, 2.8, 3.9, 5.3, 5.9, 6.8, 7.4]","[293.0, 276.0, 265.0, 258.0, 256.0, 265.0, 259.0, 260.0, 260.0, 260.0, 259.0, 259.0, 261.0, 258.0, 262.0, 257.0, 260.0, 270.0, 274.0, 273.0, 274.0, 265.0, 252.0, 90.0, 50.0, 37.0, 350.0, 337.0, 335.0, 326.0]"
12-11,Manly,north,85,2015-01-01,0,15.0,1,2015,"[26.0, 23.2, 18.7, 18.1, 16.6, 15.9, 15.9, 15.7, 15.1, 14.2, 14.1, 13.1, 12.1, 13.4, 13.6, 13.0, 12.3, 13.0, 15.4, 18.2, 20.9, 22.4, 22.4, 23.5, 24.4, 22.4, 18.3, 14.3, 5.2, 15.9]","[56.0, 57.0, 52.0, 44.0, 39.0, 33.0, 25.0, 20.0, 18.0, 16.0, 15.0, 16.0, 17.0, 20.0, 17.0, 19.0, 32.0, 48.0, 57.0, 63.0, 66.0, 66.0, 62.0, 58.0, 53.0, 46.0, 43.0, 47.0, 115.0, 174.0]"
12-12,Manly,north,85,2023-02-12,1,19.0,2,2023,"[26.7, 26.6, 22.2, 21.9, 21.9, 22.2, 20.7, 16.2, 11.8, 10.3, 14.0, 18.5, 22.3, 23.8, 21.9, 27.2, 29.6, 28.6, 29.0, 32.0, 35.0, 36.1, 35.9, 35.1, 30.2, 28.6, 27.2, 26.1, 25.8, 25.2]","[37.0, 33.0, 27.0, 25.0, 25.0, 25.0, 17.0, 3.0, 337.0, 295.0, 258.0, 249.0, 247.0, 238.0, 221.0, 200.0, 196.0, 194.0, 187.0, 181.0, 176.0, 168.0, 162.0, 161.0, 163.0, 166.0, 165.0, 168.0, 167.0, 163.0]"
12-12,Manly,north,85,2026-04-24,0,19.0,4,2026,"[17.6, 17.6, 15.4, 13.8, 12.6, 11.9, 11.6, 11.2, 10.7, 10.2, 9.4, 8.9, 8.6, 8.8, 9.2, 9.4, 11.6, 13.3, 15.2, 15.1, 15.6, 15.9, 16.0, 14.8, 13.3, 12.4, 10.3, 8.7, 7.4, 6.0]","[149.0, 146.0, 147.0, 149.0, 151.0, 148.0, 147.0, 148.0, 147.0, 152.0, 154.0, 156.0, 165.0, 179.0, 159.0, 169.0, 167.0, 144.0, 126.0, 118.0, 114.0, 115.0, 116.0, 114.0, 109.0, 100.0, 74.0, 60.0, 47.0, 37.0]"
12-12,Manly,north,85,2007-04-26,0,19.0,4,2007,"[17.7, 17.3, 13.7, 14.4, 14.5, 14.6, 15.0, 15.0, 16.0, 15.9, 16.5, 16.3, 15.6, 15.1, 16.4, 16.9, 17.0, 17.1, 16.3, 17.0, 17.6, 18.4, 18.7, 19.1, 19.1, 19.6, 16.5, 16.4, 16.9, 16.3]","[175.0, 179.0, 180.0, 184.0, 186.0, 189.0, 191.0, 191.0, 194.0, 198.0, 200.0, 198.0, 199.0, 205.0, 206.0, 207.0, 201.0, 198.0, 194.0, 186.0, 180.0, 179.0, 178.0, 176.0, 182.0, 186.0, 191.0, 195.0, 200.0, 202.0]"
12-12,Manly,north,85,2009-09-10,0,19.0,9,2009,"[22.8, 20.9, 18.5, 18.5, 17.3, 16.3, 15.1, 15.0, 15.2, 15.4, 16.0, 16.6, 17.3, 17.9, 17.1, 16.7, 15.9, 12.6, 8.4, 3.6, 3.4, 7.9, 10.8, 13.3, 12.6, 10.2, 5.7, 2.3, 4.4, 6.5]","[265.0, 274.0, 283.0, 291.0, 293.0, 295.0, 298.0, 300.0, 301.0, 303.0, 306.0, 309.0, 312.0, 310.0, 288.0, 276.0, 267.0, 265.0, 260.0, 233.0, 122.0, 93.0, 86.0, 77.0, 66.0, 51.0, 35.0, 342.0, 279.0, 264.0]"
12-13,Manly,north,85,2023-02-23,1,10.0,2,2023,"[25.5, 25.9, 21.7, 22.2, 21.9, 21.6, 21.4, 21.2, 20.9, 20.6, 20.1, 19.9, 20.1, 20.0, 19.8, 22.0, 23.1, 24.4, 23.2, 22.3, 21.6, 21.2, 20.9, 20.3, 18.8, 18.5, 16.3, 15.4, 15.6, 14.1]","[144.0, 142.0, 140.0, 138.0, 139.0, 136.0, 132.0, 132.0, 132.0, 134.0, 136.0, 135.0, 133.0, 129.0, 109.0, 105.0, 105.0, 103.0, 102.0, 104.0, 105.0, 105.0, 105.0, 107.0, 110.0, 111.0, 104.0, 101.0, 98.0, 96.0]"
12-13,Manly,north,85,2014-07-03,0,10.0,7,2014,"[10.0, 7.0, 4.4, 4.6, 6.0, 7.9, 10.1, 10.9, 11.2, 10.9, 10.2, 9.3, 8.6, 9.2, 11.9, 10.8, 9.1, 7.6, 4.8, 1.9, 1.1, 4.3, 6.3, 8.4, 9.7, 11.3, 10.5, 11.7, 14.0, 15.2]","[167.0, 159.0, 189.0, 225.0, 253.0, 267.0, 270.0, 262.0, 264.0, 264.0, 262.0, 257.0, 255.0, 259.0, 273.0, 266.0, 252.0, 239.0, 222.0, 202.0, 72.0, 42.0, 31.0, 25.0, 22.0, 17.0, 356.0, 349.0, 342.0, 338.0]"
12-13,Manly,north,85,2006-01-18,0,10.0,1,2006,"[8.7, 20.2, 24.5, 26.1, 25.8, 24.9, 23.8, 22.7, 22.7, 23.1, 22.7, 21.4, 21.1, 22.1, 19.6, 19.9, 21.8, 23.5, 25.5, 25.6, 27.1, 29.4, 29.7, 27.7, 25.7, 24.0, 21.1, 21.4, 22.1, 21.5]","[185.0, 176.0, 178.0, 173.0, 173.0, 178.0, 177.0, 177.0, 177.0, 176.0, 169.0, 163.0, 157.0, 146.0, 134.0, 125.0, 124.0, 126.0, 126.0, 128.0, 130.0, 130.0, 129.0, 125.0, 121.0, 116.0, 107.0, 107.0, 109.0, 111.0]"
12-13,Manly,north,85,2014-10-05,0,10.0,10,2014,"[22.2, 18.7, 13.0, 11.7, 9.8, 10.1, 9.2, 10.0, 10.3, 11.2, 11.9, 12.5, 13.8, 14.0, 15.0, 13.8, 12.6, 10.5, 8.0, 8.9, 11.0, 12.7, 14.5, 16.6, 16.3, 15.8, 22.3, 39.9, 34.6, 28.4]","[47.0, 40.0, 28.0, 18.0, 8.0, 354.0, 339.0, 319.0, 306.0, 303.0, 305.0, 309.0, 313.0, 314.0, 316.0, 319.0, 323.0, 329.0, 355.0, 27.0, 38.0, 43.0, 42.0, 39.0, 31.0, 24.0, 190.0, 173.0, 171.0, 171.0]"
12-14,Manly,north,85,2023-10-21,1,13.0,10,2023,"[23.3, 21.1, 13.6, 12.5, 13.7, 13.0, 10.5, 10.7, 10.4, 10.2, 9.7, 8.6, 6.5, 6.7, 2.0, 5.0, 10.2, 16.9, 22.1, 25.9, 29.3, 30.8, 31.2, 31.1, 30.1, 29.1, 28.5, 30.8, 29.8, 24.8]","[52.0, 46.0, 40.0, 39.0, 35.0, 34.0, 41.0, 48.0, 46.0, 42.0, 31.0, 22.0, 19.0, 36.0, 45.0, 69.0, 72.0, 70.0, 66.0, 61.0, 58.0, 57.0, 56.0, 53.0, 48.0, 40.0, 37.0, 37.0, 35.0, 28.0]"
12-14,Manly,north,85,2011-12-14,0,13.0,12,2011,"[22.3, 22.0, 26.0, 27.9, 28.8, 28.6, 29.7, 29.5, 28.6, 27.6, 26.6, 26.3, 25.7, 28.3, 26.2, 27.2, 26.7, 27.4, 27.1, 27.3, 27.7, 28.0, 26.5, 25.1, 25.1, 24.2, 21.3, 19.9, 18.9, 17.3]","[183.0, 191.0, 183.0, 187.0, 189.0, 191.0, 194.0, 196.0, 197.0, 197.0, 199.0, 199.0, 198.0, 192.0, 188.0, 188.0, 184.0, 180.0, 175.0, 172.0, 167.0, 162.0, 162.0, 159.0, 159.0, 162.0, 161.0, 160.0, 159.0, 163.0]"
12-14,Manly,north,85,2023-08-17,0,13.0,8,2023,"[16.1, 17.8, 17.9, 19.0, 18.2, 15.6, 12.5, 10.9, 10.5, 9.7, 9.3, 9.2, 10.5, 11.4, 11.8, 10.4, 9.7, 7.6, 5.8, 3.8, 1.3, 7.2, 13.0, 15.6, 16.6, 17.9, 13.5, 15.8, 11.6, 8.0]","[56.0, 43.0, 28.0, 19.0, 9.0, 353.0, 342.0, 333.0, 322.0, 309.0, 298.0, 291.0, 292.0, 294.0, 290.0, 284.0, 272.0, 267.0, 274.0, 287.0, 34.0, 84.0, 87.0, 83.0, 72.0, 60.0, 46.0, 35.0, 16.0, 342.0]"
12-14,Manly,north,85,2023-08-25,0,13.0,8,2023,"[14.2, 16.0, 12.0, 11.8, 12.0, 12.2, 12.8, 13.6, 13.8, 13.6, 13.4, 13.2, 12.8, 12.2, 11.3, 8.4, 6.0, 3.4, 3.3, 7.9, 11.4, 12.2, 11.9, 10.3, 8.9, 7.6, 3.6, 1.8, 3.3, 5.1]","[60.0, 54.0, 39.0, 20.0, 9.0, 358.0, 344.0, 328.0, 321.0, 320.0, 324.0, 325.0, 320.0, 315.0, 301.0, 295.0, 295.0, 288.0, 186.0, 156.0, 145.0, 135.0, 125.0, 115.0, 104.0, 95.0, 127.0, 180.0, 221.0, 225.0]"
12-15,Manly,north,85,2023-11-01,1,8.0,11,2023,"[30.7, 27.9, 19.8, 17.1, 16.8, 15.7, 12.8, 9.6, 8.2, 8.8, 8.3, 7.9, 8.4, 10.8, 12.1, 11.3, 12.9, 17.4, 20.6, 23.1, 24.2, 24.0, 22.4, 20.8, 19.9, 18.7, 17.7, 17.8, 18.5, 18.8]","[140.0, 142.0, 151.0, 158.0, 152.0, 148.0, 148.0, 146.0, 142.0, 145.0, 146.0, 150.0, 155.0, 150.0, 157.0, 158.0, 153.0, 142.0, 144.0, 146.0, 143.0, 130.0, 134.0, 143.0, 148.0, 155.0, 163.0, 166.0, 167.0, 173.0]"
12-15,Manly,north,85,2016-03-18,0,8.0,3,2016,"[18.8, 19.6, 18.8, 18.4, 17.4, 17.3, 18.7, 19.7, 20.0, 18.7, 20.2, 20.5, 20.2, 22.0, 20.6, 20.7, 22.2, 23.4, 24.6, 24.7, 27.8, 27.6, 26.5, 23.7, 25.1, 27.9, 27.9, 27.1, 26.1, 24.9]","[47.0, 43.0, 36.0, 35.0, 27.0, 21.0, 16.0, 15.0, 8.0, 2.0, 3.0, 358.0, 359.0, 358.0, 355.0, 353.0, 352.0, 346.0, 342.0, 352.0, 357.0, 352.0, 312.0, 280.0, 262.0, 250.0, 246.0, 248.0, 259.0, 272.0]"
12-15,Manly,north,85,2012-05-26,0,8.0,5,2012,"[37.2, 36.4, 34.6, 34.0, 32.9, 32.8, 31.9, 30.9, 29.3, 29.8, 30.4, 30.9, 31.6, 32.4, 31.7, 33.4, 34.5, 35.2, 33.7, 32.0, 31.0, 29.6, 28.4, 27.4, 25.6, 23.1, 20.6, 19.5, 19.1, 18.8]","[293.0, 298.0, 301.0, 303.0, 302.0, 301.0, 304.0, 312.0, 314.0, 316.0, 310.0, 304.0, 299.0, 296.0, 291.0, 290.0, 288.0, 284.0, 277.0, 270.0, 266.0, 267.0, 270.0, 271.0, 274.0, 273.0, 266.0, 258.0, 254.0, 253.0]"
12-15,Manly,north,85,2015-06-30,0,8.0,6,2015,"[8.4, 9.5, 9.2, 10.6, 11.0, 10.3, 10.5, 10.4, 10.0, 9.7, 9.7, 9.7, 8.6, 8.0, 10.0, 12.0, 10.9, 9.0, 8.7, 8.2, 6.8, 5.9, 8.2, 10.0, 10.8, 12.6, 9.3, 11.5, 12.9, 11.5]","[59.0, 53.0, 42.0, 35.0, 23.0, 12.0, 354.0, 340.0, 322.0, 309.0, 301.0, 297.0, 292.0, 288.0, 285.0, 286.0, 287.0, 299.0, 312.0, 319.0, 335.0, 14.0, 38.0, 30.0, 15.0, 5.0, 13.0, 2.0, 333.0, 309.0]"
12-16,Manly,north,85,2024-02-28,1,7.0,2,2024,"[14.0, 14.8, 9.7, 11.0, 12.2, 14.0, 14.3, 14.5, 14.7, 14.7, 14.3, 14.4, 14.7, 15.8, 16.9, 20.2, 21.0, 22.1, 22.2, 22.7, 23.9, 24.8, 25.6, 25.9, 26.0, 26.2, 24.2, 21.1, 17.9, 19.2]","[67.0, 61.0, 45.0, 49.0, 47.0, 42.0, 34.0, 30.0, 31.0, 31.0, 25.0, 22.0, 25.0, 30.0, 34.0, 35.0, 38.0, 46.0, 48.0, 48.0, 53.0, 54.0, 55.0, 52.0, 47.0, 43.0, 43.0, 37.0, 30.0, 30.0]"
12-16,Manly,north,85,2021-08-24,0,7.0,8,2021,"[23.9, 24.7, 15.7, 11.6, 8.6, 8.0, 15.5, 17.0, 13.8, 9.7, 5.5, 13.7, 29.7, 42.5, 32.2, 32.7, 34.0, 37.7, 40.0, 41.4, 42.2, 45.0, 48.5, 52.8, 55.4, 58.4, 52.7, 56.4, 54.0, 53.6]","[12.0, 19.0, 9.0, 353.0, 327.0, 352.0, 1.0, 355.0, 345.0, 333.0, 302.0, 210.0, 194.0, 197.0, 241.0, 256.0, 249.0, 243.0, 240.0, 240.0, 248.0, 259.0, 261.0, 259.0, 257.0, 253.0, 235.0, 239.0, 246.0, 248.0]"
12-16,Manly,north,85,2022-05-31,0,7.0,5,2022,"[33.3, 35.1, 37.2, 35.6, 35.2, 32.3, 31.1, 31.1, 31.9, 29.8, 28.3, 24.9, 26.2, 28.4, 24.8, 25.3, 27.7, 33.5, 43.1, 49.3, 47.6, 43.5, 40.4, 41.8, 39.4, 39.3, 32.8, 34.0, 36.9, 37.3]","[307.0, 293.0, 301.0, 306.0, 306.0, 308.0, 311.0, 314.0, 307.0, 304.0, 297.0, 291.0, 292.0, 287.0, 286.0, 290.0, 288.0, 286.0, 285.0, 285.0, 282.0, 284.0, 288.0, 285.0, 283.0, 281.0, 285.0, 284.0, 281.0, 283.0]"
12-16,Manly,north,85,2023-08-11,0,7.0,8,2023,"[23.3, 23.9, 23.3, 20.3, 19.2, 18.8, 19.1, 18.8, 18.7, 18.5, 18.4, 17.9, 17.1, 16.4, 15.4, 15.2, 14.1, 12.2, 7.9, 0.8, 4.4, 5.7, 7.9, 10.7, 13.3, 15.3, 15.3, 15.0, 12.1, 10.4]","[248.0, 247.0, 248.0, 247.0, 247.0, 250.0, 250.0, 250.0, 247.0, 243.0, 242.0, 242.0, 242.0, 244.0, 249.0, 248.0, 238.0, 225.0, 219.0, 207.0, 35.0, 18.0, 30.0, 40.0, 41.0, 34.0, 24.0, 17.0, 10.0, 358.0]"
12-17,Manly,north,85,2024-03-17,1,11.0,3,2024,"[14.0, 12.8, 14.3, 14.6, 16.0, 18.9, 20.4, 19.4, 17.6, 15.5, 11.1, 9.9, 8.9, 10.2, 10.1, 5.6, 1.8, 2.2, 5.1, 7.9, 10.5, 13.9, 15.6, 13.7, 11.9, 10.5, 7.2, 7.0, 5.8, 4.1]","[90.0, 80.0, 56.0, 57.0, 54.0, 48.0, 48.0, 43.0, 35.0, 28.0, 25.0, 33.0, 43.0, 48.0, 343.0, 345.0, 323.0, 90.0, 86.0, 90.0, 98.0, 100.0, 97.0, 92.0, 90.0, 94.0, 96.0, 111.0, 112.0, 128.0]"
12-17,Manly,north,85,2018-06-23,0,11.0,6,2018,"[13.0, 14.3, 10.6, 12.3, 13.0, 13.5, 13.0, 12.1, 10.4, 9.6, 9.4, 9.0, 9.0, 9.6, 11.7, 10.9, 10.0, 9.0, 8.7, 6.2, 3.7, 2.4, 1.8, 3.6, 5.9, 9.3, 13.8, 14.9, 17.3, 17.6]","[39.0, 34.0, 18.0, 7.0, 357.0, 351.0, 346.0, 337.0, 316.0, 290.0, 272.0, 268.0, 275.0, 283.0, 288.0, 287.0, 283.0, 275.0, 263.0, 260.0, 259.0, 243.0, 180.0, 135.0, 142.0, 167.0, 171.0, 188.0, 203.0, 215.0]"
12-17,Manly,north,85,2020-11-13,0,11.0,11,2020,"[26.2, 26.7, 30.2, 25.6, 23.5, 24.9, 22.9, 19.1, 18.4, 17.7, 17.1, 21.7, 22.1, 21.5, 15.1, 17.1, 21.3, 19.5, 14.1, 10.5, 10.9, 11.6, 11.2, 15.6, 12.8, 12.1, 12.4, 11.5, 11.8, 10.9]","[34.0, 27.0, 22.0, 26.0, 36.0, 34.0, 16.0, 1.0, 357.0, 6.0, 30.0, 43.0, 37.0, 23.0, 357.0, 353.0, 344.0, 337.0, 341.0, 8.0, 6.0, 306.0, 42.0, 15.0, 338.0, 343.0, 350.0, 328.0, 308.0, 297.0]"
12-17,Manly,north,85,2022-02-20,0,11.0,2,2022,"[17.3, 16.9, 15.2, 16.1, 16.3, 16.3, 14.5, 13.1, 12.1, 10.8, 11.5, 11.9, 11.4, 11.8, 10.2, 12.3, 14.1, 15.6, 17.4, 18.7, 20.0, 22.1, 23.8, 26.3, 28.0, 29.5, 28.4, 27.9, 25.8, 24.0]","[86.0, 78.0, 73.0, 65.0, 53.0, 43.0, 34.0, 27.0, 20.0, 15.0, 8.0, 2.0, 356.0, 354.0, 346.0, 355.0, 5.0, 17.0, 28.0, 35.0, 42.0, 46.0, 48.0, 48.0, 46.0, 41.0, 35.0, 32.0, 24.0, 17.0]"
12-18,Manly,north,85,2024-10-04,1,13.0,10,2024,"[18.4, 16.4, 11.3, 11.2, 10.5, 9.9, 9.9, 10.3, 10.4, 11.0, 11.0, 10.0, 10.2, 11.1, 8.9, 7.6, 7.6, 9.3, 12.0, 14.1, 15.2, 15.8, 16.3, 19.0, 20.0, 18.5, 17.1, 16.2, 16.6, 16.3]","[65.0, 54.0, 54.0, 49.0, 37.0, 25.0, 15.0, 358.0, 349.0, 339.0, 332.0, 339.0, 346.0, 338.0, 315.0, 332.0, 357.0, 24.0, 36.0, 39.0, 47.0, 53.0, 54.0, 53.0, 45.0, 38.0, 17.0, 2.0, 348.0, 343.0]"
12-18,Manly,north,85,2016-12-03,0,13.0,12,2016,"[10.1, 12.1, 12.1, 24.8, 27.7, 28.9, 28.9, 27.8, 26.0, 23.4, 20.6, 20.2, 20.5, 20.9, 16.8, 16.6, 17.7, 19.9, 22.3, 22.9, 21.5, 20.4, 21.3, 18.3, 14.8, 15.2, 10.7, 9.4, 6.0, 5.1]","[2.0, 348.0, 247.0, 197.0, 181.0, 176.0, 174.0, 175.0, 176.0, 178.0, 184.0, 184.0, 182.0, 180.0, 170.0, 158.0, 142.0, 132.0, 124.0, 118.0, 111.0, 104.0, 102.0, 106.0, 94.0, 86.0, 76.0, 67.0, 65.0, 86.0]"
12-18,Manly,north,85,2009-06-22,0,13.0,6,2009,"[23.3, 23.1, 19.1, 20.8, 23.3, 26.3, 25.3, 22.4, 22.5, 21.4, 19.1, 16.7, 13.8, 6.9, 10.0, 10.4, 11.4, 14.4, 14.3, 9.6, 4.7, 1.5, 0.7, 3.1, 3.5, 4.8, 2.7, 4.0, 5.9, 7.2]","[27.0, 31.0, 20.0, 23.0, 22.0, 19.0, 17.0, 15.0, 13.0, 8.0, 358.0, 341.0, 317.0, 317.0, 345.0, 346.0, 347.0, 357.0, 348.0, 340.0, 337.0, 315.0, 270.0, 234.0, 246.0, 283.0, 337.0, 297.0, 281.0, 270.0]"
12-18,Manly,north,85,2010-04-05,0,13.0,4,2010,"[18.5, 17.4, 14.4, 13.4, 12.3, 11.3, 11.6, 11.8, 11.6, 11.2, 10.1, 8.6, 7.9, 7.6, 5.4, 4.0, 2.3, 3.6, 6.3, 9.2, 10.2, 10.9, 11.7, 12.3, 11.6, 10.1, 9.4, 8.8, 8.7, 7.2]","[159.0, 158.0, 158.0, 156.0, 159.0, 163.0, 164.0, 168.0, 173.0, 176.0, 180.0, 182.0, 180.0, 180.0, 188.0, 170.0, 141.0, 127.0, 121.0, 116.0, 113.0, 107.0, 101.0, 97.0, 97.0, 96.0, 94.0, 99.0, 107.0, 96.0]"
12-19,Manly,north,85,2025-01-12,1,16.0,1,2025,"[15.4, 12.6, 10.3, 10.8, 13.1, 15.3, 15.7, 14.6, 14.4, 15.0, 13.9, 16.3, 17.2, 17.5, 9.9, 13.6, 17.1, 19.2, 20.3, 22.3, 24.8, 25.1, 25.4, 22.1, 22.1, 25.2, 22.1, 15.8, 14.9, 12.4]","[49.0, 47.0, 49.0, 54.0, 57.0, 53.0, 46.0, 34.0, 34.0, 34.0, 29.0, 33.0, 33.0, 35.0, 37.0, 48.0, 56.0, 58.0, 59.0, 62.0, 61.0, 60.0, 51.0, 50.0, 45.0, 37.0, 29.0, 32.0, 43.0, 42.0]"
12-19,Manly,north,85,2012-08-28,0,16.0,8,2012,"[19.9, 21.0, 18.7, 19.6, 20.0, 20.4, 19.8, 18.5, 17.1, 16.1, 15.3, 14.7, 13.9, 12.6, 9.7, 7.7, 5.0, 6.9, 10.9, 13.3, 16.4, 19.0, 21.0, 21.8, 22.4, 23.4, 22.6, 24.0, 25.8, 25.6]","[46.0, 39.0, 34.0, 26.0, 18.0, 8.0, 359.0, 347.0, 335.0, 331.0, 333.0, 335.0, 335.0, 333.0, 315.0, 311.0, 339.0, 28.0, 34.0, 41.0, 50.0, 53.0, 52.0, 51.0, 48.0, 43.0, 37.0, 33.0, 28.0, 24.0]"
12-19,Manly,north,85,2010-11-19,0,16.0,11,2010,"[18.9, 14.7, 13.4, 11.0, 10.0, 8.2, 6.8, 7.6, 15.5, 24.1, 33.9, 39.7, 39.0, 38.1, 37.7, 35.5, 34.0, 33.0, 32.6, 31.9, 30.8, 29.3, 27.5, 25.3, 23.7, 23.5, 22.5, 21.9, 20.5, 18.2]","[31.0, 31.0, 27.0, 23.0, 30.0, 41.0, 65.0, 149.0, 179.0, 180.0, 176.0, 175.0, 175.0, 173.0, 173.0, 173.0, 174.0, 172.0, 170.0, 169.0, 169.0, 169.0, 169.0, 169.0, 167.0, 165.0, 167.0, 160.0, 156.0, 153.0]"
12-19,Manly,north,85,2007-04-25,0,16.0,4,2007,"[22.8, 22.0, 20.5, 20.2, 20.2, 20.6, 21.7, 23.1, 23.4, 22.9, 22.2, 21.1, 20.5, 20.7, 16.6, 16.6, 16.3, 17.7, 18.9, 20.8, 19.1, 19.2, 18.9, 17.9, 17.7, 17.3, 13.7, 14.4, 14.5, 14.6]","[175.0, 177.0, 177.0, 179.0, 176.0, 175.0, 173.0, 169.0, 166.0, 167.0, 172.0, 172.0, 169.0, 172.0, 162.0, 162.0, 162.0, 160.0, 159.0, 157.0, 160.0, 163.0, 167.0, 170.0, 175.0, 179.0, 180.0, 184.0, 186.0, 189.0]"
12-20,Manly,north,85,2025-01-13,1,,1,2025,"[22.1, 25.2, 22.1, 15.8, 14.9, 12.4, 12.7, 11.8, 10.2, 8.6, 12.4, 14.3, 15.9, 14.4, 5.8, 4.6, 6.9, 7.8, 9.7, 12.5, 15.9, 18.1, 19.6, 20.3, 21.2, 21.5, 19.7, 16.0, 13.7, 13.0]","[45.0, 37.0, 29.0, 32.0, 43.0, 42.0, 32.0, 24.0, 21.0, 23.0, 28.0, 24.0, 23.0, 15.0, 346.0, 21.0, 30.0, 46.0, 63.0, 72.0, 74.0, 70.0, 64.0, 58.0, 52.0, 45.0, 35.0, 38.0, 38.0, 34.0]"
12-20,Manly,north,85,2019-01-01,0,,1,2019,"[11.2, 3.3, 10.2, 13.8, 15.2, 15.7, 16.9, 23.2, 25.6, 18.5, 15.0, 8.9, 6.3, 12.0, 9.3, 8.7, 10.5, 13.3, 14.6, 14.0, 14.9, 17.9, 21.3, 20.5, 19.6, 16.5, 15.8, 11.4, 8.9, 8.2]","[84.0, 84.0, 10.0, 345.0, 5.0, 11.0, 16.0, 12.0, 358.0, 331.0, 300.0, 302.0, 13.0, 41.0, 16.0, 52.0, 68.0, 71.0, 70.0, 72.0, 75.0, 71.0, 60.0, 51.0, 47.0, 44.0, 35.0, 35.0, 47.0, 61.0]"
12-20,Manly,north,85,2022-07-14,0,,7,2022,"[29.9, 30.4, 28.5, 29.2, 31.6, 33.0, 36.5, 37.6, 37.4, 37.0, 37.6, 39.3, 42.0, 42.6, 31.3, 33.4, 38.0, 41.9, 43.9, 40.9, 37.7, 37.6, 36.1, 35.1, 33.7, 31.1, 26.6, 24.4, 23.6, 23.6]","[195.0, 198.0, 199.0, 210.0, 216.0, 209.0, 205.0, 202.0, 204.0, 208.0, 210.0, 210.0, 208.0, 210.0, 216.0, 214.0, 207.0, 198.0, 192.0, 193.0, 193.0, 194.0, 194.0, 196.0, 196.0, 196.0, 196.0, 196.0, 201.0, 204.0]"
12-20,Manly,north,85,2018-03-03,0,,3,2018,"[16.9, 14.5, 10.2, 7.5, 7.1, 7.1, 6.9, 6.3, 6.9, 7.3, 6.4, 6.5, 6.5, 6.1, 4.9, 4.2, 4.8, 9.3, 12.8, 15.3, 18.0, 19.9, 21.3, 21.7, 21.7, 21.6, 18.2, 15.4, 12.3, 9.8]","[119.0, 120.0, 100.0, 73.0, 49.0, 41.0, 43.0, 31.0, 9.0, 349.0, 333.0, 326.0, 326.0, 320.0, 287.0, 329.0, 42.0, 54.0, 58.0, 63.0, 70.0, 70.0, 66.0, 61.0, 54.0, 46.0, 34.0, 21.0, 7.0, 352.0]"
12-21,Manly,north,85,2025-03-01,1,14.0,3,2025,"[16.4, 12.9, 7.3, 15.3, 24.0, 24.8, 24.9, 24.2, 23.6, 23.0, 21.2, 19.3, 17.3, 15.7, 9.8, 7.3, 4.8, 4.8, 9.9, 14.7, 17.2, 19.2, 20.4, 21.0, 21.0, 21.4, 14.9, 14.2, 14.1, 13.0]","[45.0, 48.0, 70.0, 168.0, 177.0, 181.0, 188.0, 189.0, 187.0, 185.0, 187.0, 191.0, 197.0, 200.0, 221.0, 222.0, 200.0, 124.0, 89.0, 79.0, 74.0, 68.0, 64.0, 56.0, 52.0, 47.0, 44.0, 36.0, 30.0, 26.0]"
12-21,Manly,north,85,2007-05-15,0,14.0,5,2007,"[8.9, 9.7, 9.4, 6.5, 4.3, 4.8, 6.7, 8.2, 8.7, 8.2, 7.7, 7.4, 6.6, 5.4, 6.1, 8.4, 8.1, 6.0, 4.5, 4.0, 5.6, 8.6, 11.3, 12.9, 14.0, 14.2, 13.6, 13.7, 13.4, 12.8]","[122.0, 135.0, 133.0, 146.0, 175.0, 222.0, 234.0, 229.0, 225.0, 221.0, 221.0, 219.0, 221.0, 233.0, 273.0, 277.0, 283.0, 303.0, 331.0, 5.0, 45.0, 57.0, 59.0, 54.0, 42.0, 36.0, 37.0, 23.0, 8.0, 10.0]"
12-21,Manly,north,85,2022-10-23,0,14.0,10,2022,"[28.8, 29.1, 27.9, 26.0, 23.4, 23.6, 24.1, 22.9, 21.0, 19.8, 20.2, 19.6, 18.3, 18.3, 10.1, 10.9, 3.5, 3.4, 11.9, 13.4, 13.5, 12.7, 12.4, 11.4, 11.4, 12.3, 7.5, 10.6, 12.8, 16.0]","[36.0, 31.0, 28.0, 27.0, 26.0, 23.0, 27.0, 25.0, 23.0, 19.0, 14.0, 7.0, 10.0, 14.0, 33.0, 29.0, 21.0, 84.0, 88.0, 95.0, 109.0, 121.0, 124.0, 116.0, 96.0, 83.0, 98.0, 92.0, 92.0, 82.0]"
12-21,Manly,north,85,2013-01-14,0,14.0,1,2013,"[27.1, 28.2, 23.9, 26.7, 27.1, 22.0, 21.9, 19.5, 21.3, 21.2, 22.8, 26.9, 33.4, 35.4, 34.0, 35.4, 34.6, 35.3, 35.7, 35.7, 35.0, 33.6, 31.0, 29.7, 27.9, 26.0, 23.0, 22.4, 21.6, 20.6]","[155.0, 155.0, 164.0, 177.0, 176.0, 162.0, 157.0, 155.0, 164.0, 165.0, 168.0, 172.0, 173.0, 175.0, 186.0, 185.0, 182.0, 179.0, 178.0, 178.0, 175.0, 170.0, 162.0, 159.0, 156.0, 156.0, 153.0, 154.0, 154.0, 153.0]"
12-22,Manly,north,85,2025-03-05,1,11.0,3,2025,"[22.1, 22.1, 20.9, 22.3, 22.7, 21.6, 20.9, 21.8, 21.7, 21.8, 20.9, 19.6, 19.5, 19.4, 14.6, 15.6, 19.1, 22.3, 22.1, 20.9, 20.2, 20.0, 20.2, 19.8, 19.4, 19.1, 16.3, 15.0, 14.3, 13.5]","[143.0, 147.0, 177.0, 174.0, 161.0, 153.0, 149.0, 142.0, 143.0, 144.0, 142.0, 141.0, 140.0, 140.0, 141.0, 149.0, 137.0, 128.0, 128.0, 131.0, 135.0, 138.0, 140.0, 144.0, 147.0, 142.0, 134.0, 136.0, 139.0, 149.0]"
12-22,Manly,north,85,2007-04-14,0,11.0,4,2007,"[11.7, 11.1, 10.2, 9.7, 9.1, 5.9, 4.7, 5.1, 6.8, 8.4, 9.7, 9.4, 8.8, 8.8, 9.4, 9.0, 6.1, 3.7, 6.2, 9.5, 12.2, 14.3, 16.5, 19.4, 21.7, 22.0, 19.5, 20.0, 20.3, 19.7]","[124.0, 115.0, 98.0, 90.0, 72.0, 43.0, 4.0, 321.0, 295.0, 280.0, 268.0, 263.0, 261.0, 261.0, 252.0, 254.0, 270.0, 331.0, 21.0, 37.0, 43.0, 45.0, 46.0, 47.0, 43.0, 38.0, 34.0, 28.0, 20.0, 9.0]"
12-22,Manly,north,85,2007-02-15,0,11.0,2,2007,"[17.4, 16.4, 11.3, 9.7, 6.3, 3.3, 3.3, 4.3, 5.6, 5.8, 5.4, 5.1, 6.4, 6.3, 7.2, 4.7, 6.4, 10.8, 15.2, 18.0, 18.9, 18.6, 20.1, 22.2, 21.6, 19.5, 14.7, 11.8, 11.8, 13.0]","[97.0, 81.0, 59.0, 42.0, 24.0, 347.0, 311.0, 275.0, 255.0, 240.0, 233.0, 231.0, 227.0, 211.0, 207.0, 180.0, 117.0, 92.0, 83.0, 78.0, 76.0, 75.0, 69.0, 61.0, 57.0, 52.0, 54.0, 52.0, 50.0, 46.0]"
12-22,Manly,north,85,2019-02-11,0,11.0,2,2019,"[21.0, 18.4, 10.7, 8.0, 6.6, 6.6, 5.6, 5.4, 5.6, 6.1, 6.6, 6.5, 6.6, 6.5, 5.4, 6.9, 9.5, 11.8, 13.8, 15.1, 17.2, 20.2, 22.4, 22.4, 22.9, 23.1, 20.5, 19.2, 17.5, 15.5]","[96.0, 96.0, 104.0, 108.0, 99.0, 81.0, 63.0, 48.0, 40.0, 28.0, 9.0, 354.0, 338.0, 326.0, 323.0, 6.0, 25.0, 40.0, 47.0, 57.0, 64.0, 68.0, 64.0, 57.0, 48.0, 39.0, 31.0, 26.0, 19.0, 12.0]"
12-23,Manly,north,85,2025-03-10,1,15.0,3,2025,"[23.3, 24.8, 19.2, 18.3, 17.1, 17.7, 19.3, 18.6, 17.0, 15.4, 14.3, 15.2, 16.0, 17.2, 14.9, 17.4, 17.3, 16.4, 15.4, 14.7, 16.5, 19.0, 19.4, 19.9, 20.9, 19.3, 6.8, 6.9, 11.2, 12.8]","[48.0, 44.0, 40.0, 38.0, 41.0, 43.0, 41.0, 32.0, 26.0, 24.0, 25.0, 27.0, 30.0, 29.0, 37.0, 33.0, 29.0, 29.0, 29.0, 31.0, 37.0, 40.0, 38.0, 38.0, 39.0, 39.0, 55.0, 83.0, 93.0, 88.0]"
12-23,Manly,north,85,2016-09-12,0,15.0,9,2016,"[17.0, 15.1, 3.1, 2.8, 5.5, 6.0, 6.9, 7.6, 8.7, 11.0, 13.2, 13.8, 13.4, 12.5, 11.0, 10.3, 7.9, 5.2, 4.1, 9.8, 14.9, 18.4, 19.9, 19.1, 17.8, 17.1, 10.1, 5.2, 3.6, 3.2]","[86.0, 78.0, 54.0, 220.0, 212.0, 213.0, 219.0, 225.0, 222.0, 218.0, 215.0, 213.0, 216.0, 221.0, 232.0, 234.0, 223.0, 196.0, 128.0, 107.0, 105.0, 102.0, 96.0, 88.0, 76.0, 62.0, 63.0, 56.0, 53.0, 63.0]"
12-23,Manly,north,85,2017-04-15,0,15.0,4,2017,"[12.5, 10.8, 6.0, 2.8, 3.8, 4.0, 2.5, 3.3, 4.7, 5.9, 6.6, 7.4, 7.8, 7.9, 11.5, 9.5, 7.7, 8.4, 9.8, 10.9, 13.3, 16.5, 18.0, 17.5, 16.7, 14.3, 8.3, 5.8, 4.1, 4.1]","[123.0, 120.0, 115.0, 130.0, 163.0, 170.0, 180.0, 229.0, 247.0, 259.0, 261.0, 256.0, 248.0, 246.0, 274.0, 259.0, 229.0, 190.0, 163.0, 146.0, 131.0, 122.0, 116.0, 109.0, 104.0, 100.0, 85.0, 68.0, 38.0, 38.0]"
12-23,Manly,north,85,2025-03-11,0,15.0,3,2025,"[20.9, 19.3, 6.8, 6.9, 11.2, 12.8, 12.5, 12.9, 14.5, 16.7, 15.7, 15.4, 15.9, 18.1, 16.7, 17.3, 17.6, 16.7, 14.0, 14.9, 16.2, 17.2, 17.0, 15.3, 13.0, 12.3, 9.8, 7.0, 8.0, 9.6]","[39.0, 39.0, 55.0, 83.0, 93.0, 88.0, 74.0, 48.0, 36.0, 38.0, 43.0, 42.0, 44.0, 48.0, 37.0, 45.0, 47.0, 49.0, 58.0, 73.0, 81.0, 83.0, 84.0, 87.0, 88.0, 85.0, 66.0, 90.0, 121.0, 130.0]"
12-24,Manly,north,85,2025-03-19,1,18.0,3,2025,"[21.3, 21.9, 21.2, 21.9, 22.3, 22.1, 22.3, 21.2, 21.0, 20.2, 20.9, 21.3, 20.0, 19.6, 11.3, 9.9, 10.6, 15.6, 20.4, 23.7, 24.8, 25.6, 28.4, 29.9, 31.9, 32.1, 26.1, 24.4, 23.3, 22.5]","[47.0, 46.0, 48.0, 42.0, 34.0, 33.0, 30.0, 30.0, 33.0, 35.0, 32.0, 24.0, 18.0, 14.0, 350.0, 359.0, 23.0, 37.0, 40.0, 41.0, 42.0, 47.0, 51.0, 50.0, 49.0, 44.0, 41.0, 37.0, 34.0, 29.0]"
12-24,Manly,north,85,2017-12-02,0,18.0,12,2017,"[37.9, 38.8, 38.3, 35.7, 33.7, 31.2, 27.4, 27.4, 28.5, 28.1, 28.5, 27.7, 27.6, 26.3, 26.4, 22.2, 22.3, 24.1, 23.8, 23.9, 21.7, 18.9, 16.0, 11.9, 9.7, 9.5, 10.5, 12.3, 19.8, 22.5]","[45.0, 41.0, 37.0, 34.0, 32.0, 27.0, 23.0, 28.0, 25.0, 21.0, 18.0, 16.0, 20.0, 19.0, 14.0, 17.0, 23.0, 20.0, 4.0, 348.0, 345.0, 347.0, 351.0, 3.0, 4.0, 11.0, 4.0, 353.0, 327.0, 309.0]"
12-24,Manly,north,85,2009-07-13,0,18.0,7,2009,"[25.6, 25.3, 22.5, 20.2, 20.1, 20.1, 20.6, 21.2, 21.7, 21.6, 20.2, 19.3, 18.9, 18.9, 12.5, 9.4, 11.2, 13.0, 15.0, 16.5, 16.7, 16.3, 16.7, 16.5, 17.5, 19.2, 17.9, 17.6, 19.6, 20.9]","[349.0, 343.0, 338.0, 338.0, 339.0, 333.0, 333.0, 328.0, 324.0, 316.0, 309.0, 307.0, 309.0, 309.0, 309.0, 313.0, 318.0, 314.0, 291.0, 280.0, 276.0, 278.0, 284.0, 293.0, 302.0, 304.0, 300.0, 311.0, 316.0, 316.0]"
12-24,Manly,north,85,2007-04-11,0,18.0,4,2007,"[13.9, 15.3, 14.3, 13.6, 14.0, 14.1, 14.5, 14.7, 13.6, 11.2, 9.7, 9.0, 9.4, 10.5, 8.8, 8.3, 7.6, 7.0, 5.9, 7.3, 12.8, 20.8, 26.1, 27.8, 27.6, 27.4, 24.6, 25.3, 24.9, 23.9]","[53.0, 41.0, 28.0, 12.0, 359.0, 347.0, 337.0, 329.0, 320.0, 312.0, 309.0, 307.0, 302.0, 301.0, 279.0, 275.0, 265.0, 249.0, 223.0, 189.0, 169.0, 166.0, 168.0, 170.0, 173.0, 170.0, 165.0, 156.0, 149.0, 146.0]"
12-25,Manly,north,85,2026-01-30,1,,1,2026,"[14.9, 12.5, 9.0, 5.7, 4.0, 3.2, 2.4, 1.3, 1.4, 1.5, 2.8, 4.0, 4.7, 5.6, 4.8, 6.7, 5.9, 8.2, 15.0, 20.2, 22.8, 24.7, 26.2, 25.5, 25.1, 27.9, 23.4, 21.5, 20.3, 19.7]","[82.0, 70.0, 67.0, 66.0, 72.0, 38.0, 13.0, 326.0, 247.0, 284.0, 310.0, 302.0, 302.0, 315.0, 349.0, 5.0, 27.0, 58.0, 60.0, 51.0, 45.0, 43.0, 43.0, 46.0, 52.0, 52.0, 50.0, 51.0, 59.0, 55.0]"
12-25,Manly,north,85,2017-05-26,0,,5,2017,"[7.3, 9.2, 9.7, 10.1, 9.7, 8.9, 8.5, 8.4, 9.7, 11.9, 13.5, 14.6, 15.0, 15.8, 14.4, 12.6, 11.8, 10.9, 10.5, 10.8, 11.3, 11.9, 12.0, 12.1, 13.0, 14.4, 10.7, 8.7, 8.3, 7.9]","[33.0, 26.0, 4.0, 356.0, 338.0, 320.0, 298.0, 277.0, 255.0, 241.0, 236.0, 237.0, 240.0, 243.0, 248.0, 243.0, 239.0, 236.0, 221.0, 201.0, 189.0, 180.0, 171.0, 163.0, 156.0, 148.0, 168.0, 175.0, 180.0, 183.0]"
12-25,Manly,north,85,2007-10-19,0,,10,2007,"[28.3, 28.3, 28.1, 27.7, 26.8, 24.9, 23.2, 21.9, 21.0, 21.0, 20.6, 19.8, 18.1, 17.3, 19.1, 19.2, 17.2, 13.7, 11.4, 11.1, 11.5, 13.7, 18.5, 18.8, 17.7, 17.2, 20.0, 18.6, 17.7, 11.1]","[46.0, 40.0, 33.0, 28.0, 24.0, 20.0, 16.0, 9.0, 6.0, 5.0, 4.0, 360.0, 355.0, 355.0, 360.0, 355.0, 350.0, 358.0, 11.0, 29.0, 44.0, 55.0, 53.0, 45.0, 38.0, 33.0, 23.0, 22.0, 17.0, 193.0]"
12-25,Manly,north,85,2025-02-25,0,,2,2025,"[22.0, 22.0, 23.3, 24.2, 27.2, 26.7, 26.7, 25.8, 25.2, 25.6, 26.0, 26.0, 26.4, 27.5, 25.0, 26.4, 25.9, 24.4, 23.1, 23.5, 23.6, 23.5, 22.0, 20.6, 18.4, 15.7, 12.4, 10.7, 10.0, 9.5]","[170.0, 176.0, 185.0, 191.0, 189.0, 185.0, 182.0, 182.0, 183.0, 180.0, 175.0, 172.0, 172.0, 169.0, 173.0, 171.0, 168.0, 165.0, 165.0, 164.0, 162.0, 159.0, 156.0, 154.0, 153.0, 152.0, 156.0, 163.0, 167.0, 169.0]"
13-0,Cabbage Tree Bay,north,55,2007-11-17,1,14.0,11,2007,"[11.2, 10.7, 10.8, 8.8, 6.3, 4.7, 3.8, 4.5, 5.0, 5.1, 5.1, 6.1, 7.2, 9.1, 10.9, 12.6, 13.7, 15.3, 18.6, 22.8, 25.5, 27.3, 26.7, 25.7, 24.8, 24.2, 20.7, 14.4, 6.8, 7.1]","[111.0, 102.0, 86.0, 81.0, 77.0, 58.0, 41.0, 29.0, 21.0, 8.0, 8.0, 3.0, 6.0, 9.0, 6.0, 13.0, 27.0, 41.0, 49.0, 52.0, 50.0, 48.0, 46.0, 43.0, 40.0, 37.0, 35.0, 32.0, 18.0, 41.0]"
13-0,Cabbage Tree Bay,north,55,2010-03-04,0,14.0,3,2010,"[13.6, 13.0, 11.2, 10.5, 11.5, 11.2, 9.7, 8.7, 7.6, 6.5, 5.8, 6.9, 7.3, 7.6, 11.2, 12.6, 17.0, 19.0, 21.2, 23.2, 22.7, 23.0, 22.6, 21.7, 20.8, 21.4, 23.0, 22.8, 22.9, 21.4]","[101.0, 95.0, 96.0, 94.0, 94.0, 94.0, 92.0, 85.0, 82.0, 84.0, 86.0, 84.0, 81.0, 71.0, 84.0, 77.0, 73.0, 71.0, 72.0, 71.0, 72.0, 70.0, 68.0, 66.0, 64.0, 61.0, 58.0, 55.0, 53.0, 48.0]"
13-0,Cabbage Tree Bay,north,55,2007-07-16,0,14.0,7,2007,"[3.9, 8.4, 11.2, 18.0, 22.0, 22.1, 20.9, 19.3, 17.9, 16.9, 16.3, 15.8, 14.3, 13.4, 13.7, 13.0, 12.6, 12.6, 10.5, 8.6, 7.3, 6.2, 4.4, 2.5, 2.9, 3.1, 5.4, 9.4, 13.2, 15.7]","[248.0, 239.0, 230.0, 233.0, 235.0, 236.0, 238.0, 241.0, 245.0, 246.0, 248.0, 253.0, 252.0, 256.0, 265.0, 270.0, 272.0, 275.0, 278.0, 285.0, 303.0, 306.0, 305.0, 315.0, 330.0, 306.0, 262.0, 252.0, 241.0, 238.0]"
13-0,Cabbage Tree Bay,north,55,2019-05-10,0,14.0,5,2019,"[19.5, 23.0, 23.1, 24.0, 24.1, 22.1, 20.3, 20.4, 21.1, 21.6, 21.0, 19.1, 16.7, 15.1, 13.4, 11.9, 10.8, 11.2, 13.2, 13.7, 15.8, 23.6, 28.9, 30.0, 31.5, 35.1, 33.3, 30.1, 32.8, 34.0]","[30.0, 25.0, 15.0, 9.0, 1.0, 354.0, 348.0, 343.0, 340.0, 336.0, 338.0, 340.0, 341.0, 342.0, 352.0, 355.0, 334.0, 315.0, 296.0, 293.0, 300.0, 321.0, 320.0, 314.0, 306.0, 298.0, 296.0, 298.0, 303.0, 300.0]"
13-1,Cabbage Tree Bay,north,55,2017-05-20,1,,5,2017,"[22.4, 23.0, 19.0, 23.5, 25.7, 27.5, 27.5, 26.7, 27.7, 29.8, 29.3, 28.7, 27.5, 26.5, 15.3, 13.4, 11.7, 8.4, 7.1, 7.0, 5.2, 3.6, 0.7, 1.8, 4.7, 5.9, 3.6, 5.1, 5.8, 2.1]","[37.0, 29.0, 37.0, 41.0, 37.0, 34.0, 32.0, 35.0, 38.0, 37.0, 32.0, 25.0, 22.0, 22.0, 8.0, 6.0, 351.0, 329.0, 315.0, 305.0, 286.0, 264.0, 180.0, 360.0, 356.0, 11.0, 127.0, 94.0, 90.0, 59.0]"
13-1,Cabbage Tree Bay,north,55,2007-07-11,0,,7,2007,"[31.1, 31.7, 28.1, 29.3, 29.7, 29.6, 29.0, 29.1, 29.1, 29.2, 29.0, 28.9, 28.7, 28.7, 24.4, 23.8, 22.5, 22.3, 24.2, 25.3, 24.5, 23.9, 21.9, 21.0, 20.6, 20.3, 19.5, 19.2, 18.9, 18.8]","[204.0, 206.0, 211.0, 212.0, 209.0, 204.0, 205.0, 207.0, 207.0, 209.0, 210.0, 211.0, 210.0, 210.0, 214.0, 212.0, 215.0, 218.0, 213.0, 208.0, 210.0, 211.0, 207.0, 202.0, 199.0, 200.0, 203.0, 210.0, 219.0, 225.0]"
13-1,Cabbage Tree Bay,north,55,2021-03-01,0,,3,2021,"[16.4, 14.8, 13.8, 9.9, 8.2, 7.7, 8.0, 8.7, 9.0, 7.6, 5.6, 3.6, 2.9, 5.8, 8.7, 10.0, 9.6, 9.8, 11.6, 14.6, 16.1, 18.2, 20.0, 22.8, 23.0, 21.2, 7.3, 6.4, 13.2, 27.9]","[116.0, 113.0, 97.0, 109.0, 131.0, 139.0, 144.0, 156.0, 157.0, 149.0, 130.0, 96.0, 30.0, 360.0, 330.0, 339.0, 347.0, 6.0, 26.0, 38.0, 34.0, 30.0, 34.0, 35.0, 27.0, 15.0, 349.0, 313.0, 241.0, 205.0]"
13-1,Cabbage Tree Bay,north,55,2025-05-22,0,,5,2025,"[21.5, 21.8, 17.7, 18.6, 16.5, 17.9, 19.9, 21.2, 21.9, 21.0, 21.3, 23.2, 24.7, 25.9, 20.9, 22.4, 27.0, 27.0, 25.5, 29.4, 27.9, 27.1, 29.1, 33.0, 32.6, 34.9, 26.3, 29.2, 29.6, 29.4]","[106.0, 103.0, 110.0, 108.0, 117.0, 114.0, 116.0, 123.0, 120.0, 106.0, 98.0, 100.0, 100.0, 96.0, 112.0, 101.0, 93.0, 91.0, 94.0, 92.0, 92.0, 94.0, 95.0, 87.0, 87.0, 85.0, 73.0, 73.0, 74.0, 74.0]"
13-2,Cabbage Tree Bay,north,55,2018-10-14,1,7.0,10,2018,"[29.2, 28.8, 24.3, 22.6, 22.0, 21.1, 20.8, 18.9, 18.7, 19.1, 20.7, 22.1, 23.3, 24.3, 22.7, 23.6, 23.5, 23.7, 23.6, 24.9, 25.2, 25.1, 25.3, 23.5, 22.7, 23.3, 18.3, 19.1, 20.3, 18.7]","[70.0, 70.0, 75.0, 73.0, 72.0, 70.0, 67.0, 66.0, 67.0, 70.0, 73.0, 74.0, 73.0, 75.0, 75.0, 74.0, 72.0, 70.0, 71.0, 76.0, 76.0, 77.0, 75.0, 75.0, 72.0, 68.0, 70.0, 68.0, 67.0, 62.0]"
13-2,Cabbage Tree Bay,north,55,2011-04-12,0,7.0,4,2011,"[11.0, 12.9, 21.3, 22.0, 20.9, 19.8, 17.8, 16.7, 16.3, 15.5, 14.7, 14.7, 15.5, 17.6, 18.1, 18.1, 18.3, 20.4, 22.2, 24.2, 26.0, 27.6, 28.6, 27.8, 25.1, 22.5, 21.8, 23.1, 23.4, 22.7]","[289.0, 283.0, 273.0, 267.0, 268.0, 272.0, 277.0, 284.0, 288.0, 292.0, 298.0, 306.0, 314.0, 319.0, 319.0, 319.0, 315.0, 306.0, 297.0, 293.0, 294.0, 292.0, 291.0, 289.0, 286.0, 283.0, 292.0, 301.0, 307.0, 306.0]"
13-2,Cabbage Tree Bay,north,55,2015-01-22,0,7.0,1,2015,"[30.1, 26.1, 22.0, 22.9, 25.4, 24.2, 19.4, 14.8, 12.9, 14.2, 11.1, 6.8, 4.6, 5.6, 7.4, 9.5, 10.4, 12.6, 16.1, 18.2, 19.9, 20.4, 20.1, 19.0, 17.9, 15.7, 14.8, 18.2, 19.9, 19.9]","[61.0, 57.0, 58.0, 60.0, 51.0, 43.0, 40.0, 41.0, 36.0, 36.0, 36.0, 32.0, 45.0, 50.0, 61.0, 65.0, 70.0, 77.0, 74.0, 72.0, 70.0, 69.0, 69.0, 65.0, 62.0, 58.0, 56.0, 51.0, 45.0, 41.0]"
13-2,Cabbage Tree Bay,north,55,2008-09-10,0,7.0,9,2008,"[15.1, 14.5, 14.9, 15.5, 15.8, 15.4, 15.0, 14.1, 13.8, 13.3, 12.8, 12.7, 12.5, 12.5, 12.9, 13.0, 11.5, 10.2, 9.5, 9.9, 11.5, 14.8, 16.5, 15.8, 13.4, 11.5, 7.2, 2.9, 0.4, 2.6]","[142.0, 157.0, 172.0, 184.0, 192.0, 201.0, 210.0, 220.0, 227.0, 229.0, 230.0, 227.0, 224.0, 221.0, 216.0, 204.0, 200.0, 198.0, 189.0, 170.0, 134.0, 116.0, 110.0, 114.0, 121.0, 122.0, 108.0, 90.0, 360.0, 286.0]"
13-3,Cabbage Tree Bay,north,55,2020-03-27,1,11.0,3,2020,"[16.7, 15.0, 13.0, 12.0, 10.5, 10.9, 12.3, 13.8, 15.5, 16.4, 17.0, 16.8, 17.1, 16.8, 14.0, 13.8, 14.0, 15.2, 15.6, 16.3, 16.3, 16.4, 15.8, 15.0, 13.5, 12.9, 10.0, 9.3, 8.9, 8.7]","[143.0, 136.0, 129.0, 134.0, 139.0, 146.0, 148.0, 139.0, 126.0, 116.0, 111.0, 113.0, 115.0, 118.0, 119.0, 123.0, 125.0, 121.0, 119.0, 118.0, 118.0, 119.0, 120.0, 120.0, 119.0, 117.0, 116.0, 118.0, 117.0, 114.0]"
13-3,Cabbage Tree Bay,north,55,2026-01-11,0,11.0,1,2026,"[17.9, 17.7, 20.5, 6.6, 34.4, 41.0, 35.5, 34.6, 35.0, 35.8, 35.1, 33.9, 33.5, 33.6, 29.6, 29.6, 28.5, 27.9, 27.9, 28.2, 27.0, 28.0, 28.4, 28.2, 28.4, 28.1, 27.6, 24.2, 19.6, 21.0]","[6.0, 2.0, 13.0, 311.0, 197.0, 184.0, 190.0, 189.0, 183.0, 175.0, 170.0, 166.0, 165.0, 166.0, 166.0, 164.0, 162.0, 160.0, 159.0, 160.0, 156.0, 151.0, 150.0, 149.0, 150.0, 148.0, 147.0, 146.0, 148.0, 156.0]"
13-3,Cabbage Tree Bay,north,55,2018-10-13,0,11.0,10,2018,"[15.6, 16.6, 13.6, 14.2, 16.2, 17.7, 17.9, 15.8, 13.7, 11.6, 8.8, 5.9, 5.4, 4.0, 3.1, 5.1, 9.7, 12.8, 16.3, 20.0, 22.6, 25.5, 28.4, 28.6, 29.2, 28.8, 24.3, 22.6, 22.0, 21.1]","[105.0, 108.0, 101.0, 97.0, 94.0, 88.0, 80.0, 73.0, 67.0, 64.0, 71.0, 79.0, 82.0, 80.0, 111.0, 86.0, 75.0, 74.0, 76.0, 76.0, 81.0, 81.0, 78.0, 73.0, 70.0, 70.0, 75.0, 73.0, 72.0, 70.0]"
13-3,Cabbage Tree Bay,north,55,2011-07-11,0,11.0,7,2011,"[28.7, 26.6, 24.0, 27.0, 30.4, 33.2, 33.2, 30.8, 27.7, 23.6, 20.6, 19.1, 17.9, 18.4, 18.0, 20.9, 21.5, 20.5, 18.6, 17.7, 16.2, 14.4, 13.5, 15.5, 19.3, 22.1, 22.3, 21.6, 20.9, 20.6]","[277.0, 272.0, 278.0, 289.0, 297.0, 307.0, 311.0, 313.0, 308.0, 301.0, 297.0, 292.0, 280.0, 268.0, 270.0, 269.0, 260.0, 260.0, 261.0, 258.0, 253.0, 248.0, 245.0, 248.0, 249.0, 248.0, 249.0, 252.0, 255.0, 258.0]"
13-4,Cabbage Tree Bay,north,55,2020-07-19,1,11.0,7,2020,"[7.0, 8.4, 9.7, 11.3, 11.5, 13.1, 14.7, 15.7, 16.3, 16.6, 17.0, 16.6, 16.4, 16.5, 16.3, 15.7, 15.0, 13.0, 12.0, 12.3, 12.4, 12.8, 13.5, 15.6, 19.1, 21.7, 19.2, 18.4, 19.2, 19.9]","[55.0, 47.0, 27.0, 17.0, 356.0, 351.0, 343.0, 340.0, 338.0, 338.0, 339.0, 336.0, 331.0, 328.0, 313.0, 307.0, 305.0, 309.0, 319.0, 328.0, 334.0, 338.0, 344.0, 341.0, 324.0, 310.0, 310.0, 310.0, 310.0, 315.0]"
13-4,Cabbage Tree Bay,north,55,2018-12-29,0,11.0,12,2018,"[28.3, 29.8, 25.2, 24.9, 25.3, 24.1, 22.9, 21.9, 22.5, 21.4, 20.7, 19.0, 18.3, 17.8, 10.2, 9.4, 9.2, 8.0, 9.3, 13.5, 18.9, 24.9, 28.5, 22.7, 15.9, 13.0, 9.4, 10.7, 11.7, 9.8]","[40.0, 37.0, 37.0, 37.0, 36.0, 32.0, 28.0, 27.0, 27.0, 25.0, 20.0, 15.0, 16.0, 18.0, 8.0, 18.0, 26.0, 36.0, 62.0, 65.0, 59.0, 53.0, 47.0, 57.0, 87.0, 109.0, 130.0, 166.0, 171.0, 156.0]"
13-4,Cabbage Tree Bay,north,55,2019-05-06,0,11.0,5,2019,"[35.6, 35.8, 29.3, 29.6, 28.7, 27.0, 26.4, 27.3, 28.9, 28.9, 28.7, 29.6, 29.9, 29.7, 25.0, 25.2, 26.6, 25.5, 22.4, 19.0, 16.1, 12.8, 10.9, 11.5, 10.5, 8.5, 3.3, 4.1, 3.6, 6.1]","[200.0, 202.0, 212.0, 207.0, 205.0, 207.0, 208.0, 211.0, 213.0, 213.0, 213.0, 214.0, 216.0, 218.0, 224.0, 224.0, 220.0, 211.0, 204.0, 199.0, 204.0, 190.0, 153.0, 134.0, 128.0, 126.0, 221.0, 225.0, 270.0, 298.0]"
13-4,Cabbage Tree Bay,north,55,2006-11-22,0,11.0,11,2006,"[26.2, 25.9, 27.0, 26.1, 25.3, 24.1, 23.6, 24.5, 25.5, 26.0, 26.1, 25.5, 25.0, 25.3, 22.5, 24.7, 27.1, 26.1, 25.8, 26.8, 25.6, 22.5, 19.7, 13.9, 28.1, 32.8, 33.2, 32.6, 30.6, 26.0]","[21.0, 14.0, 2.0, 348.0, 336.0, 328.0, 322.0, 317.0, 314.0, 311.0, 309.0, 312.0, 316.0, 319.0, 319.0, 323.0, 327.0, 330.0, 341.0, 353.0, 346.0, 328.0, 325.0, 217.0, 181.0, 177.0, 182.0, 187.0, 181.0, 184.0]"
13-5,Cabbage Tree Bay,north,55,2020-11-12,1,17.0,11,2020,"[27.5, 27.5, 29.9, 28.0, 25.0, 19.3, 18.3, 19.7, 21.2, 20.1, 19.0, 18.6, 18.3, 18.9, 15.3, 17.3, 17.9, 19.9, 20.7, 21.7, 21.1, 19.2, 23.2, 25.9, 26.2, 26.7, 30.2, 25.6, 23.5, 24.9]","[47.0, 43.0, 41.0, 35.0, 25.0, 21.0, 20.0, 21.0, 18.0, 9.0, 10.0, 10.0, 10.0, 8.0, 19.0, 21.0, 19.0, 22.0, 23.0, 24.0, 20.0, 30.0, 41.0, 38.0, 34.0, 27.0, 22.0, 26.0, 36.0, 34.0]"
13-5,Cabbage Tree Bay,north,55,2019-11-25,0,17.0,11,2019,"[13.7, 13.4, 8.9, 7.6, 7.1, 5.4, 5.3, 5.0, 8.8, 13.5, 14.5, 14.5, 12.8, 9.8, 9.2, 5.2, 5.7, 9.4, 12.9, 16.7, 21.3, 23.4, 25.6, 26.9, 29.8, 25.4, 19.1, 12.7, 10.8, 14.8]","[108.0, 84.0, 76.0, 65.0, 45.0, 37.0, 28.0, 21.0, 35.0, 34.0, 23.0, 7.0, 350.0, 343.0, 334.0, 348.0, 18.0, 47.0, 60.0, 65.0, 64.0, 53.0, 26.0, 32.0, 20.0, 353.0, 32.0, 353.0, 360.0, 29.0]"
13-5,Cabbage Tree Bay,north,55,2007-11-03,0,17.0,11,2007,"[17.1, 17.0, 18.5, 19.7, 18.3, 14.3, 8.0, 10.2, 14.4, 14.1, 16.3, 17.6, 17.2, 17.9, 20.0, 23.5, 25.5, 24.6, 23.4, 22.4, 20.6, 19.4, 15.5, 14.0, 9.2, 7.3, 9.0, 9.9, 10.5, 9.1]","[22.0, 21.0, 353.0, 336.0, 324.0, 319.0, 278.0, 198.0, 177.0, 193.0, 211.0, 206.0, 206.0, 220.0, 218.0, 207.0, 193.0, 186.0, 183.0, 176.0, 168.0, 170.0, 167.0, 154.0, 138.0, 110.0, 74.0, 57.0, 41.0, 9.0]"
13-5,Cabbage Tree Bay,north,55,2015-05-29,0,17.0,5,2015,"[12.3, 14.1, 15.0, 17.1, 18.0, 18.4, 19.0, 17.7, 18.5, 19.9, 20.0, 19.9, 19.1, 17.3, 17.8, 16.8, 17.7, 17.4, 15.2, 14.9, 14.4, 13.3, 11.2, 12.0, 11.7, 10.9, 14.4, 14.8, 14.7, 15.1]","[355.0, 345.0, 325.0, 325.0, 323.0, 325.0, 331.0, 333.0, 339.0, 338.0, 332.0, 325.0, 317.0, 312.0, 313.0, 315.0, 303.0, 292.0, 284.0, 277.0, 273.0, 270.0, 270.0, 279.0, 279.0, 278.0, 267.0, 257.0, 248.0, 245.0]"
13-6,Cabbage Tree Bay,north,55,2021-02-12,1,6.0,2,2021,"[27.8, 27.4, 26.7, 26.4, 27.9, 28.6, 28.5, 26.5, 23.6, 19.6, 19.1, 20.3, 21.3, 20.8, 16.5, 16.5, 17.7, 18.4, 19.1, 18.9, 17.9, 16.7, 16.9, 20.1, 18.9, 10.0, 1.8, 8.0, 2.3, 1.1]","[42.0, 38.0, 35.0, 32.0, 33.0, 31.0, 28.0, 22.0, 16.0, 7.0, 11.0, 17.0, 19.0, 18.0, 16.0, 10.0, 12.0, 12.0, 11.0, 9.0, 9.0, 14.0, 27.0, 36.0, 21.0, 311.0, 169.0, 170.0, 198.0, 18.0]"
13-6,Cabbage Tree Bay,north,55,2020-10-04,0,6.0,10,2020,"[29.3, 29.7, 28.5, 27.8, 26.6, 24.5, 22.0, 19.7, 18.6, 17.6, 16.9, 16.7, 16.3, 16.3, 15.9, 13.0, 13.2, 14.6, 16.3, 18.9, 23.1, 26.2, 27.6, 28.8, 30.0, 30.7, 28.9, 29.5, 26.8, 23.6]","[42.0, 38.0, 37.0, 34.0, 30.0, 24.0, 18.0, 15.0, 15.0, 11.0, 11.0, 14.0, 14.0, 14.0, 5.0, 14.0, 26.0, 33.0, 41.0, 48.0, 51.0, 53.0, 49.0, 43.0, 38.0, 31.0, 31.0, 27.0, 22.0, 19.0]"
13-6,Cabbage Tree Bay,north,55,2019-02-06,0,6.0,2,2019,"[14.0, 14.1, 12.3, 12.4, 12.6, 14.8, 16.9, 17.8, 17.0, 16.0, 15.0, 13.0, 10.8, 10.6, 8.9, 9.2, 11.4, 14.0, 17.1, 19.2, 19.7, 19.9, 20.1, 19.1, 19.1, 18.4, 19.1, 18.7, 17.8, 16.0]","[78.0, 71.0, 69.0, 68.0, 70.0, 61.0, 52.0, 43.0, 36.0, 31.0, 27.0, 24.0, 30.0, 35.0, 50.0, 64.0, 72.0, 78.0, 82.0, 82.0, 81.0, 77.0, 75.0, 74.0, 68.0, 62.0, 54.0, 50.0, 47.0, 46.0]"
13-6,Cabbage Tree Bay,north,55,2018-09-07,0,6.0,9,2018,"[28.5, 29.6, 25.3, 24.2, 23.3, 20.9, 19.1, 17.7, 17.8, 19.8, 21.3, 20.5, 20.3, 19.4, 11.3, 12.8, 13.6, 11.5, 9.8, 15.1, 18.1, 10.9, 8.7, 10.5, 12.0, 11.4, 7.1, 4.3, 3.1, 7.7]","[44.0, 40.0, 33.0, 28.0, 17.0, 359.0, 348.0, 343.0, 353.0, 1.0, 358.0, 350.0, 343.0, 338.0, 329.0, 338.0, 349.0, 360.0, 17.0, 25.0, 21.0, 34.0, 60.0, 41.0, 21.0, 13.0, 30.0, 90.0, 159.0, 191.0]"
13-7,Cabbage Tree Bay,north,55,2022-12-26,1,9.0,12,2022,"[18.8, 19.3, 16.8, 14.0, 12.3, 12.0, 11.3, 10.2, 8.5, 6.3, 4.0, 4.0, 5.4, 6.9, 4.4, 7.3, 11.1, 15.4, 19.5, 22.6, 24.0, 25.2, 24.6, 22.7, 22.1, 22.9, 20.4, 18.9, 18.4, 16.6]","[53.0, 46.0, 47.0, 44.0, 39.0, 35.0, 31.0, 30.0, 28.0, 27.0, 32.0, 58.0, 53.0, 47.0, 71.0, 70.0, 65.0, 61.0, 59.0, 57.0, 54.0, 53.0, 52.0, 52.0, 50.0, 48.0, 41.0, 42.0, 39.0, 31.0]"
13-7,Cabbage Tree Bay,north,55,2017-09-24,0,9.0,9,2017,"[27.6, 26.5, 26.6, 28.2, 29.6, 29.4, 31.1, 34.8, 36.5, 37.2, 37.2, 36.6, 34.0, 29.9, 17.2, 12.6, 11.1, 10.7, 16.0, 25.2, 27.2, 26.1, 24.6, 22.2, 23.1, 21.1, 19.6, 13.3, 10.8, 10.6]","[15.0, 12.0, 359.0, 355.0, 350.0, 349.0, 344.0, 332.0, 326.0, 322.0, 314.0, 310.0, 298.0, 279.0, 250.0, 243.0, 241.0, 250.0, 261.0, 272.0, 278.0, 277.0, 275.0, 283.0, 293.0, 290.0, 276.0, 270.0, 274.0, 288.0]"
13-7,Cabbage Tree Bay,north,55,2013-02-05,0,9.0,2,2013,"[21.4, 18.7, 15.5, 13.7, 13.3, 13.0, 12.3, 11.9, 10.8, 9.8, 9.0, 8.7, 8.3, 7.8, 4.7, 5.4, 7.1, 9.4, 12.6, 14.9, 17.0, 17.7, 18.2, 18.1, 17.7, 16.3, 14.1, 13.2, 12.7, 12.7]","[160.0, 164.0, 168.0, 175.0, 183.0, 186.0, 185.0, 178.0, 176.0, 174.0, 175.0, 175.0, 175.0, 167.0, 171.0, 143.0, 120.0, 108.0, 103.0, 98.0, 94.0, 88.0, 81.0, 73.0, 66.0, 59.0, 52.0, 47.0, 47.0, 45.0]"
13-7,Cabbage Tree Bay,north,55,2011-11-08,0,9.0,11,2011,"[11.8, 11.3, 10.5, 9.7, 7.3, 5.9, 7.6, 8.1, 6.5, 5.9, 3.9, 1.5, 2.8, 6.6, 7.5, 8.6, 13.0, 17.3, 19.4, 21.3, 24.7, 26.0, 13.0, 3.1, 8.1, 8.7, 9.2, 4.4, 6.3, 9.9]","[128.0, 153.0, 139.0, 132.0, 147.0, 194.0, 199.0, 193.0, 199.0, 223.0, 214.0, 225.0, 310.0, 319.0, 325.0, 2.0, 24.0, 31.0, 35.0, 39.0, 43.0, 42.0, 34.0, 144.0, 135.0, 114.0, 206.0, 145.0, 66.0, 33.0]"
13-8,Cabbage Tree Bay,north,55,2023-01-16,1,17.0,1,2023,"[23.9, 21.5, 15.7, 14.8, 16.1, 16.3, 15.0, 12.5, 11.2, 11.4, 12.1, 10.9, 9.7, 11.9, 12.3, 11.9, 13.7, 15.9, 17.3, 17.4, 18.1, 18.6, 18.8, 19.2, 19.2, 18.3, 15.9, 15.5, 15.6, 12.8]","[56.0, 59.0, 58.0, 61.0, 61.0, 62.0, 66.0, 72.0, 75.0, 72.0, 73.0, 81.0, 86.0, 85.0, 87.0, 88.0, 90.0, 86.0, 85.0, 84.0, 83.0, 80.0, 78.0, 77.0, 77.0, 75.0, 72.0, 68.0, 64.0, 58.0]"
13-8,Cabbage Tree Bay,north,55,2010-08-02,0,17.0,8,2010,"[25.8, 36.4, 32.5, 29.5, 32.5, 31.5, 29.2, 27.5, 26.3, 26.2, 27.5, 28.0, 25.3, 22.9, 22.0, 23.8, 26.2, 30.7, 32.1, 31.6, 31.0, 32.0, 32.7, 33.1, 33.2, 35.3, 40.1, 41.4, 44.2, 52.8]","[310.0, 281.0, 266.0, 279.0, 283.0, 284.0, 286.0, 284.0, 280.0, 278.0, 276.0, 277.0, 281.0, 289.0, 305.0, 299.0, 286.0, 274.0, 260.0, 259.0, 261.0, 262.0, 262.0, 258.0, 257.0, 256.0, 261.0, 251.0, 235.0, 221.0]"
13-8,Cabbage Tree Bay,north,55,2021-01-14,0,17.0,1,2021,"[24.3, 25.5, 28.0, 26.5, 22.9, 23.8, 22.4, 21.1, 19.8, 13.5, 13.1, 17.2, 19.5, 19.8, 18.9, 21.0, 19.7, 17.6, 17.1, 18.9, 21.1, 24.0, 21.0, 16.1, 20.8, 8.1, 15.4, 27.7, 28.6, 26.9]","[50.0, 47.0, 43.0, 37.0, 30.0, 27.0, 19.0, 20.0, 16.0, 351.0, 8.0, 20.0, 19.0, 16.0, 24.0, 13.0, 15.0, 26.0, 35.0, 42.0, 47.0, 49.0, 52.0, 61.0, 53.0, 111.0, 159.0, 181.0, 186.0, 188.0]"
13-8,Cabbage Tree Bay,north,55,2022-01-31,0,17.0,1,2022,"[14.5, 13.9, 13.1, 11.5, 8.4, 7.3, 6.5, 3.3, 2.2, 1.5, 1.9, 1.2, 0.9, 0.8, 5.1, 2.8, 2.8, 7.2, 11.7, 14.6, 16.8, 18.0, 17.9, 18.2, 17.4, 14.7, 11.7, 7.8, 7.1, 6.8]","[69.0, 69.0, 63.0, 55.0, 45.0, 46.0, 46.0, 9.0, 305.0, 277.0, 241.0, 219.0, 169.0, 117.0, 222.0, 207.0, 117.0, 94.0, 88.0, 86.0, 85.0, 83.0, 81.0, 78.0, 72.0, 65.0, 47.0, 32.0, 7.0, 357.0]"
13-9,Cabbage Tree Bay,north,55,2023-10-10,1,6.0,10,2023,"[19.1, 15.8, 12.6, 9.8, 7.4, 4.0, 4.5, 8.3, 11.3, 13.7, 15.1, 14.4, 13.0, 13.4, 11.9, 12.0, 12.3, 14.2, 16.8, 18.5, 19.5, 19.0, 19.0, 19.6, 17.7, 15.4, 10.0, 8.7, 7.9, 6.6]","[49.0, 49.0, 37.0, 36.0, 51.0, 85.0, 166.0, 185.0, 187.0, 185.0, 180.0, 176.0, 180.0, 186.0, 180.0, 173.0, 159.0, 144.0, 133.0, 123.0, 113.0, 115.0, 117.0, 116.0, 119.0, 123.0, 120.0, 132.0, 129.0, 131.0]"
13-9,Cabbage Tree Bay,north,55,2013-01-18,0,6.0,1,2013,"[23.2, 20.3, 17.3, 14.3, 10.7, 7.0, 6.1, 7.4, 8.1, 7.9, 8.6, 10.9, 12.8, 14.1, 14.6, 17.1, 17.3, 14.9, 9.8, 6.8, 7.1, 9.7, 13.8, 10.4, 10.5, 13.8, 27.8, 43.0, 41.4, 37.1]","[57.0, 53.0, 43.0, 34.0, 20.0, 12.0, 28.0, 23.0, 13.0, 3.0, 358.0, 354.0, 350.0, 347.0, 340.0, 338.0, 329.0, 328.0, 332.0, 357.0, 24.0, 42.0, 49.0, 34.0, 49.0, 41.0, 175.0, 175.0, 178.0, 180.0]"
13-9,Cabbage Tree Bay,north,55,2011-05-11,0,6.0,5,2011,"[19.5, 18.4, 14.0, 11.8, 11.4, 13.0, 14.9, 15.5, 15.0, 15.1, 16.2, 17.6, 18.8, 19.9, 16.8, 16.7, 15.5, 15.6, 18.4, 26.1, 27.7, 30.3, 32.1, 34.0, 38.9, 35.5, 34.0, 32.9, 32.5, 32.4]","[185.0, 184.0, 198.0, 220.0, 242.0, 267.0, 277.0, 283.0, 291.0, 298.0, 302.0, 305.0, 313.0, 312.0, 315.0, 307.0, 301.0, 308.0, 301.0, 276.0, 272.0, 275.0, 274.0, 275.0, 273.0, 276.0, 280.0, 280.0, 275.0, 270.0]"
13-9,Cabbage Tree Bay,north,55,2011-12-17,0,6.0,12,2011,"[13.8, 12.5, 12.5, 13.2, 12.7, 13.2, 12.2, 10.2, 8.5, 8.9, 9.5, 10.9, 12.5, 13.1, 12.3, 11.8, 11.2, 11.6, 13.5, 14.0, 15.0, 15.8, 15.1, 16.7, 15.9, 15.5, 13.3, 13.6, 12.6, 13.1]","[131.0, 131.0, 134.0, 135.0, 135.0, 135.0, 135.0, 138.0, 144.0, 153.0, 155.0, 153.0, 147.0, 143.0, 142.0, 140.0, 135.0, 126.0, 124.0, 119.0, 114.0, 107.0, 102.0, 96.0, 85.0, 78.0, 77.0, 73.0, 66.0, 69.0]"
13-10,Cabbage Tree Bay,north,55,2023-10-20,1,12.0,10,2023,"[23.8, 23.3, 20.6, 18.8, 15.9, 14.9, 13.8, 13.3, 12.3, 11.6, 10.6, 9.3, 8.8, 7.9, 4.7, 4.8, 7.7, 11.9, 16.6, 20.0, 23.1, 25.9, 26.9, 26.0, 23.3, 21.1, 13.6, 12.5, 13.7, 13.0]","[58.0, 51.0, 46.0, 36.0, 25.0, 15.0, 6.0, 358.0, 353.0, 353.0, 350.0, 344.0, 341.0, 344.0, 328.0, 13.0, 41.0, 61.0, 68.0, 72.0, 72.0, 69.0, 62.0, 56.0, 52.0, 46.0, 40.0, 39.0, 35.0, 34.0]"
13-10,Cabbage Tree Bay,north,55,2014-11-18,0,12.0,11,2014,"[23.7, 21.9, 17.0, 15.1, 12.4, 10.1, 8.4, 6.6, 5.0, 3.3, 2.4, 1.8, 2.5, 4.1, 10.0, 12.0, 13.9, 15.9, 18.0, 19.7, 21.7, 23.6, 23.4, 23.6, 22.4, 19.1, 14.3, 13.7, 15.1, 16.9]","[70.0, 63.0, 54.0, 52.0, 54.0, 63.0, 70.0, 81.0, 90.0, 103.0, 117.0, 143.0, 188.0, 195.0, 206.0, 187.0, 170.0, 152.0, 143.0, 140.0, 140.0, 141.0, 143.0, 141.0, 135.0, 133.0, 137.0, 150.0, 155.0, 153.0]"
13-10,Cabbage Tree Bay,north,55,2008-12-09,0,12.0,12,2008,"[29.6, 26.1, 18.6, 18.8, 20.7, 21.9, 20.6, 18.3, 15.7, 14.6, 14.5, 13.8, 12.4, 10.8, 7.6, 7.6, 9.8, 13.4, 17.6, 20.9, 24.7, 28.3, 31.1, 30.8, 31.0, 31.0, 29.6, 29.8, 28.7, 28.0]","[41.0, 39.0, 41.0, 43.0, 41.0, 36.0, 29.0, 20.0, 9.0, 9.0, 7.0, 353.0, 334.0, 345.0, 335.0, 357.0, 24.0, 36.0, 46.0, 46.0, 48.0, 49.0, 47.0, 45.0, 39.0, 33.0, 32.0, 27.0, 22.0, 18.0]"
13-10,Cabbage Tree Bay,north,55,2021-01-30,0,12.0,1,2021,"[29.6, 32.2, 31.1, 34.8, 34.1, 35.4, 35.5, 35.2, 32.2, 30.1, 26.4, 22.4, 19.5, 20.2, 9.7, 8.5, 10.5, 12.3, 13.3, 15.4, 18.1, 18.9, 19.2, 20.0, 21.8, 22.9, 16.9, 11.6, 9.0, 10.7]","[66.0, 58.0, 63.0, 57.0, 51.0, 45.0, 41.0, 35.0, 29.0, 28.0, 24.0, 19.0, 19.0, 19.0, 2.0, 12.0, 16.0, 5.0, 358.0, 11.0, 21.0, 24.0, 28.0, 34.0, 34.0, 30.0, 27.0, 7.0, 360.0, 14.0]"
13-11,Cabbage Tree Bay,north,55,2023-11-21,1,6.0,11,2023,"[26.6, 24.9, 7.7, 9.5, 17.2, 21.8, 23.1, 19.7, 18.2, 17.7, 16.6, 13.8, 11.6, 12.5, 7.6, 2.9, 6.2, 9.7, 12.7, 13.7, 13.4, 13.6, 13.7, 12.4, 10.0, 7.7, 8.3, 9.6, 10.9, 8.9]","[25.0, 20.0, 37.0, 53.0, 53.0, 52.0, 51.0, 55.0, 63.0, 63.0, 60.0, 62.0, 74.0, 78.0, 71.0, 120.0, 170.0, 182.0, 188.0, 185.0, 174.0, 163.0, 153.0, 150.0, 154.0, 169.0, 180.0, 193.0, 197.0, 201.0]"
13-11,Cabbage Tree Bay,north,55,2020-06-27,0,6.0,6,2020,"[13.2, 14.2, 15.0, 14.1, 13.0, 14.4, 16.7, 19.0, 19.4, 18.6, 18.6, 18.9, 19.2, 19.9, 13.8, 15.3, 17.7, 20.0, 21.6, 21.6, 21.0, 20.5, 19.8, 18.2, 17.5, 17.1, 18.1, 17.6, 17.0, 17.7]","[163.0, 156.0, 159.0, 167.0, 174.0, 181.0, 187.0, 190.0, 190.0, 189.0, 189.0, 188.0, 185.0, 184.0, 195.0, 204.0, 204.0, 194.0, 184.0, 178.0, 173.0, 170.0, 170.0, 172.0, 172.0, 172.0, 173.0, 180.0, 185.0, 186.0]"
13-11,Cabbage Tree Bay,north,55,2012-09-24,0,6.0,9,2012,"[21.1, 19.0, 15.5, 15.0, 12.3, 18.7, 27.9, 25.8, 25.6, 24.8, 23.5, 21.5, 20.5, 20.5, 22.9, 22.4, 20.3, 17.9, 15.1, 10.9, 7.5, 8.2, 9.7, 10.1, 9.7, 7.4, 8.6, 12.4, 16.3, 18.0]","[25.0, 10.0, 360.0, 349.0, 310.0, 247.0, 219.0, 220.0, 219.0, 213.0, 212.0, 220.0, 231.0, 239.0, 251.0, 246.0, 240.0, 236.0, 232.0, 224.0, 197.0, 157.0, 141.0, 125.0, 121.0, 129.0, 178.0, 188.0, 188.0, 179.0]"
13-11,Cabbage Tree Bay,north,55,2016-04-04,0,6.0,4,2016,"[18.3, 17.0, 10.5, 10.6, 8.2, 7.7, 7.1, 6.2, 6.3, 6.9, 6.0, 5.6, 5.4, 3.7, 3.1, 1.5, 2.2, 4.4, 6.4, 7.2, 9.7, 12.3, 14.5, 15.8, 16.6, 19.0, 21.6, 21.9, 23.1, 23.7]","[100.0, 94.0, 68.0, 66.0, 67.0, 62.0, 66.0, 54.0, 31.0, 6.0, 343.0, 320.0, 307.0, 299.0, 234.0, 225.0, 180.0, 145.0, 137.0, 117.0, 105.0, 95.0, 84.0, 73.0, 63.0, 53.0, 46.0, 41.0, 39.0, 36.0]"
13-12,Cabbage Tree Bay,north,55,2024-01-07,1,17.0,1,2024,"[23.9, 23.8, 20.3, 20.7, 20.5, 18.9, 17.3, 16.4, 16.6, 15.4, 14.7, 12.9, 12.9, 14.4, 14.5, 18.3, 20.9, 23.3, 25.4, 27.1, 29.0, 30.7, 31.7, 31.0, 30.6, 31.1, 31.9, 33.3, 33.7, 30.5]","[59.0, 58.0, 60.0, 55.0, 51.0, 50.0, 45.0, 40.0, 42.0, 37.0, 25.0, 18.0, 23.0, 22.0, 35.0, 36.0, 46.0, 51.0, 52.0, 57.0, 58.0, 56.0, 54.0, 51.0, 48.0, 43.0, 40.0, 38.0, 34.0, 30.0]"
13-12,Cabbage Tree Bay,north,55,2013-02-04,0,17.0,2,2013,"[25.4, 23.1, 21.6, 20.2, 18.8, 18.0, 17.9, 17.3, 17.1, 17.6, 19.5, 20.5, 20.6, 20.8, 18.7, 20.4, 22.0, 23.2, 23.7, 23.5, 24.3, 24.2, 23.8, 23.0, 21.4, 18.7, 15.5, 13.7, 13.3, 13.0]","[187.0, 184.0, 176.0, 178.0, 184.0, 192.0, 199.0, 203.0, 208.0, 211.0, 208.0, 202.0, 199.0, 198.0, 199.0, 188.0, 178.0, 174.0, 171.0, 169.0, 165.0, 162.0, 160.0, 160.0, 160.0, 164.0, 168.0, 175.0, 183.0, 186.0]"
13-12,Cabbage Tree Bay,north,55,2022-11-19,0,17.0,11,2022,"[14.4, 8.9, 5.7, 6.2, 5.8, 5.1, 4.2, 3.2, 3.3, 6.1, 9.2, 8.1, 5.5, 5.3, 4.7, 9.3, 12.7, 17.7, 20.4, 18.9, 22.5, 27.8, 26.9, 25.5, 24.6, 26.0, 28.9, 28.5, 27.9, 27.2]","[138.0, 130.0, 131.0, 159.0, 176.0, 190.0, 198.0, 227.0, 276.0, 298.0, 293.0, 295.0, 314.0, 336.0, 342.0, 40.0, 36.0, 38.0, 39.0, 39.0, 60.0, 58.0, 49.0, 44.0, 39.0, 36.0, 33.0, 26.0, 22.0, 21.0]"
13-12,Cabbage Tree Bay,north,55,2007-08-18,0,17.0,8,2007,"[20.8, 21.8, 19.6, 17.8, 16.2, 14.9, 13.2, 12.1, 12.2, 12.1, 11.8, 11.6, 12.0, 11.4, 7.9, 6.6, 4.8, 5.4, 7.8, 9.7, 10.8, 10.6, 10.6, 11.4, 11.3, 12.4, 6.8, 9.4, 10.6, 9.6]","[252.0, 254.0, 257.0, 263.0, 267.0, 262.0, 259.0, 258.0, 251.0, 247.0, 243.0, 234.0, 224.0, 215.0, 223.0, 221.0, 193.0, 138.0, 124.0, 129.0, 127.0, 125.0, 118.0, 114.0, 112.0, 112.0, 148.0, 157.0, 152.0, 146.0]"
13-13,Cabbage Tree Bay,north,55,2024-02-05,1,17.0,2,2024,"[30.8, 32.6, 30.0, 30.2, 29.5, 27.9, 26.2, 24.1, 22.1, 18.6, 14.0, 7.8, 5.4, 4.2, 2.7, 2.6, 2.9, 7.1, 11.0, 12.8, 15.0, 15.6, 14.5, 13.0, 15.6, 16.3, 11.0, 14.1, 18.2, 15.7]","[43.0, 38.0, 33.0, 31.0, 27.0, 24.0, 21.0, 20.0, 19.0, 15.0, 1.0, 347.0, 318.0, 340.0, 293.0, 74.0, 97.0, 114.0, 122.0, 130.0, 136.0, 140.0, 132.0, 136.0, 140.0, 139.0, 157.0, 184.0, 188.0, 189.0]"
13-13,Cabbage Tree Bay,north,55,2006-03-18,0,17.0,3,2006,"[21.1, 20.5, 16.0, 13.5, 13.2, 13.2, 12.9, 13.1, 13.8, 14.2, 15.6, 16.0, 16.8, 17.8, 19.7, 20.5, 20.8, 21.4, 22.4, 22.5, 22.1, 21.3, 20.3, 19.3, 19.1, 18.3, 14.5, 15.3, 17.0, 18.0]","[104.0, 100.0, 76.0, 65.0, 68.0, 73.0, 77.0, 82.0, 84.0, 83.0, 83.0, 81.0, 81.0, 82.0, 75.0, 72.0, 72.0, 73.0, 75.0, 74.0, 71.0, 71.0, 70.0, 69.0, 68.0, 68.0, 67.0, 71.0, 69.0, 64.0]"
13-13,Cabbage Tree Bay,north,55,2016-04-13,0,17.0,4,2016,"[21.5, 20.7, 16.0, 15.5, 15.5, 16.2, 17.3, 18.0, 17.7, 17.2, 17.1, 16.6, 16.6, 16.6, 11.2, 11.2, 12.9, 13.8, 14.6, 15.3, 15.3, 15.6, 15.1, 14.5, 13.6, 13.2, 12.2, 11.2, 11.9, 12.3]","[157.0, 157.0, 157.0, 162.0, 167.0, 168.0, 168.0, 168.0, 168.0, 170.0, 173.0, 178.0, 180.0, 180.0, 174.0, 174.0, 157.0, 147.0, 142.0, 141.0, 135.0, 128.0, 123.0, 117.0, 107.0, 101.0, 92.0, 90.0, 90.0, 83.0]"
13-13,Cabbage Tree Bay,north,55,2019-12-10,0,17.0,12,2019,"[32.4, 30.6, 25.0, 20.5, 16.6, 13.9, 12.1, 11.3, 11.6, 11.6, 11.8, 12.3, 11.6, 10.1, 6.3, 7.3, 7.2, 8.6, 11.7, 14.0, 26.7, 32.6, 31.6, 33.9, 33.8, 32.8, 34.9, 32.4, 33.6, 34.6]","[49.0, 44.0, 40.0, 34.0, 30.0, 25.0, 27.0, 31.0, 30.0, 22.0, 12.0, 3.0, 355.0, 354.0, 336.0, 11.0, 37.0, 68.0, 72.0, 102.0, 153.0, 162.0, 168.0, 178.0, 181.0, 180.0, 182.0, 183.0, 185.0, 184.0]"
13-14,Cabbage Tree Bay,north,55,2024-10-14,1,8.0,10,2024,"[27.1, 28.3, 22.4, 23.8, 25.0, 24.9, 22.7, 20.2, 17.5, 15.4, 13.9, 14.1, 14.7, 14.5, 8.4, 7.2, 8.9, 9.5, 10.6, 6.5, 5.2, 5.1, 10.7, 16.2, 18.4, 17.5, 17.5, 15.8, 15.5, 18.4]","[51.0, 48.0, 40.0, 35.0, 30.0, 25.0, 17.0, 8.0, 359.0, 355.0, 356.0, 353.0, 346.0, 340.0, 320.0, 347.0, 354.0, 360.0, 23.0, 354.0, 311.0, 228.0, 164.0, 150.0, 154.0, 172.0, 204.0, 209.0, 211.0, 207.0]"
13-14,Cabbage Tree Bay,north,55,2018-08-20,0,8.0,8,2018,"[36.9, 37.1, 34.3, 35.3, 35.4, 33.9, 33.3, 34.0, 35.3, 35.9, 35.5, 35.7, 37.1, 36.4, 26.6, 27.8, 29.9, 28.8, 26.0, 23.8, 21.2, 18.9, 17.3, 16.2, 13.7, 10.5, 4.7, 6.5, 12.8, 16.8]","[245.0, 238.0, 245.0, 240.0, 235.0, 237.0, 239.0, 238.0, 238.0, 237.0, 235.0, 233.0, 230.0, 226.0, 230.0, 223.0, 211.0, 206.0, 204.0, 200.0, 195.0, 188.0, 179.0, 168.0, 162.0, 164.0, 176.0, 270.0, 286.0, 293.0]"
13-14,Cabbage Tree Bay,north,55,2008-03-31,0,8.0,3,2008,"[9.9, 12.0, 13.4, 14.9, 15.2, 14.7, 14.1, 13.4, 13.2, 12.8, 12.9, 13.2, 13.9, 14.8, 13.4, 13.0, 13.5, 13.0, 13.4, 12.9, 12.3, 12.1, 11.2, 6.7, 4.9, 6.0, 12.9, 15.7, 15.6, 14.6]","[327.0, 291.0, 275.0, 263.0, 256.0, 259.0, 267.0, 276.0, 281.0, 286.0, 293.0, 299.0, 307.0, 309.0, 306.0, 316.0, 316.0, 309.0, 290.0, 283.0, 267.0, 253.0, 249.0, 254.0, 287.0, 295.0, 247.0, 238.0, 241.0, 254.0]"
13-14,Cabbage Tree Bay,north,55,2007-08-24,0,8.0,8,2007,"[18.4, 18.0, 15.5, 17.0, 19.1, 20.7, 21.6, 20.9, 18.9, 18.0, 16.9, 16.3, 16.2, 15.0, 8.0, 8.2, 10.5, 12.8, 12.9, 13.8, 14.9, 15.7, 16.3, 16.5, 15.6, 14.5, 13.6, 13.6, 12.4, 10.0]","[87.0, 87.0, 89.0, 95.0, 89.0, 83.0, 75.0, 71.0, 72.0, 74.0, 70.0, 68.0, 69.0, 73.0, 72.0, 75.0, 82.0, 79.0, 72.0, 70.0, 70.0, 70.0, 68.0, 67.0, 64.0, 63.0, 58.0, 53.0, 36.0, 30.0]"
13-15,Cabbage Tree Bay,north,55,2024-10-18,1,15.0,10,2024,"[22.9, 22.9, 19.0, 21.3, 21.3, 22.7, 24.2, 22.7, 21.6, 20.0, 18.3, 15.5, 17.7, 18.6, 15.5, 15.0, 16.1, 17.9, 22.4, 24.4, 23.2, 24.7, 23.9, 23.0, 21.0, 19.1, 6.7, 15.0, 14.9, 17.1]","[51.0, 44.0, 33.0, 29.0, 24.0, 21.0, 20.0, 13.0, 8.0, 4.0, 353.0, 359.0, 5.0, 354.0, 331.0, 357.0, 354.0, 357.0, 22.0, 26.0, 16.0, 20.0, 23.0, 28.0, 15.0, 357.0, 46.0, 11.0, 339.0, 321.0]"
13-15,Cabbage Tree Bay,north,55,2018-01-24,0,15.0,1,2018,"[26.3, 25.2, 15.0, 14.2, 16.5, 15.6, 8.4, 10.8, 12.9, 11.4, 9.3, 6.9, 6.3, 8.4, 3.9, 10.5, 12.5, 14.3, 16.3, 18.7, 21.9, 21.1, 20.4, 22.2, 20.6, 21.4, 23.1, 26.5, 24.0, 23.0]","[36.0, 37.0, 17.0, 27.0, 44.0, 38.0, 50.0, 75.0, 72.0, 66.0, 54.0, 39.0, 24.0, 25.0, 34.0, 38.0, 41.0, 62.0, 72.0, 74.0, 70.0, 67.0, 73.0, 70.0, 65.0, 65.0, 59.0, 48.0, 41.0, 41.0]"
13-15,Cabbage Tree Bay,north,55,2010-10-14,0,15.0,10,2010,"[18.5, 15.7, 18.1, 21.0, 19.9, 18.4, 19.6, 21.0, 19.9, 19.2, 20.0, 21.2, 21.2, 21.3, 23.3, 20.8, 15.8, 9.5, 6.2, 7.7, 11.5, 13.0, 17.6, 20.0, 21.0, 21.4, 25.1, 22.9, 22.0, 22.0]","[24.0, 20.0, 21.0, 7.0, 5.0, 4.0, 7.0, 5.0, 354.0, 347.0, 342.0, 339.0, 342.0, 341.0, 338.0, 337.0, 330.0, 335.0, 7.0, 41.0, 51.0, 51.0, 62.0, 62.0, 55.0, 42.0, 21.0, 7.0, 357.0, 350.0]"
13-15,Cabbage Tree Bay,north,55,2017-05-08,0,15.0,5,2017,"[15.8, 15.8, 12.9, 10.2, 6.1, 3.8, 6.4, 11.6, 14.9, 16.0, 15.1, 14.4, 14.8, 15.8, 15.7, 16.0, 16.3, 16.7, 17.3, 18.4, 17.5, 17.9, 18.9, 18.8, 19.9, 20.2, 16.4, 14.9, 14.7, 16.3]","[125.0, 111.0, 120.0, 122.0, 135.0, 197.0, 227.0, 240.0, 238.0, 234.0, 237.0, 238.0, 231.0, 225.0, 217.0, 211.0, 205.0, 194.0, 182.0, 176.0, 172.0, 171.0, 171.0, 173.0, 175.0, 177.0, 189.0, 188.0, 197.0, 202.0]"
13-16,Cabbage Tree Bay,north,55,2024-10-26,1,10.0,10,2024,"[30.6, 30.4, 27.5, 25.7, 24.8, 25.3, 27.6, 30.2, 31.2, 29.6, 27.9, 26.0, 24.0, 22.8, 19.5, 18.2, 15.3, 14.1, 15.2, 16.1, 17.2, 20.3, 21.8, 21.6, 19.6, 16.1, 7.8, 6.5, 6.9, 5.6]","[163.0, 168.0, 169.0, 173.0, 181.0, 186.0, 187.0, 188.0, 190.0, 190.0, 191.0, 194.0, 197.0, 199.0, 198.0, 198.0, 193.0, 182.0, 173.0, 164.0, 152.0, 140.0, 135.0, 134.0, 134.0, 127.0, 122.0, 98.0, 75.0, 40.0]"
13-16,Cabbage Tree Bay,north,55,2011-12-14,0,10.0,12,2011,"[22.3, 22.0, 26.0, 27.9, 28.8, 28.6, 29.7, 29.5, 28.6, 27.6, 26.6, 26.3, 25.7, 28.3, 26.2, 27.2, 26.7, 27.4, 27.1, 27.3, 27.7, 28.0, 26.5, 25.1, 25.1, 24.2, 21.3, 19.9, 18.9, 17.3]","[183.0, 191.0, 183.0, 187.0, 189.0, 191.0, 194.0, 196.0, 197.0, 197.0, 199.0, 199.0, 198.0, 192.0, 188.0, 188.0, 184.0, 180.0, 175.0, 172.0, 167.0, 162.0, 162.0, 159.0, 159.0, 162.0, 161.0, 160.0, 159.0, 163.0]"
13-16,Cabbage Tree Bay,north,55,2008-12-22,0,10.0,12,2008,"[20.9, 20.1, 18.1, 18.4, 17.4, 16.6, 16.9, 16.5, 16.3, 15.3, 13.7, 12.3, 12.8, 14.9, 13.9, 18.0, 21.4, 24.5, 26.5, 27.6, 30.6, 33.6, 33.9, 33.2, 32.4, 31.6, 27.0, 27.0, 26.6, 24.9]","[69.0, 66.0, 59.0, 55.0, 50.0, 42.0, 38.0, 32.0, 28.0, 27.0, 14.0, 5.0, 10.0, 20.0, 21.0, 33.0, 42.0, 47.0, 48.0, 49.0, 53.0, 55.0, 53.0, 50.0, 47.0, 42.0, 34.0, 31.0, 27.0, 20.0]"
13-16,Cabbage Tree Bay,north,55,2013-10-31,0,10.0,10,2013,"[17.1, 14.8, 10.5, 8.1, 7.1, 5.5, 4.7, 3.7, 2.6, 1.9, 0.4, 2.5, 1.8, 1.1, 4.0, 3.1, 7.9, 12.7, 15.1, 19.5, 23.8, 26.0, 24.2, 23.3, 21.6, 16.7, 13.7, 15.5, 17.5, 18.3]","[98.0, 94.0, 74.0, 69.0, 66.0, 67.0, 81.0, 79.0, 56.0, 22.0, 360.0, 188.0, 191.0, 360.0, 275.0, 45.0, 74.0, 83.0, 89.0, 92.0, 89.0, 86.0, 95.0, 112.0, 118.0, 123.0, 145.0, 149.0, 148.0, 148.0]"
13-17,Cabbage Tree Bay,north,55,2024-11-16,1,16.0,11,2024,"[21.9, 22.1, 18.8, 20.0, 21.0, 21.3, 21.3, 21.2, 19.5, 16.5, 15.4, 14.9, 16.8, 19.9, 19.8, 20.9, 22.5, 24.4, 25.8, 27.1, 28.5, 29.9, 31.2, 32.3, 31.7, 33.8, 27.4, 25.6, 23.9, 25.2]","[65.0, 65.0, 63.0, 66.0, 63.0, 58.0, 56.0, 53.0, 50.0, 52.0, 55.0, 62.0, 63.0, 60.0, 54.0, 54.0, 55.0, 56.0, 58.0, 59.0, 58.0, 56.0, 54.0, 50.0, 50.0, 48.0, 42.0, 40.0, 38.0, 35.0]"
13-17,Cabbage Tree Bay,north,55,2025-10-25,0,16.0,10,2025,"[21.8, 18.7, 14.9, 13.2, 12.3, 9.9, 8.9, 6.1, 4.6, 2.4, 1.9, 3.4, 6.8, 9.8, 11.0, 13.0, 10.9, 9.4, 10.9, 13.4, 17.0, 20.9, 23.3, 22.0, 22.3, 22.2, 14.9, 15.1, 17.1, 18.6]","[146.0, 151.0, 169.0, 165.0, 159.0, 158.0, 159.0, 178.0, 211.0, 207.0, 73.0, 354.0, 331.0, 347.0, 346.0, 358.0, 351.0, 1.0, 13.0, 24.0, 36.0, 38.0, 34.0, 33.0, 31.0, 24.0, 17.0, 12.0, 4.0, 3.0]"
13-17,Cabbage Tree Bay,north,55,2007-07-18,0,16.0,7,2007,"[23.4, 27.0, 28.8, 28.9, 29.7, 29.4, 29.0, 27.6, 28.5, 32.0, 33.0, 33.1, 32.3, 32.6, 29.1, 29.4, 29.8, 29.1, 29.5, 30.6, 30.4, 30.4, 31.1, 32.4, 32.2, 31.3, 32.6, 32.9, 33.8, 33.7]","[315.0, 323.0, 323.0, 324.0, 324.0, 320.0, 313.0, 303.0, 295.0, 284.0, 276.0, 269.0, 263.0, 260.0, 262.0, 258.0, 255.0, 252.0, 250.0, 249.0, 246.0, 246.0, 246.0, 246.0, 248.0, 253.0, 250.0, 247.0, 245.0, 245.0]"
13-17,Cabbage Tree Bay,north,55,2025-10-11,0,16.0,10,2025,"[13.1, 16.2, 18.3, 16.2, 17.2, 18.4, 19.0, 18.1, 17.0, 15.8, 15.7, 16.7, 17.6, 16.5, 12.6, 11.4, 10.2, 7.5, 7.5, 7.3, 6.5, 6.0, 6.5, 6.9, 8.1, 10.3, 18.4, 13.3, 10.2, 11.5]","[331.0, 313.0, 310.0, 331.0, 339.0, 333.0, 323.0, 316.0, 310.0, 308.0, 310.0, 307.0, 303.0, 301.0, 314.0, 323.0, 328.0, 349.0, 15.0, 30.0, 32.0, 17.0, 355.0, 345.0, 328.0, 310.0, 286.0, 283.0, 302.0, 312.0]"
13-18,Cabbage Tree Bay,north,55,2025-01-05,1,9.0,1,2025,"[26.0, 27.9, 25.6, 24.4, 21.7, 20.6, 20.1, 20.0, 18.2, 15.7, 15.2, 16.5, 17.6, 17.1, 14.8, 12.0, 8.1, 13.2, 17.8, 19.2, 21.1, 24.7, 23.8, 16.1, 16.7, 19.5, 6.0, 5.6, 6.1, 11.0]","[46.0, 42.0, 39.0, 34.0, 26.0, 18.0, 15.0, 13.0, 9.0, 9.0, 14.0, 22.0, 23.0, 18.0, 18.0, 13.0, 35.0, 64.0, 59.0, 58.0, 58.0, 59.0, 59.0, 48.0, 37.0, 40.0, 33.0, 356.0, 23.0, 30.0]"
13-18,Cabbage Tree Bay,north,55,2011-06-26,0,9.0,6,2011,"[7.4, 9.5, 10.2, 11.2, 13.4, 14.7, 15.8, 16.5, 16.6, 16.1, 15.9, 16.1, 16.0, 16.4, 18.1, 16.4, 15.7, 15.4, 14.6, 14.9, 13.9, 12.6, 10.2, 11.0, 12.7, 13.0, 13.9, 11.9, 10.1, 10.1]","[47.0, 29.0, 10.0, 360.0, 355.0, 343.0, 330.0, 324.0, 321.0, 320.0, 322.0, 326.0, 324.0, 320.0, 314.0, 308.0, 307.0, 307.0, 308.0, 307.0, 307.0, 307.0, 312.0, 319.0, 317.0, 312.0, 301.0, 295.0, 287.0, 287.0]"
13-18,Cabbage Tree Bay,north,55,2014-04-17,0,9.0,4,2014,"[24.1, 24.1, 21.7, 20.5, 19.0, 19.4, 20.2, 20.4, 20.1, 20.2, 20.2, 20.0, 19.6, 19.6, 18.1, 19.3, 21.7, 23.2, 23.7, 23.1, 23.0, 23.5, 24.5, 24.5, 24.5, 23.0, 20.0, 16.9, 15.6, 15.8]","[182.0, 183.0, 191.0, 198.0, 205.0, 211.0, 219.0, 222.0, 226.0, 230.0, 231.0, 231.0, 229.0, 226.0, 224.0, 217.0, 204.0, 196.0, 193.0, 191.0, 189.0, 185.0, 181.0, 178.0, 178.0, 180.0, 188.0, 196.0, 209.0, 221.0]"
13-18,Cabbage Tree Bay,north,55,2012-05-24,0,9.0,5,2012,"[20.6, 21.3, 22.1, 21.3, 20.5, 20.1, 19.0, 17.9, 16.4, 16.1, 15.3, 13.7, 14.0, 14.7, 14.6, 14.3, 14.3, 19.1, 23.2, 18.1, 12.2, 9.4, 6.8, 6.9, 10.1, 13.4, 8.9, 5.4, 11.7, 21.3]","[6.0, 354.0, 348.0, 344.0, 342.0, 339.0, 335.0, 332.0, 331.0, 331.0, 330.0, 333.0, 337.0, 335.0, 322.0, 313.0, 309.0, 317.0, 312.0, 311.0, 313.0, 317.0, 335.0, 354.0, 27.0, 27.0, 346.0, 356.0, 9.0, 11.0]"
13-19,Cabbage Tree Bay,north,55,2025-01-13,1,15.0,1,2025,"[22.1, 25.2, 22.1, 15.8, 14.9, 12.4, 12.7, 11.8, 10.2, 8.6, 12.4, 14.3, 15.9, 14.4, 5.8, 4.6, 6.9, 7.8, 9.7, 12.5, 15.9, 18.1, 19.6, 20.3, 21.2, 21.5, 19.7, 16.0, 13.7, 13.0]","[45.0, 37.0, 29.0, 32.0, 43.0, 42.0, 32.0, 24.0, 21.0, 23.0, 28.0, 24.0, 23.0, 15.0, 346.0, 21.0, 30.0, 46.0, 63.0, 72.0, 74.0, 70.0, 64.0, 58.0, 52.0, 45.0, 35.0, 38.0, 38.0, 34.0]"
13-19,Cabbage Tree Bay,north,55,2009-07-17,0,15.0,7,2009,"[28.8, 29.5, 29.4, 30.6, 33.2, 34.4, 36.2, 37.9, 38.0, 36.8, 35.8, 34.8, 33.0, 32.0, 29.8, 28.5, 28.7, 31.8, 31.7, 31.3, 30.8, 29.0, 26.3, 24.1, 23.0, 22.6, 19.0, 18.1, 16.5, 14.2]","[204.0, 208.0, 216.0, 221.0, 220.0, 214.0, 205.0, 204.0, 202.0, 200.0, 201.0, 201.0, 202.0, 206.0, 207.0, 206.0, 205.0, 202.0, 199.0, 197.0, 196.0, 194.0, 197.0, 202.0, 205.0, 202.0, 207.0, 197.0, 196.0, 201.0]"
13-19,Cabbage Tree Bay,north,55,2015-10-31,0,15.0,10,2015,"[24.7, 24.0, 22.0, 21.9, 21.6, 20.2, 18.5, 17.1, 15.9, 14.3, 13.4, 14.1, 14.8, 17.7, 15.4, 16.2, 18.7, 19.6, 21.2, 22.5, 23.2, 25.3, 24.9, 22.6, 22.5, 20.2, 20.5, 21.7, 20.4, 18.3]","[47.0, 43.0, 38.0, 36.0, 33.0, 31.0, 29.0, 28.0, 25.0, 28.0, 31.0, 32.0, 34.0, 33.0, 33.0, 32.0, 34.0, 43.0, 48.0, 49.0, 47.0, 40.0, 37.0, 37.0, 35.0, 31.0, 39.0, 29.0, 17.0, 16.0]"
13-19,Cabbage Tree Bay,north,55,2024-09-27,0,15.0,9,2024,"[30.3, 30.3, 25.7, 26.8, 30.1, 33.2, 36.0, 38.2, 37.2, 35.3, 33.4, 32.2, 32.3, 32.5, 27.6, 28.9, 30.1, 30.5, 29.8, 29.3, 28.5, 28.7, 27.6, 26.9, 25.5, 25.1, 22.6, 22.2, 21.6, 21.7]","[166.0, 163.0, 150.0, 151.0, 154.0, 159.0, 158.0, 155.0, 154.0, 152.0, 150.0, 146.0, 145.0, 144.0, 146.0, 145.0, 143.0, 139.0, 135.0, 134.0, 136.0, 137.0, 137.0, 137.0, 136.0, 132.0, 121.0, 121.0, 122.0, 119.0]"
13-20,Cabbage Tree Bay,north,55,2025-02-07,1,15.0,2,2025,"[16.4, 16.7, 11.7, 12.7, 12.3, 12.9, 12.9, 13.0, 13.2, 13.3, 12.3, 12.0, 10.9, 11.0, 11.9, 15.2, 17.0, 18.9, 20.5, 22.2, 24.2, 26.4, 28.4, 29.4, 29.8, 29.9, 27.0, 27.6, 27.0, 24.1]","[61.0, 46.0, 45.0, 33.0, 25.0, 20.0, 16.0, 14.0, 11.0, 8.0, 6.0, 9.0, 9.0, 5.0, 18.0, 24.0, 31.0, 40.0, 47.0, 53.0, 56.0, 56.0, 53.0, 50.0, 46.0, 43.0, 39.0, 37.0, 34.0, 28.0]"
13-20,Cabbage Tree Bay,north,55,2018-03-11,0,15.0,3,2018,"[16.2, 14.9, 12.2, 10.6, 9.8, 9.4, 6.9, 3.9, 2.5, 3.2, 5.8, 7.2, 7.9, 8.7, 11.2, 10.9, 7.1, 4.3, 6.0, 9.6, 13.2, 16.1, 17.7, 18.7, 19.1, 19.7, 15.9, 16.3, 15.9, 16.1]","[87.0, 83.0, 76.0, 72.0, 66.0, 58.0, 47.0, 34.0, 352.0, 297.0, 274.0, 270.0, 267.0, 265.0, 255.0, 264.0, 285.0, 336.0, 33.0, 56.0, 64.0, 63.0, 57.0, 50.0, 44.0, 40.0, 38.0, 31.0, 18.0, 10.0]"
13-20,Cabbage Tree Bay,north,55,2021-10-19,0,15.0,10,2021,"[20.5, 18.1, 9.2, 1.8, 5.4, 6.6, 5.2, 5.4, 7.0, 9.5, 10.2, 8.2, 5.1, 2.3, 4.3, 2.2, 4.7, 5.3, 20.7, 34.4, 33.9, 38.6, 40.8, 38.1, 34.2, 31.9, 26.0, 25.3, 22.6, 19.0]","[56.0, 46.0, 42.0, 53.0, 217.0, 221.0, 236.0, 262.0, 282.0, 279.0, 262.0, 241.0, 225.0, 198.0, 228.0, 180.0, 86.0, 118.0, 172.0, 175.0, 171.0, 177.0, 184.0, 190.0, 192.0, 191.0, 194.0, 200.0, 205.0, 207.0]"
13-20,Cabbage Tree Bay,north,55,2012-10-15,0,15.0,10,2012,"[16.4, 16.4, 14.8, 14.3, 14.4, 15.3, 15.4, 15.1, 14.5, 13.7, 13.7, 13.4, 13.5, 13.2, 11.3, 10.7, 8.6, 7.6, 9.4, 12.2, 15.1, 18.9, 21.7, 22.0, 21.2, 20.3, 16.0, 16.2, 16.5, 16.8]","[71.0, 57.0, 47.0, 28.0, 3.0, 345.0, 339.0, 335.0, 330.0, 330.0, 333.0, 333.0, 331.0, 331.0, 323.0, 327.0, 338.0, 3.0, 32.0, 47.0, 52.0, 51.0, 47.0, 40.0, 32.0, 20.0, 8.0, 360.0, 350.0, 345.0]"
13-21,Cabbage Tree Bay,north,55,2025-12-30,1,17.0,12,2025,"[14.7, 13.4, 11.5, 11.5, 9.7, 9.2, 8.8, 9.9, 9.5, 8.1, 6.5, 7.2, 8.2, 5.9, 4.1, 3.1, 2.6, 8.3, 12.5, 15.7, 18.3, 19.0, 19.4, 19.2, 18.0, 15.4, 8.6, 6.6, 5.9, 6.8]","[127.0, 130.0, 146.0, 151.0, 152.0, 159.0, 179.0, 196.0, 199.0, 197.0, 210.0, 235.0, 244.0, 243.0, 293.0, 260.0, 129.0, 92.0, 86.0, 84.0, 84.0, 85.0, 83.0, 80.0, 76.0, 72.0, 70.0, 69.0, 67.0, 68.0]"
13-21,Cabbage Tree Bay,north,55,2019-09-23,0,17.0,9,2019,"[19.5, 17.2, 7.9, 7.9, 10.2, 10.5, 11.2, 12.7, 13.7, 15.0, 15.0, 14.0, 13.5, 12.6, 9.7, 9.0, 9.4, 10.1, 11.1, 10.2, 11.9, 12.9, 14.8, 15.5, 12.2, 14.7, 17.0, 17.7, 18.3, 19.3]","[109.0, 119.0, 137.0, 196.0, 203.0, 202.0, 213.0, 223.0, 225.0, 224.0, 228.0, 235.0, 245.0, 257.0, 270.0, 286.0, 272.0, 264.0, 245.0, 198.0, 166.0, 162.0, 177.0, 184.0, 204.0, 239.0, 234.0, 241.0, 238.0, 233.0]"
13-21,Cabbage Tree Bay,north,55,2024-02-21,0,17.0,2,2024,"[18.9, 19.5, 12.3, 12.5, 14.7, 16.9, 17.4, 17.3, 16.6, 13.0, 9.7, 8.8, 7.6, 7.5, 7.6, 9.5, 11.9, 13.4, 14.2, 15.9, 17.1, 15.8, 14.4, 12.3, 11.6, 11.5, 4.7, 1.8, 4.3, 6.6]","[141.0, 128.0, 140.0, 131.0, 121.0, 110.0, 96.0, 94.0, 91.0, 84.0, 92.0, 99.0, 109.0, 125.0, 183.0, 189.0, 194.0, 188.0, 173.0, 162.0, 155.0, 139.0, 122.0, 122.0, 112.0, 104.0, 99.0, 169.0, 222.0, 193.0]"
13-21,Cabbage Tree Bay,north,55,2020-09-06,0,17.0,9,2020,"[18.1, 16.8, 12.7, 11.0, 11.5, 12.6, 12.6, 11.8, 11.5, 10.7, 10.2, 10.2, 10.2, 10.4, 10.4, 10.7, 13.1, 13.7, 14.8, 15.8, 16.6, 17.1, 17.6, 17.7, 17.7, 17.9, 18.6, 18.8, 18.3, 16.8]","[125.0, 133.0, 145.0, 161.0, 166.0, 160.0, 156.0, 153.0, 148.0, 147.0, 148.0, 148.0, 148.0, 146.0, 124.0, 110.0, 99.0, 95.0, 91.0, 89.0, 85.0, 82.0, 79.0, 78.0, 77.0, 75.0, 68.0, 61.0, 54.0, 47.0]"
13-22,Cabbage Tree Bay,north,55,2026-05-03,1,9.0,5,2026,"[26.6, 27.8, 22.3, 21.9, 21.3, 21.5, 22.1, 21.8, 21.5, 20.6, 21.0, 22.4, 22.7, 23.0, 20.6, 21.3, 22.2, 21.8, 20.8, 20.6, 21.1, 22.4, 24.1, 25.3, 27.3, 30.0, 27.9, 26.9, 24.9, 23.1]","[51.0, 47.0, 41.0, 36.0, 34.0, 35.0, 35.0, 32.0, 30.0, 27.0, 27.0, 26.0, 23.0, 21.0, 21.0, 24.0, 24.0, 23.0, 25.0, 31.0, 39.0, 44.0, 45.0, 44.0, 40.0, 35.0, 34.0, 30.0, 23.0, 19.0]"
13-22,Cabbage Tree Bay,north,55,2017-11-14,0,9.0,11,2017,"[20.0, 18.1, 13.8, 12.3, 12.3, 12.0, 10.9, 9.7, 9.2, 7.2, 5.7, 5.5, 5.7, 6.8, 9.4, 10.9, 13.5, 14.8, 19.5, 21.7, 21.8, 22.0, 23.3, 24.5, 24.1, 22.6, 16.4, 14.8, 15.1, 13.5]","[83.0, 77.0, 84.0, 87.0, 87.0, 83.0, 81.0, 75.0, 79.0, 90.0, 108.0, 122.0, 125.0, 108.0, 133.0, 107.0, 99.0, 93.0, 88.0, 85.0, 82.0, 80.0, 77.0, 73.0, 70.0, 65.0, 61.0, 56.0, 50.0, 42.0]"
13-22,Cabbage Tree Bay,north,55,2006-03-06,0,9.0,3,2006,"[15.6, 12.9, 12.1, 13.1, 12.9, 13.4, 14.1, 14.6, 14.8, 14.8, 14.8, 14.6, 14.5, 15.5, 14.6, 13.5, 12.2, 9.9, 6.6, 4.9, 6.9, 7.7, 9.8, 14.9, 11.2, 5.4, 25.1, 30.0, 27.8, 21.8]","[75.0, 67.0, 53.0, 37.0, 23.0, 6.0, 354.0, 344.0, 331.0, 319.0, 317.0, 322.0, 330.0, 342.0, 327.0, 326.0, 317.0, 314.0, 319.0, 17.0, 39.0, 37.0, 36.0, 32.0, 33.0, 127.0, 167.0, 166.0, 170.0, 171.0]"
13-22,Cabbage Tree Bay,north,55,2020-12-30,0,9.0,12,2020,"[22.1, 20.1, 19.5, 18.8, 18.8, 20.1, 21.2, 22.9, 23.3, 25.4, 26.9, 27.4, 26.9, 27.0, 22.2, 22.7, 22.2, 20.6, 18.9, 18.6, 19.2, 18.7, 18.4, 19.1, 18.2, 16.9, 15.2, 16.0, 15.9, 14.5]","[173.0, 171.0, 184.0, 177.0, 163.0, 153.0, 148.0, 150.0, 158.0, 162.0, 160.0, 155.0, 150.0, 149.0, 137.0, 138.0, 137.0, 134.0, 132.0, 131.0, 130.0, 128.0, 129.0, 131.0, 129.0, 130.0, 126.0, 126.0, 123.0, 125.0]"
14-0,Shelly Beach,north,20,2011-12-18,1,12.0,12,2011,"[12.7, 9.8, 7.3, 6.8, 6.8, 7.0, 6.9, 4.4, 3.7, 4.7, 3.2, 1.8, 1.8, 2.6, 4.7, 11.3, 13.4, 14.0, 13.5, 13.2, 15.3, 17.3, 17.9, 18.8, 18.1, 16.6, 14.8, 14.0, 13.0, 12.3]","[83.0, 84.0, 81.0, 72.0, 65.0, 78.0, 51.0, 351.0, 331.0, 302.0, 270.0, 270.0, 307.0, 344.0, 356.0, 22.0, 31.0, 42.0, 42.0, 47.0, 56.0, 59.0, 60.0, 61.0, 59.0, 56.0, 47.0, 48.0, 48.0, 40.0]"
14-0,Shelly Beach,north,20,2024-05-12,0,12.0,5,2024,"[3.3, 4.1, 5.9, 6.4, 4.9, 4.0, 4.8, 6.6, 9.4, 11.5, 10.0, 8.7, 8.7, 9.2, 9.0, 10.2, 10.2, 7.6, 5.9, 6.0, 7.1, 9.0, 9.8, 7.6, 9.3, 11.5, 10.3, 12.1, 14.5, 14.9]","[131.0, 128.0, 223.0, 232.0, 234.0, 243.0, 257.0, 248.0, 223.0, 200.0, 201.0, 210.0, 228.0, 228.0, 247.0, 222.0, 203.0, 205.0, 232.0, 245.0, 229.0, 209.0, 204.0, 225.0, 234.0, 231.0, 258.0, 253.0, 247.0, 233.0]"
14-0,Shelly Beach,north,20,2018-06-14,0,12.0,6,2018,"[9.0, 9.2, 9.2, 8.9, 8.9, 8.7, 8.8, 8.5, 8.1, 8.7, 9.2, 9.2, 9.2, 10.1, 10.5, 9.4, 10.2, 11.9, 13.0, 13.9, 14.5, 14.9, 11.9, 9.5, 8.7, 9.2, 9.7, 9.9, 10.1, 10.5]","[293.0, 301.0, 315.0, 317.0, 317.0, 322.0, 325.0, 324.0, 315.0, 315.0, 315.0, 315.0, 321.0, 325.0, 311.0, 313.0, 318.0, 305.0, 298.0, 291.0, 284.0, 277.0, 272.0, 279.0, 294.0, 312.0, 321.0, 327.0, 325.0, 329.0]"
14-0,Shelly Beach,north,20,2012-09-19,0,12.0,9,2012,"[10.9, 9.8, 4.9, 6.2, 5.9, 7.6, 7.2, 6.2, 5.4, 5.0, 4.6, 5.2, 6.1, 6.1, 4.9, 6.0, 10.0, 10.5, 10.0, 8.2, 8.8, 12.8, 14.0, 11.8, 7.4, 6.2, 1.5, 3.3, 3.9, 4.7]","[84.0, 66.0, 287.0, 280.0, 281.0, 278.0, 276.0, 277.0, 290.0, 300.0, 288.0, 286.0, 273.0, 270.0, 253.0, 245.0, 249.0, 248.0, 240.0, 209.0, 161.0, 130.0, 119.0, 113.0, 113.0, 126.0, 166.0, 167.0, 214.0, 247.0]"
14-1,Shelly Beach,north,20,2015-10-04,1,7.0,10,2015,"[5.1, 6.2, 9.4, 9.6, 9.4, 9.5, 9.7, 8.9, 9.2, 9.8, 9.8, 9.7, 10.9, 12.5, 12.6, 12.6, 12.7, 13.4, 16.9, 19.8, 19.9, 18.5, 16.2, 10.5, 8.1, 8.9, 10.0, 10.4, 9.2, 8.0]","[39.0, 7.0, 313.0, 290.0, 288.0, 295.0, 301.0, 310.0, 318.0, 324.0, 324.0, 321.0, 326.0, 327.0, 333.0, 323.0, 313.0, 301.0, 281.0, 269.0, 264.0, 263.0, 266.0, 274.0, 291.0, 297.0, 311.0, 304.0, 296.0, 278.0]"
14-1,Shelly Beach,north,20,2020-11-23,0,7.0,11,2020,"[6.4, 7.9, 9.0, 10.5, 9.7, 8.7, 7.9, 7.1, 4.0, 5.1, 7.6, 5.8, 5.9, 7.2, 8.2, 12.0, 16.7, 18.6, 15.9, 14.6, 12.4, 10.8, 10.6, 13.5, 13.2, 12.9, 16.6, 14.0, 9.0, 6.7]","[43.0, 30.0, 331.0, 311.0, 318.0, 322.0, 317.0, 300.0, 260.0, 274.0, 262.0, 274.0, 313.0, 342.0, 311.0, 319.0, 307.0, 288.0, 298.0, 308.0, 292.0, 300.0, 305.0, 295.0, 287.0, 243.0, 184.0, 180.0, 196.0, 196.0]"
14-1,Shelly Beach,north,20,2008-04-28,0,7.0,4,2008,"[19.0, 22.0, 21.8, 22.8, 18.2, 14.9, 16.1, 17.3, 19.2, 20.4, 19.8, 17.4, 14.1, 12.5, 10.1, 14.7, 18.0, 18.4, 19.5, 22.0, 23.2, 23.8, 22.3, 21.3, 21.2, 20.5, 22.7, 22.0, 20.1, 19.2]","[331.0, 310.0, 292.0, 282.0, 284.0, 290.0, 290.0, 293.0, 300.0, 302.0, 299.0, 292.0, 285.0, 282.0, 287.0, 281.0, 272.0, 268.0, 265.0, 265.0, 264.0, 266.0, 269.0, 272.0, 270.0, 268.0, 267.0, 260.0, 255.0, 253.0]"
14-1,Shelly Beach,north,20,2025-09-27,0,7.0,9,2025,"[12.9, 14.8, 15.4, 16.0, 16.3, 16.2, 16.2, 16.3, 16.2, 15.0, 13.2, 12.1, 11.9, 12.7, 11.8, 11.9, 12.7, 13.5, 16.9, 18.8, 18.0, 16.7, 13.1, 10.6, 11.3, 12.5, 14.1, 13.5, 12.4, 12.1]","[323.0, 336.0, 336.0, 341.0, 337.0, 334.0, 331.0, 331.0, 329.0, 326.0, 322.0, 325.0, 328.0, 328.0, 331.0, 326.0, 322.0, 329.0, 326.0, 316.0, 311.0, 313.0, 322.0, 334.0, 338.0, 333.0, 333.0, 335.0, 336.0, 339.0]"
14-2,Shelly Beach,north,20,2017-10-17,1,18.0,10,2017,"[13.2, 11.3, 5.8, 6.6, 6.7, 7.0, 6.4, 6.4, 5.9, 4.4, 2.3, 2.2, 1.8, 1.1, 3.8, 14.0, 14.5, 14.1, 15.5, 18.7, 21.2, 22.7, 22.5, 20.6, 16.9, 15.6, 11.9, 11.3, 10.7, 10.2]","[68.0, 59.0, 68.0, 68.0, 74.0, 69.0, 47.0, 47.0, 43.0, 35.0, 321.0, 279.0, 233.0, 198.0, 49.0, 48.0, 48.0, 58.0, 68.0, 71.0, 69.0, 65.0, 63.0, 63.0, 63.0, 56.0, 55.0, 53.0, 50.0, 48.0]"
14-2,Shelly Beach,north,20,2009-01-05,0,18.0,1,2009,"[19.7, 17.5, 15.1, 14.8, 13.4, 12.6, 11.3, 9.3, 7.6, 6.5, 5.6, 5.2, 6.3, 7.2, 5.6, 6.9, 8.3, 8.0, 7.0, 6.9, 5.9, 5.8, 6.6, 6.8, 8.7, 8.9, 6.8, 3.4, 2.5, 4.6]","[55.0, 53.0, 52.0, 43.0, 36.0, 31.0, 27.0, 28.0, 31.0, 34.0, 40.0, 34.0, 24.0, 18.0, 345.0, 354.0, 355.0, 342.0, 325.0, 313.0, 322.0, 360.0, 9.0, 32.0, 48.0, 47.0, 65.0, 72.0, 225.0, 219.0]"
14-2,Shelly Beach,north,20,2011-12-07,0,18.0,12,2011,"[9.2, 6.5, 7.7, 6.7, 6.2, 7.2, 6.5, 6.2, 6.4, 6.0, 5.7, 6.4, 7.9, 8.5, 8.2, 8.3, 8.2, 9.3, 10.9, 11.6, 11.0, 12.0, 10.5, 9.9, 8.1, 6.4, 3.9, 3.2, 3.5, 2.6]","[135.0, 146.0, 152.0, 164.0, 170.0, 174.0, 180.0, 190.0, 196.0, 205.0, 215.0, 218.0, 219.0, 208.0, 221.0, 180.0, 151.0, 126.0, 117.0, 116.0, 122.0, 131.0, 139.0, 147.0, 148.0, 153.0, 112.0, 90.0, 66.0, 74.0]"
14-2,Shelly Beach,north,20,2008-08-03,0,18.0,8,2008,"[16.0, 15.4, 16.0, 16.9, 17.0, 16.3, 16.1, 15.5, 15.3, 15.7, 15.8, 15.7, 14.9, 13.0, 12.5, 11.8, 12.3, 9.7, 6.1, 2.9, 2.3, 2.9, 4.5, 7.0, 7.6, 7.4, 2.9, 1.8, 7.4, 7.0]","[256.0, 259.0, 261.0, 259.0, 257.0, 256.0, 254.0, 252.0, 251.0, 250.0, 249.0, 250.0, 250.0, 251.0, 252.0, 250.0, 249.0, 248.0, 242.0, 277.0, 342.0, 30.0, 61.0, 78.0, 71.0, 61.0, 30.0, 270.0, 247.0, 249.0]"
14-3,Shelly Beach,north,20,2018-02-11,1,18.0,2,2018,"[15.5, 12.0, 9.1, 7.6, 7.8, 7.5, 4.3, 8.9, 11.3, 10.9, 10.8, 12.0, 12.2, 14.0, 16.1, 15.3, 8.0, 9.9, 21.9, 26.3, 26.1, 23.4, 19.3, 17.2, 15.5, 14.3, 10.7, 9.3, 8.7, 6.3]","[68.0, 69.0, 72.0, 90.0, 146.0, 145.0, 114.0, 43.0, 17.0, 343.0, 339.0, 344.0, 332.0, 316.0, 280.0, 279.0, 265.0, 161.0, 150.0, 144.0, 145.0, 149.0, 143.0, 147.0, 144.0, 141.0, 132.0, 126.0, 114.0, 103.0]"
14-3,Shelly Beach,north,20,2025-12-31,0,18.0,12,2025,"[13.7, 10.4, 5.0, 5.0, 5.2, 5.4, 4.6, 5.4, 5.1, 4.0, 4.6, 4.8, 1.7, 3.3, 4.9, 7.4, 11.8, 14.1, 12.9, 9.3, 10.7, 10.8, 10.3, 12.8, 13.9, 13.9, 10.2, 10.3, 8.0, 7.0]","[85.0, 82.0, 92.0, 90.0, 86.0, 86.0, 59.0, 40.0, 23.0, 27.0, 42.0, 45.0, 41.0, 144.0, 156.0, 148.0, 144.0, 138.0, 130.0, 126.0, 98.0, 87.0, 95.0, 114.0, 124.0, 133.0, 148.0, 149.0, 157.0, 162.0]"
14-3,Shelly Beach,north,20,2008-05-26,0,18.0,5,2008,"[6.5, 6.6, 6.5, 4.3, 3.6, 2.8, 3.4, 4.2, 4.3, 5.2, 5.2, 4.7, 4.6, 4.4, 6.5, 4.7, 4.4, 7.0, 7.2, 6.4, 4.7, 6.4, 4.1, 1.8, 3.9, 4.0, 4.4, 4.1, 3.9, 4.0]","[96.0, 112.0, 146.0, 175.0, 217.0, 230.0, 238.0, 239.0, 246.0, 245.0, 245.0, 238.0, 252.0, 261.0, 289.0, 302.0, 325.0, 339.0, 342.0, 344.0, 4.0, 16.0, 345.0, 259.0, 146.0, 95.0, 9.0, 345.0, 304.0, 270.0]"
14-3,Shelly Beach,north,20,2022-09-02,0,18.0,9,2022,"[13.7, 12.7, 8.1, 6.2, 6.8, 7.3, 5.9, 5.0, 4.7, 5.6, 5.2, 6.8, 6.8, 7.8, 6.7, 7.5, 12.1, 14.2, 16.4, 18.6, 21.3, 20.9, 21.4, 19.6, 19.1, 18.8, 16.4, 15.9, 15.4, 15.5]","[60.0, 54.0, 51.0, 36.0, 12.0, 351.0, 317.0, 296.0, 270.0, 264.0, 264.0, 259.0, 258.0, 251.0, 234.0, 215.0, 191.0, 181.0, 176.0, 176.0, 172.0, 169.0, 167.0, 167.0, 172.0, 175.0, 178.0, 174.0, 173.0, 176.0]"
14-4,Shelly Beach,north,20,2019-09-26,1,8.0,9,2019,"[13.4, 8.6, 5.4, 5.4, 4.9, 6.3, 5.2, 4.8, 5.9, 6.0, 5.5, 5.4, 5.2, 4.9, 3.1, 1.3, 8.4, 10.7, 10.4, 9.9, 10.6, 17.3, 20.7, 19.3, 14.8, 11.0, 4.3, 3.1, 3.1, 3.1]","[117.0, 123.0, 184.0, 180.0, 163.0, 149.0, 164.0, 193.0, 194.0, 197.0, 212.0, 228.0, 236.0, 234.0, 225.0, 146.0, 47.0, 42.0, 44.0, 57.0, 66.0, 78.0, 77.0, 69.0, 61.0, 52.0, 24.0, 306.0, 249.0, 225.0]"
14-4,Shelly Beach,north,20,2018-06-03,0,8.0,6,2018,"[22.1, 21.8, 20.4, 20.2, 20.6, 20.1, 20.5, 20.4, 19.7, 18.9, 18.5, 18.2, 17.9, 17.7, 15.3, 17.8, 18.9, 20.3, 20.0, 19.0, 18.3, 17.5, 15.8, 14.8, 14.8, 14.8, 10.9, 10.8, 11.0, 10.7]","[210.0, 211.0, 212.0, 211.0, 213.0, 213.0, 211.0, 206.0, 204.0, 204.0, 204.0, 205.0, 205.0, 207.0, 219.0, 222.0, 215.0, 203.0, 194.0, 190.0, 190.0, 188.0, 181.0, 180.0, 181.0, 186.0, 207.0, 210.0, 212.0, 213.0]"
14-4,Shelly Beach,north,20,2009-06-27,0,8.0,6,2009,"[8.0, 7.9, 8.0, 7.1, 6.7, 6.7, 6.2, 7.0, 6.5, 5.6, 6.0, 5.1, 4.0, 4.0, 4.0, 3.4, 3.0, 2.4, 0.5, 2.5, 3.4, 3.1, 1.6, 3.3, 3.2, 1.1, 3.3, 4.2, 5.4, 6.2]","[54.0, 60.0, 63.0, 66.0, 54.0, 36.0, 7.0, 348.0, 341.0, 310.0, 295.0, 266.0, 260.0, 260.0, 243.0, 252.0, 256.0, 243.0, 135.0, 82.0, 72.0, 69.0, 117.0, 139.0, 117.0, 198.0, 193.0, 250.0, 270.0, 277.0]"
14-4,Shelly Beach,north,20,2012-02-11,0,8.0,2,2012,"[16.8, 16.3, 11.2, 7.7, 3.4, 3.3, 3.8, 3.6, 3.6, 3.2, 3.3, 2.9, 2.3, 2.9, 5.4, 7.8, 9.2, 8.8, 10.0, 12.4, 14.8, 12.0, 9.2, 5.7, 3.4, 4.6, 4.0, 2.9, 1.8, 4.1]","[55.0, 49.0, 50.0, 41.0, 72.0, 84.0, 73.0, 45.0, 354.0, 270.0, 257.0, 240.0, 219.0, 173.0, 172.0, 158.0, 154.0, 145.0, 142.0, 170.0, 179.0, 164.0, 159.0, 162.0, 148.0, 135.0, 85.0, 60.0, 323.0, 315.0]"
14-5,Shelly Beach,north,20,2020-11-12,1,18.0,11,2020,"[16.0, 14.4, 15.0, 12.1, 6.8, 4.9, 5.4, 7.9, 7.9, 5.9, 5.7, 5.8, 7.6, 8.3, 7.6, 10.9, 13.3, 15.5, 16.0, 17.7, 16.3, 10.5, 11.3, 8.3, 11.0, 13.2, 17.3, 13.0, 11.8, 9.6]","[59.0, 53.0, 48.0, 37.0, 18.0, 36.0, 48.0, 43.0, 16.0, 11.0, 18.0, 7.0, 8.0, 2.0, 31.0, 6.0, 357.0, 355.0, 352.0, 348.0, 329.0, 352.0, 17.0, 34.0, 52.0, 35.0, 23.0, 34.0, 40.0, 20.0]"
14-5,Shelly Beach,north,20,2012-04-28,0,18.0,4,2012,"[7.1, 7.3, 3.7, 4.1, 2.6, 1.8, 2.9, 2.5, 2.8, 2.9, 3.4, 4.6, 4.7, 3.6, 4.8, 3.7, 5.6, 7.1, 7.9, 8.3, 8.6, 8.1, 7.8, 8.6, 10.0, 9.7, 8.2, 7.8, 7.2, 6.9]","[105.0, 101.0, 169.0, 195.0, 214.0, 259.0, 277.0, 262.0, 220.0, 240.0, 252.0, 252.0, 247.0, 270.0, 283.0, 281.0, 310.0, 330.0, 344.0, 355.0, 2.0, 13.0, 22.0, 22.0, 15.0, 358.0, 331.0, 304.0, 276.0, 264.0]"
14-5,Shelly Beach,north,20,2019-07-30,0,18.0,7,2019,"[6.5, 5.0, 3.5, 4.6, 5.3, 4.4, 4.6, 5.4, 7.4, 8.4, 8.2, 7.9, 8.7, 9.5, 3.8, 5.1, 6.3, 16.1, 17.9, 16.2, 14.9, 14.5, 14.1, 11.5, 11.2, 12.3, 11.7, 12.6, 13.0, 13.0]","[251.0, 270.0, 246.0, 252.0, 242.0, 235.0, 231.0, 228.0, 223.0, 230.0, 232.0, 223.0, 210.0, 209.0, 287.0, 278.0, 239.0, 196.0, 190.0, 192.0, 188.0, 186.0, 183.0, 180.0, 182.0, 185.0, 189.0, 193.0, 199.0, 204.0]"
14-5,Shelly Beach,north,20,2010-09-22,0,18.0,9,2010,"[21.4, 20.0, 14.5, 12.5, 10.1, 8.8, 7.7, 6.2, 4.7, 4.7, 3.4, 3.1, 3.8, 4.3, 5.3, 8.4, 9.0, 8.6, 8.3, 5.4, 9.4, 17.1, 17.9, 15.5, 12.8, 9.4, 5.0, 4.3, 4.3, 5.2]","[147.0, 154.0, 161.0, 162.0, 163.0, 168.0, 169.0, 170.0, 171.0, 180.0, 198.0, 234.0, 287.0, 294.0, 298.0, 353.0, 358.0, 360.0, 2.0, 20.0, 83.0, 83.0, 80.0, 78.0, 80.0, 83.0, 111.0, 156.0, 156.0, 155.0]"
14-6,Shelly Beach,north,20,2022-02-08,1,7.0,2,2022,"[16.4, 13.8, 9.0, 8.4, 8.7, 9.3, 10.2, 11.6, 13.0, 13.0, 11.9, 10.7, 11.0, 11.0, 10.9, 10.5, 10.4, 9.8, 8.3, 8.4, 8.1, 10.1, 11.2, 9.6, 8.5, 5.8, 2.2, 4.3, 6.1, 5.6]","[159.0, 156.0, 167.0, 173.0, 194.0, 208.0, 212.0, 213.0, 209.0, 204.0, 209.0, 220.0, 228.0, 229.0, 248.0, 233.0, 214.0, 200.0, 175.0, 155.0, 137.0, 123.0, 116.0, 113.0, 119.0, 112.0, 66.0, 338.0, 302.0, 291.0]"
14-6,Shelly Beach,north,20,2022-02-11,0,7.0,2,2022,"[8.5, 7.6, 12.1, 14.2, 16.3, 14.5, 11.8, 6.7, 8.3, 10.7, 12.5, 12.9, 13.3, 17.3, 15.7, 15.4, 18.2, 21.8, 21.9, 21.5, 21.9, 22.9, 22.1, 22.1, 20.5, 18.9, 13.5, 12.9, 13.2, 11.4]","[97.0, 121.0, 169.0, 176.0, 162.0, 149.0, 153.0, 182.0, 213.0, 209.0, 208.0, 205.0, 199.0, 192.0, 196.0, 185.0, 177.0, 172.0, 173.0, 171.0, 162.0, 155.0, 151.0, 152.0, 155.0, 159.0, 168.0, 168.0, 169.0, 173.0]"
14-6,Shelly Beach,north,20,2013-09-10,0,7.0,9,2013,"[13.1, 12.8, 11.5, 11.9, 12.4, 13.5, 15.4, 17.2, 19.9, 21.7, 22.2, 22.4, 23.2, 23.7, 22.4, 22.9, 26.9, 28.1, 27.3, 26.8, 28.1, 28.0, 22.6, 20.7, 19.1, 17.7, 11.3, 10.4, 11.6, 10.8]","[21.0, 10.0, 4.0, 355.0, 350.0, 344.0, 344.0, 340.0, 338.0, 336.0, 333.0, 332.0, 332.0, 330.0, 334.0, 341.0, 334.0, 327.0, 319.0, 310.0, 301.0, 296.0, 292.0, 283.0, 273.0, 265.0, 248.0, 236.0, 234.0, 233.0]"
14-6,Shelly Beach,north,20,2010-07-26,0,7.0,7,2010,"[6.5, 5.5, 6.3, 6.4, 5.7, 6.6, 6.9, 6.5, 5.9, 5.1, 5.9, 6.1, 6.4, 7.2, 7.1, 6.1, 6.4, 7.9, 10.4, 11.9, 12.1, 10.9, 8.5, 6.8, 6.8, 7.1, 4.9, 5.4, 5.6, 6.5]","[174.0, 203.0, 257.0, 243.0, 235.0, 225.0, 219.0, 214.0, 218.0, 225.0, 227.0, 225.0, 227.0, 233.0, 246.0, 242.0, 227.0, 196.0, 166.0, 155.0, 153.0, 153.0, 152.0, 148.0, 148.0, 150.0, 163.0, 184.0, 207.0, 214.0]"
14-7,Shelly Beach,north,20,2022-09-06,1,12.0,9,2022,"[14.2, 13.3, 10.8, 11.2, 11.2, 10.9, 9.9, 9.5, 10.1, 11.1, 11.0, 10.7, 10.3, 10.1, 8.8, 10.2, 10.6, 9.4, 8.3, 8.4, 9.6, 10.7, 10.2, 8.5, 5.5, 5.4, 3.1, 4.7, 4.9, 5.0]","[168.0, 177.0, 182.0, 190.0, 195.0, 196.0, 201.0, 213.0, 221.0, 223.0, 220.0, 221.0, 221.0, 221.0, 231.0, 210.0, 181.0, 168.0, 158.0, 152.0, 143.0, 139.0, 135.0, 136.0, 144.0, 174.0, 220.0, 238.0, 231.0, 201.0]"
14-7,Shelly Beach,north,20,2021-06-08,0,12.0,6,2021,"[12.2, 12.8, 11.2, 11.2, 10.9, 10.9, 11.9, 12.6, 13.3, 13.0, 13.3, 13.0, 12.4, 12.9, 12.1, 12.9, 12.2, 14.8, 16.9, 17.4, 14.8, 13.6, 13.6, 12.7, 7.9, 6.8, 4.9, 1.3, 5.7, 6.6]","[24.0, 10.0, 358.0, 354.0, 352.0, 354.0, 358.0, 360.0, 357.0, 358.0, 360.0, 357.0, 350.0, 347.0, 348.0, 347.0, 358.0, 3.0, 2.0, 353.0, 354.0, 11.0, 17.0, 7.0, 3.0, 3.0, 253.0, 124.0, 18.0, 22.0]"
14-7,Shelly Beach,north,20,2020-03-28,0,12.0,3,2020,"[7.6, 6.3, 6.4, 5.8, 5.9, 5.8, 6.0, 5.8, 5.6, 5.1, 5.4, 6.2, 6.5, 6.3, 6.8, 6.9, 4.3, 7.9, 9.0, 8.7, 9.8, 10.1, 9.4, 8.8, 9.1, 8.4, 4.1, 3.6, 5.2, 5.4]","[121.0, 121.0, 142.0, 158.0, 169.0, 184.0, 197.0, 210.0, 220.0, 225.0, 228.0, 234.0, 236.0, 239.0, 238.0, 223.0, 175.0, 93.0, 85.0, 83.0, 84.0, 90.0, 92.0, 99.0, 97.0, 100.0, 105.0, 90.0, 65.0, 48.0]"
14-7,Shelly Beach,north,20,2025-03-05,0,12.0,3,2025,"[13.4, 12.1, 13.4, 14.4, 14.4, 13.1, 12.6, 11.9, 11.8, 11.2, 10.2, 9.2, 9.6, 9.8, 8.4, 9.9, 13.1, 15.8, 16.6, 16.0, 15.7, 15.7, 15.9, 15.7, 13.4, 11.4, 9.4, 7.9, 7.2, 6.7]","[152.0, 159.0, 185.0, 190.0, 180.0, 178.0, 183.0, 176.0, 173.0, 170.0, 170.0, 177.0, 174.0, 174.0, 189.0, 181.0, 146.0, 130.0, 127.0, 129.0, 133.0, 134.0, 134.0, 136.0, 145.0, 152.0, 144.0, 150.0, 155.0, 171.0]"
14-8,Shelly Beach,north,20,2022-12-22,1,8.0,12,2022,"[13.1, 10.5, 7.2, 6.7, 6.4, 6.1, 6.2, 5.9, 4.3, 3.1, 4.2, 4.6, 4.5, 6.1, 10.9, 11.6, 11.7, 9.6, 8.2, 9.5, 12.3, 13.1, 12.5, 12.4, 12.5, 12.5, 10.5, 9.1, 7.2, 5.4]","[88.0, 85.0, 76.0, 74.0, 65.0, 47.0, 17.0, 337.0, 318.0, 347.0, 320.0, 324.0, 326.0, 24.0, 27.0, 33.0, 34.0, 40.0, 52.0, 79.0, 86.0, 89.0, 82.0, 69.0, 55.0, 41.0, 33.0, 21.0, 19.0, 2.0]"
14-8,Shelly Beach,north,20,2011-12-03,0,8.0,12,2011,"[16.4, 12.8, 8.8, 7.6, 6.9, 6.5, 6.3, 6.4, 6.7, 7.1, 7.9, 8.1, 9.0, 8.9, 5.5, 1.1, 3.3, 4.1, 4.4, 7.1, 11.9, 14.1, 14.5, 14.7, 14.1, 12.3, 11.0, 9.2, 8.7, 7.6]","[154.0, 158.0, 168.0, 175.0, 189.0, 199.0, 211.0, 223.0, 234.0, 240.0, 246.0, 249.0, 254.0, 249.0, 247.0, 342.0, 41.0, 52.0, 55.0, 60.0, 61.0, 58.0, 55.0, 54.0, 52.0, 50.0, 41.0, 31.0, 17.0, 3.0]"
14-8,Shelly Beach,north,20,2017-05-05,0,8.0,5,2017,"[4.3, 3.3, 3.6, 4.1, 3.6, 3.5, 4.2, 4.9, 4.2, 3.9, 3.8, 3.2, 2.9, 2.5, 3.4, 2.7, 3.1, 1.6, 3.2, 6.5, 7.7, 9.2, 11.8, 11.8, 11.4, 9.9, 7.0, 7.3, 7.3, 7.2]","[132.0, 186.0, 233.0, 232.0, 264.0, 294.0, 290.0, 287.0, 290.0, 292.0, 287.0, 270.0, 270.0, 270.0, 252.0, 247.0, 249.0, 297.0, 27.0, 34.0, 37.0, 51.0, 63.0, 63.0, 55.0, 44.0, 21.0, 9.0, 349.0, 323.0]"
14-8,Shelly Beach,north,20,2016-12-18,0,8.0,12,2016,"[5.9, 7.1, 10.3, 15.3, 26.3, 28.6, 23.0, 21.5, 19.9, 18.5, 18.0, 17.4, 16.4, 17.6, 13.2, 14.2, 15.2, 15.0, 16.4, 16.9, 17.1, 17.1, 16.9, 16.5, 14.8, 12.2, 8.3, 7.4, 7.5, 7.4]","[256.0, 255.0, 209.0, 207.0, 178.0, 166.0, 166.0, 166.0, 167.0, 167.0, 164.0, 158.0, 151.0, 145.0, 151.0, 144.0, 144.0, 145.0, 142.0, 140.0, 139.0, 139.0, 140.0, 136.0, 135.0, 135.0, 124.0, 137.0, 145.0, 141.0]"
14-9,Shelly Beach,north,20,2022-12-23,1,18.0,12,2022,"[12.5, 12.5, 10.5, 9.1, 7.2, 5.4, 5.1, 4.9, 3.7, 3.1, 1.5, 1.3, 2.7, 2.7, 3.9, 4.6, 5.9, 5.4, 2.4, 5.0, 10.6, 15.2, 15.8, 14.5, 12.1, 5.8, 3.7, 2.8, 4.3, 2.4]","[55.0, 41.0, 33.0, 21.0, 19.0, 2.0, 342.0, 321.0, 349.0, 353.0, 284.0, 254.0, 274.0, 278.0, 283.0, 281.0, 282.0, 278.0, 222.0, 159.0, 132.0, 119.0, 107.0, 97.0, 90.0, 88.0, 113.0, 145.0, 92.0, 73.0]"
14-9,Shelly Beach,north,20,2011-08-20,0,18.0,8,2011,"[28.4, 27.7, 25.8, 24.4, 24.8, 23.3, 22.3, 21.2, 18.4, 14.8, 12.4, 12.1, 10.8, 11.2, 11.2, 12.6, 18.1, 21.9, 22.4, 21.9, 21.5, 20.4, 18.5, 15.0, 13.2, 11.6, 10.6, 10.0, 9.7, 10.1]","[168.0, 171.0, 172.0, 172.0, 167.0, 163.0, 162.0, 159.0, 154.0, 157.0, 163.0, 170.0, 178.0, 186.0, 180.0, 167.0, 149.0, 138.0, 138.0, 139.0, 140.0, 144.0, 147.0, 150.0, 154.0, 158.0, 156.0, 154.0, 153.0, 153.0]"
14-9,Shelly Beach,north,20,2026-05-09,0,18.0,5,2026,"[18.0, 17.8, 16.9, 15.1, 13.1, 11.2, 10.5, 10.4, 9.7, 9.2, 8.4, 7.7, 7.3, 7.2, 7.4, 6.2, 6.8, 6.4, 4.8, 3.8, 4.4, 6.4, 8.9, 8.9, 8.0, 6.9, 6.3, 5.7, 5.8, 5.6]","[244.0, 246.0, 242.0, 244.0, 247.0, 249.0, 246.0, 247.0, 248.0, 249.0, 251.0, 252.0, 254.0, 258.0, 266.0, 260.0, 243.0, 220.0, 209.0, 188.0, 161.0, 144.0, 133.0, 126.0, 126.0, 137.0, 173.0, 217.0, 236.0, 245.0]"
14-9,Shelly Beach,north,20,2026-06-01,0,18.0,6,2026,"[13.7, 12.5, 11.0, 13.3, 14.1, 14.6, 13.7, 13.1, 12.5, 13.1, 13.0, 10.9, 7.8, 6.3, 8.3, 6.7, 7.9, 8.3, 5.8, 4.6, 6.5, 7.6, 7.1, 8.6, 9.2, 9.0, 10.9, 10.5, 10.5, 10.0]","[256.0, 258.0, 270.0, 268.0, 266.0, 261.0, 257.0, 258.0, 259.0, 257.0, 253.0, 253.0, 255.0, 267.0, 270.0, 273.0, 269.0, 266.0, 284.0, 318.0, 341.0, 359.0, 21.0, 31.0, 17.0, 359.0, 348.0, 325.0, 336.0, 354.0]"
14-10,Shelly Beach,north,20,2023-09-05,1,12.0,9,2023,"[13.0, 12.9, 5.9, 6.9, 5.4, 6.3, 5.2, 4.8, 4.1, 6.1, 7.4, 7.7, 10.8, 16.2, 11.2, 15.1, 17.9, 16.7, 15.5, 15.2, 14.4, 15.1, 15.9, 13.6, 12.8, 12.2, 10.2, 8.4, 7.9, 7.1]","[71.0, 60.0, 47.0, 47.0, 42.0, 13.0, 326.0, 318.0, 315.0, 310.0, 321.0, 323.0, 307.0, 282.0, 270.0, 258.0, 260.0, 264.0, 266.0, 266.0, 269.0, 273.0, 276.0, 281.0, 280.0, 272.0, 262.0, 263.0, 273.0, 311.0]"
14-10,Shelly Beach,north,20,2025-01-07,0,12.0,1,2025,"[9.9, 8.5, 10.8, 16.9, 13.3, 12.7, 11.9, 10.0, 8.6, 7.8, 8.0, 13.5, 17.7, 19.4, 19.8, 18.5, 18.6, 17.6, 17.8, 19.8, 21.7, 22.2, 21.7, 20.9, 21.3, 19.5, 18.9, 17.3, 16.9, 17.5]","[91.0, 85.0, 175.0, 182.0, 181.0, 169.0, 157.0, 152.0, 144.0, 154.0, 174.0, 178.0, 177.0, 180.0, 182.0, 193.0, 196.0, 193.0, 187.0, 179.0, 173.0, 169.0, 167.0, 169.0, 172.0, 177.0, 183.0, 189.0, 187.0, 181.0]"
14-10,Shelly Beach,north,20,2007-02-21,0,12.0,2,2007,"[15.9, 12.9, 12.2, 10.0, 7.6, 5.5, 4.2, 5.2, 4.9, 5.3, 3.9, 1.5, 1.1, 1.1, 4.6, 9.2, 10.7, 12.4, 13.5, 14.5, 16.2, 17.4, 18.5, 18.9, 17.6, 15.1, 13.4, 10.5, 8.4, 5.9]","[72.0, 72.0, 66.0, 64.0, 65.0, 67.0, 70.0, 65.0, 73.0, 62.0, 56.0, 45.0, 288.0, 18.0, 45.0, 42.0, 50.0, 54.0, 61.0, 67.0, 69.0, 68.0, 69.0, 66.0, 64.0, 62.0, 59.0, 52.0, 47.0, 43.0]"
14-10,Shelly Beach,north,20,2008-01-27,0,12.0,1,2008,"[16.0, 14.0, 10.5, 9.4, 7.6, 7.2, 5.4, 5.8, 5.0, 4.1, 4.4, 3.8, 3.3, 3.4, 3.4, 6.6, 9.0, 10.6, 11.0, 10.0, 11.2, 14.4, 17.3, 17.7, 16.3, 14.6, 12.9, 11.6, 11.4, 10.3]","[67.0, 61.0, 59.0, 47.0, 31.0, 18.0, 4.0, 353.0, 339.0, 315.0, 305.0, 311.0, 311.0, 328.0, 328.0, 9.0, 23.0, 28.0, 32.0, 38.0, 45.0, 53.0, 54.0, 51.0, 47.0, 40.0, 30.0, 26.0, 18.0, 12.0]"
14-11,Shelly Beach,north,20,2023-10-08,1,9.0,10,2023,"[13.5, 11.2, 7.1, 6.4, 5.5, 4.0, 4.9, 5.6, 5.6, 5.2, 4.8, 5.4, 6.4, 6.3, 6.3, 1.5, 3.1, 5.0, 5.8, 6.9, 11.6, 14.2, 13.4, 13.8, 11.5, 9.2, 7.4, 7.1, 7.2, 7.0]","[136.0, 138.0, 135.0, 153.0, 169.0, 190.0, 216.0, 225.0, 230.0, 236.0, 243.0, 250.0, 254.0, 257.0, 257.0, 284.0, 45.0, 60.0, 68.0, 81.0, 85.0, 83.0, 82.0, 81.0, 76.0, 64.0, 47.0, 30.0, 6.0, 339.0]"
14-11,Shelly Beach,north,20,2020-03-29,0,9.0,3,2020,"[9.1, 8.4, 4.1, 3.6, 5.2, 5.4, 6.1, 6.4, 7.9, 8.9, 8.6, 7.9, 6.6, 7.4, 2.8, 6.4, 8.7, 9.4, 9.0, 8.2, 8.4, 10.6, 12.4, 11.5, 12.8, 12.5, 7.9, 8.9, 7.2, 5.0]","[97.0, 100.0, 105.0, 90.0, 65.0, 48.0, 45.0, 52.0, 51.0, 43.0, 33.0, 30.0, 29.0, 29.0, 40.0, 38.0, 42.0, 43.0, 37.0, 38.0, 47.0, 55.0, 54.0, 51.0, 50.0, 39.0, 47.0, 47.0, 27.0, 360.0]"
14-11,Shelly Beach,north,20,2015-07-03,0,9.0,7,2015,"[19.8, 20.7, 15.1, 16.1, 15.3, 14.6, 13.1, 11.8, 11.8, 12.4, 12.7, 12.6, 11.9, 11.4, 10.9, 10.8, 11.4, 11.8, 11.3, 10.0, 8.0, 5.8, 3.7, 5.9, 7.1, 7.0, 1.5, 2.5, 4.4, 5.2]","[260.0, 250.0, 245.0, 236.0, 231.0, 230.0, 233.0, 239.0, 243.0, 244.0, 245.0, 243.0, 241.0, 242.0, 253.0, 249.0, 235.0, 220.0, 207.0, 195.0, 185.0, 176.0, 151.0, 133.0, 114.0, 102.0, 256.0, 278.0, 279.0, 282.0]"
14-11,Shelly Beach,north,20,2024-08-21,0,9.0,8,2024,"[16.1, 17.6, 14.0, 13.6, 14.3, 13.6, 12.1, 12.4, 13.4, 13.2, 13.2, 14.8, 15.6, 15.7, 13.7, 13.2, 14.6, 14.3, 15.4, 15.7, 16.0, 15.4, 12.0, 10.2, 11.6, 11.3, 8.0, 7.3, 7.2, 6.7]","[42.0, 37.0, 31.0, 22.0, 18.0, 11.0, 353.0, 359.0, 7.0, 3.0, 5.0, 10.0, 7.0, 359.0, 5.0, 357.0, 344.0, 331.0, 315.0, 300.0, 293.0, 287.0, 283.0, 280.0, 274.0, 269.0, 265.0, 279.0, 282.0, 276.0]"
14-12,Shelly Beach,north,20,2024-03-01,1,11.0,3,2024,"[5.6, 4.7, 3.6, 4.6, 11.4, 20.3, 16.4, 12.6, 11.5, 9.9, 5.8, 6.3, 4.7, 8.4, 5.8, 5.9, 5.5, 5.2, 4.3, 6.9, 9.2, 10.8, 10.1, 10.0, 8.7, 10.6, 6.6, 6.8, 6.3, 6.2]","[40.0, 32.0, 315.0, 219.0, 167.0, 150.0, 147.0, 156.0, 160.0, 161.0, 150.0, 103.0, 148.0, 149.0, 112.0, 137.0, 101.0, 65.0, 48.0, 47.0, 51.0, 60.0, 55.0, 30.0, 30.0, 62.0, 45.0, 25.0, 13.0, 353.0]"
14-12,Shelly Beach,north,20,2012-03-17,0,11.0,3,2012,"[15.0, 13.3, 14.8, 11.4, 6.4, 2.5, 2.5, 3.6, 2.5, 2.1, 7.2, 14.3, 16.6, 16.2, 14.1, 14.1, 13.8, 12.7, 12.3, 15.5, 18.9, 19.6, 19.7, 19.5, 18.6, 15.4, 14.2, 13.9, 13.8, 13.4]","[46.0, 41.0, 39.0, 18.0, 344.0, 352.0, 82.0, 84.0, 45.0, 301.0, 207.0, 190.0, 184.0, 184.0, 184.0, 186.0, 186.0, 187.0, 187.0, 179.0, 171.0, 166.0, 165.0, 164.0, 162.0, 164.0, 164.0, 170.0, 174.0, 175.0]"
14-12,Shelly Beach,north,20,2006-12-28,0,11.0,12,2006,"[16.2, 11.9, 9.8, 7.3, 5.3, 5.1, 5.0, 3.4, 4.3, 5.4, 5.1, 4.3, 2.8, 0.8, 2.9, 6.9, 8.4, 8.9, 9.8, 11.8, 14.3, 17.2, 19.3, 20.2, 19.2, 17.1, 12.6, 6.8, 5.9, 5.5]","[90.0, 92.0, 96.0, 99.0, 118.0, 129.0, 120.0, 148.0, 180.0, 180.0, 188.0, 204.0, 230.0, 243.0, 7.0, 39.0, 47.0, 50.0, 54.0, 63.0, 65.0, 64.0, 69.0, 71.0, 64.0, 60.0, 63.0, 72.0, 133.0, 148.0]"
14-12,Shelly Beach,north,20,2006-01-30,0,11.0,1,2006,"[17.4, 14.7, 12.1, 10.2, 8.7, 6.8, 6.3, 6.9, 7.2, 6.8, 5.6, 4.9, 3.0, 3.6, 6.5, 10.2, 12.2, 12.0, 11.3, 10.9, 11.5, 12.7, 15.0, 16.8, 15.9, 13.1, 12.3, 10.5, 11.9, 16.6]","[68.0, 65.0, 60.0, 51.0, 42.0, 32.0, 24.0, 9.0, 360.0, 342.0, 310.0, 287.0, 284.0, 315.0, 354.0, 18.0, 28.0, 33.0, 37.0, 44.0, 49.0, 55.0, 60.0, 62.0, 62.0, 69.0, 87.0, 121.0, 151.0, 167.0]"
14-13,Shelly Beach,north,20,2024-10-17,1,13.0,10,2024,"[5.5, 7.1, 7.6, 7.2, 7.0, 6.6, 6.5, 4.6, 3.8, 3.1, 3.2, 4.1, 3.6, 3.1, 2.3, 5.2, 7.2, 9.1, 10.3, 9.6, 12.8, 13.5, 13.8, 14.0, 14.0, 13.0, 9.6, 11.8, 11.6, 12.7]","[11.0, 27.0, 1.0, 354.0, 339.0, 323.0, 326.0, 334.0, 329.0, 315.0, 317.0, 311.0, 319.0, 347.0, 331.0, 25.0, 37.0, 41.0, 49.0, 52.0, 59.0, 57.0, 61.0, 67.0, 68.0, 53.0, 47.0, 38.0, 28.0, 27.0]"
14-13,Shelly Beach,north,20,2013-06-26,0,13.0,6,2013,"[13.1, 13.3, 14.3, 13.9, 13.8, 15.2, 18.3, 20.4, 20.7, 22.8, 22.3, 21.3, 20.5, 20.2, 18.9, 17.8, 18.4, 16.6, 17.9, 17.1, 15.0, 13.7, 13.2, 11.3, 11.2, 10.4, 10.6, 9.7, 8.3, 7.6]","[196.0, 193.0, 192.0, 190.0, 186.0, 175.0, 164.0, 163.0, 173.0, 168.0, 170.0, 175.0, 178.0, 177.0, 162.0, 159.0, 154.0, 153.0, 152.0, 152.0, 150.0, 150.0, 154.0, 158.0, 159.0, 166.0, 170.0, 176.0, 182.0, 188.0]"
14-13,Shelly Beach,north,20,2023-04-29,0,13.0,4,2023,"[12.3, 12.9, 10.5, 10.6, 9.8, 9.4, 8.3, 8.0, 8.0, 6.9, 6.7, 5.4, 5.8, 6.9, 3.3, 2.7, 3.4, 3.1, 0.4, 1.8, 4.8, 6.9, 10.4, 12.3, 11.2, 9.4, 10.4, 11.5, 11.9, 12.4]","[32.0, 23.0, 22.0, 18.0, 6.0, 360.0, 358.0, 342.0, 324.0, 313.0, 306.0, 323.0, 338.0, 317.0, 311.0, 337.0, 328.0, 315.0, 180.0, 180.0, 207.0, 208.0, 194.0, 187.0, 195.0, 212.0, 236.0, 256.0, 265.0, 260.0]"
14-13,Shelly Beach,north,20,2008-12-07,0,13.0,12,2008,"[17.1, 14.1, 12.5, 10.1, 7.0, 5.2, 3.8, 1.3, 2.2, 3.2, 2.1, 1.5, 2.2, 4.4, 9.1, 9.7, 10.0, 10.7, 14.5, 16.8, 16.3, 14.5, 13.2, 11.6, 11.3, 12.0, 6.6, 7.0, 7.3, 6.4]","[158.0, 161.0, 168.0, 174.0, 159.0, 146.0, 139.0, 146.0, 81.0, 63.0, 59.0, 45.0, 9.0, 325.0, 279.0, 272.0, 257.0, 213.0, 161.0, 152.0, 145.0, 132.0, 119.0, 120.0, 127.0, 131.0, 112.0, 111.0, 123.0, 133.0]"
14-14,Shelly Beach,north,20,2024-11-02,1,15.0,11,2024,"[15.1, 15.0, 12.6, 14.4, 15.0, 15.0, 15.3, 15.7, 14.6, 12.8, 10.2, 8.4, 7.0, 5.2, 3.5, 3.6, 5.7, 8.6, 9.7, 11.6, 12.8, 13.0, 10.5, 9.6, 9.2, 10.3, 12.4, 12.3, 12.1, 12.0]","[119.0, 130.0, 137.0, 148.0, 153.0, 156.0, 158.0, 160.0, 162.0, 164.0, 166.0, 173.0, 184.0, 196.0, 195.0, 171.0, 136.0, 106.0, 87.0, 74.0, 64.0, 56.0, 55.0, 50.0, 48.0, 52.0, 50.0, 37.0, 30.0, 24.0]"
14-14,Shelly Beach,north,20,2020-04-21,0,15.0,4,2020,"[11.0, 11.5, 11.0, 10.2, 9.7, 8.5, 7.7, 7.6, 7.6, 7.0, 7.0, 7.0, 7.3, 7.9, 6.8, 5.2, 4.7, 4.7, 5.1, 5.7, 5.1, 7.2, 11.8, 11.8, 11.2, 10.4, 9.3, 9.8, 9.2, 7.6]","[337.0, 328.0, 311.0, 302.0, 301.0, 298.0, 298.0, 295.0, 295.0, 291.0, 291.0, 291.0, 290.0, 286.0, 295.0, 286.0, 293.0, 328.0, 356.0, 342.0, 8.0, 53.0, 59.0, 52.0, 33.0, 2.0, 324.0, 306.0, 291.0, 289.0]"
14-14,Shelly Beach,north,20,2011-11-16,0,15.0,11,2011,"[17.2, 14.1, 11.5, 8.1, 4.8, 4.6, 5.4, 5.4, 5.7, 5.7, 4.4, 2.8, 1.8, 1.6, 9.6, 16.6, 24.8, 24.6, 24.9, 22.7, 19.5, 15.8, 13.7, 11.2, 8.5, 2.9, 4.0, 1.8, 3.1, 4.2]","[57.0, 50.0, 46.0, 45.0, 48.0, 51.0, 48.0, 37.0, 55.0, 72.0, 81.0, 50.0, 11.0, 243.0, 200.0, 178.0, 167.0, 168.0, 170.0, 177.0, 177.0, 180.0, 182.0, 178.0, 168.0, 240.0, 280.0, 37.0, 36.0, 31.0]"
14-14,Shelly Beach,north,20,2009-08-16,0,15.0,8,2009,"[6.0, 7.2, 6.6, 6.0, 6.0, 6.2, 6.8, 7.3, 7.7, 7.8, 7.9, 7.7, 8.4, 9.5, 9.5, 9.5, 10.1, 11.6, 11.9, 14.5, 15.5, 16.4, 15.3, 14.4, 15.1, 17.7, 17.3, 17.6, 17.9, 18.9]","[65.0, 53.0, 41.0, 17.0, 343.0, 306.0, 288.0, 290.0, 298.0, 304.0, 313.0, 323.0, 329.0, 331.0, 323.0, 331.0, 333.0, 334.0, 346.0, 353.0, 1.0, 9.0, 8.0, 1.0, 360.0, 5.0, 360.0, 349.0, 350.0, 347.0]"
14-15,Shelly Beach,north,20,2025-02-02,1,16.0,2,2025,"[13.9, 11.4, 9.1, 7.2, 5.6, 5.8, 6.6, 6.4, 6.0, 4.9, 3.2, 1.8, 1.2, 1.0, 2.8, 7.8, 8.2, 8.7, 10.3, 12.6, 14.9, 15.2, 15.3, 15.0, 14.4, 11.6, 7.5, 6.6, 6.9, 5.7]","[76.0, 74.0, 69.0, 63.0, 65.0, 70.0, 77.0, 80.0, 81.0, 88.0, 74.0, 45.0, 27.0, 31.0, 50.0, 50.0, 54.0, 68.0, 83.0, 86.0, 83.0, 80.0, 78.0, 76.0, 74.0, 71.0, 69.0, 61.0, 39.0, 11.0]"
14-15,Shelly Beach,north,20,2022-08-24,0,16.0,8,2022,"[24.0, 23.7, 18.4, 19.1, 19.2, 20.4, 19.2, 18.4, 19.1, 19.9, 19.8, 18.8, 17.9, 17.6, 14.2, 15.9, 18.0, 15.8, 13.6, 14.4, 13.4, 11.4, 9.2, 5.9, 5.6, 7.3, 11.3, 13.6, 12.8, 11.6]","[213.0, 217.0, 242.0, 237.0, 235.0, 226.0, 220.0, 220.0, 224.0, 228.0, 230.0, 232.0, 234.0, 236.0, 248.0, 242.0, 229.0, 214.0, 204.0, 204.0, 204.0, 192.0, 179.0, 166.0, 186.0, 237.0, 248.0, 253.0, 259.0, 266.0]"
14-15,Shelly Beach,north,20,2015-12-01,0,16.0,12,2015,"[14.4, 14.4, 13.2, 11.8, 9.8, 7.7, 6.5, 6.8, 6.5, 6.5, 6.9, 7.0, 8.2, 7.7, 9.2, 12.1, 14.3, 14.1, 12.3, 11.9, 11.9, 11.8, 10.0, 8.7, 9.2, 11.5, 11.4, 12.6, 15.0, 22.4]","[68.0, 58.0, 47.0, 40.0, 28.0, 11.0, 360.0, 360.0, 6.0, 3.0, 351.0, 339.0, 331.0, 332.0, 339.0, 350.0, 348.0, 341.0, 345.0, 358.0, 5.0, 12.0, 26.0, 30.0, 42.0, 41.0, 18.0, 358.0, 314.0, 264.0]"
14-15,Shelly Beach,north,20,2018-05-21,0,16.0,5,2018,"[2.3, 7.1, 9.4, 9.8, 9.1, 8.4, 8.8, 10.4, 13.0, 14.6, 15.3, 15.0, 15.0, 15.2, 17.4, 16.6, 18.8, 18.6, 19.1, 19.4, 18.4, 17.9, 15.8, 14.6, 14.2, 13.8, 9.1, 8.6, 9.0, 9.2]","[198.0, 240.0, 230.0, 246.0, 263.0, 277.0, 279.0, 272.0, 265.0, 260.0, 261.0, 259.0, 260.0, 266.0, 264.0, 266.0, 265.0, 261.0, 254.0, 248.0, 247.0, 251.0, 258.0, 261.0, 261.0, 263.0, 277.0, 292.0, 293.0, 281.0]"
14-16,Shelly Beach,north,20,2026-05-03,1,10.0,5,2026,"[15.4, 15.3, 11.3, 10.7, 10.5, 10.1, 9.8, 8.1, 7.2, 6.2, 6.3, 7.2, 7.3, 8.4, 7.8, 8.9, 11.1, 11.0, 11.5, 12.5, 13.1, 13.4, 13.6, 13.5, 14.9, 16.0, 14.8, 13.7, 11.3, 10.2]","[61.0, 53.0, 48.0, 42.0, 41.0, 41.0, 38.0, 31.0, 27.0, 22.0, 18.0, 19.0, 17.0, 15.0, 26.0, 24.0, 23.0, 26.0, 30.0, 36.0, 41.0, 44.0, 51.0, 59.0, 53.0, 43.0, 41.0, 30.0, 20.0, 13.0]"
14-16,Shelly Beach,north,20,2021-11-04,0,10.0,11,2021,"[18.8, 16.0, 12.8, 11.5, 8.7, 4.8, 4.1, 3.8, 3.8, 4.0, 3.6, 4.0, 4.0, 5.0, 3.1, 4.7, 5.0, 1.9, 4.7, 6.1, 8.3, 8.0, 6.9, 6.3, 6.3, 9.0, 7.4, 6.4, 4.7, 5.0]","[61.0, 54.0, 52.0, 44.0, 38.0, 42.0, 45.0, 107.0, 107.0, 95.0, 90.0, 90.0, 95.0, 90.0, 111.0, 58.0, 30.0, 68.0, 94.0, 87.0, 90.0, 85.0, 81.0, 77.0, 66.0, 53.0, 61.0, 47.0, 67.0, 111.0]"
14-16,Shelly Beach,north,20,2015-08-06,0,10.0,8,2015,"[17.3, 17.4, 11.3, 11.9, 12.3, 12.3, 12.6, 12.2, 12.0, 12.2, 13.1, 13.4, 14.0, 13.2, 14.0, 13.9, 14.0, 12.9, 12.1, 11.7, 13.4, 11.5, 9.2, 10.9, 14.7, 15.5, 12.4, 12.2, 11.0, 10.5]","[282.0, 277.0, 287.0, 284.0, 275.0, 277.0, 283.0, 284.0, 279.0, 270.0, 262.0, 256.0, 252.0, 253.0, 252.0, 253.0, 252.0, 247.0, 233.0, 223.0, 216.0, 221.0, 225.0, 236.0, 242.0, 245.0, 253.0, 251.0, 247.0, 243.0]"
14-16,Shelly Beach,north,20,2018-08-04,0,10.0,8,2018,"[16.4, 15.3, 12.6, 13.7, 14.0, 14.9, 13.2, 12.0, 13.1, 13.9, 12.6, 11.8, 11.8, 13.1, 11.1, 13.0, 16.2, 18.9, 19.8, 19.1, 17.4, 15.9, 14.4, 11.5, 9.8, 8.4, 5.2, 7.2, 7.3, 5.7]","[15.0, 15.0, 13.0, 360.0, 331.0, 307.0, 305.0, 311.0, 302.0, 291.0, 290.0, 301.0, 322.0, 328.0, 324.0, 309.0, 287.0, 278.0, 273.0, 268.0, 263.0, 264.0, 267.0, 272.0, 278.0, 280.0, 326.0, 323.0, 303.0, 288.0]"
15-0,Bondi,east,120,2006-02-21,1,16.0,2,2006,"[30.9, 30.1, 24.3, 22.7, 21.3, 20.9, 21.6, 21.9, 20.8, 20.4, 21.2, 21.8, 21.9, 22.7, 20.8, 20.4, 18.9, 17.9, 18.6, 19.1, 19.2, 18.8, 18.0, 17.6, 17.7, 17.6, 14.8, 14.2, 12.7, 10.7]","[169.0, 163.0, 155.0, 155.0, 158.0, 161.0, 162.0, 163.0, 162.0, 159.0, 162.0, 164.0, 163.0, 160.0, 150.0, 144.0, 141.0, 140.0, 137.0, 133.0, 128.0, 122.0, 119.0, 118.0, 123.0, 125.0, 116.0, 111.0, 105.0, 104.0]"
15-0,Bondi,east,120,2006-03-22,0,16.0,3,2006,"[18.3, 18.8, 15.9, 15.6, 15.8, 15.3, 15.9, 16.0, 16.5, 16.6, 15.0, 13.6, 14.4, 15.7, 13.4, 16.9, 19.2, 19.8, 20.2, 19.9, 19.1, 18.4, 17.7, 17.9, 16.5, 15.3, 15.7, 15.4, 15.0, 13.3]","[133.0, 133.0, 129.0, 124.0, 120.0, 117.0, 115.0, 113.0, 113.0, 112.0, 111.0, 112.0, 112.0, 110.0, 104.0, 102.0, 98.0, 90.0, 86.0, 86.0, 87.0, 90.0, 96.0, 99.0, 100.0, 99.0, 101.0, 101.0, 100.0, 93.0]"
15-0,Bondi,east,120,2008-07-06,0,16.0,7,2008,"[17.9, 18.4, 17.8, 18.7, 18.7, 19.5, 19.8, 19.5, 18.9, 18.2, 17.0, 15.8, 15.3, 14.6, 13.0, 11.8, 12.0, 12.4, 11.9, 11.9, 11.9, 11.3, 9.7, 10.1, 11.2, 12.6, 12.2, 14.8, 14.8, 14.8]","[15.0, 11.0, 7.0, 2.0, 360.0, 2.0, 359.0, 356.0, 351.0, 346.0, 339.0, 339.0, 341.0, 340.0, 326.0, 322.0, 321.0, 324.0, 325.0, 331.0, 335.0, 343.0, 358.0, 360.0, 358.0, 5.0, 14.0, 13.0, 6.0, 354.0]"
15-0,Bondi,east,120,2007-09-10,0,16.0,9,2007,"[11.1, 11.8, 12.7, 12.2, 11.8, 12.0, 11.9, 11.9, 11.7, 11.6, 11.7, 11.8, 12.4, 14.5, 16.1, 17.9, 20.2, 23.7, 24.7, 24.1, 23.0, 24.3, 26.5, 27.2, 27.8, 28.7, 27.0, 25.7, 25.2, 23.9]","[54.0, 50.0, 47.0, 43.0, 31.0, 16.0, 3.0, 355.0, 342.0, 330.0, 326.0, 329.0, 334.0, 337.0, 331.0, 335.0, 358.0, 13.0, 19.0, 22.0, 27.0, 38.0, 48.0, 47.0, 42.0, 38.0, 27.0, 20.0, 14.0, 7.0]"
15-1,Bondi,east,120,2010-03-14,1,7.0,3,2010,"[21.7, 20.1, 20.1, 18.3, 17.9, 17.3, 17.0, 16.7, 16.6, 16.7, 16.5, 15.7, 15.5, 14.8, 13.0, 11.5, 9.6, 8.9, 9.7, 11.3, 13.2, 15.0, 15.8, 15.3, 14.5, 13.7, 11.2, 9.8, 7.0, 3.9]","[140.0, 137.0, 147.0, 148.0, 142.0, 135.0, 126.0, 123.0, 124.0, 127.0, 126.0, 122.0, 118.0, 116.0, 114.0, 110.0, 110.0, 111.0, 117.0, 117.0, 116.0, 114.0, 111.0, 109.0, 109.0, 104.0, 94.0, 84.0, 69.0, 34.0]"
15-1,Bondi,east,120,2025-11-23,0,7.0,11,2025,"[13.8, 10.4, 6.8, 6.1, 4.9, 3.5, 2.2, 3.1, 3.5, 3.2, 5.8, 8.3, 6.9, 2.2, 7.1, 2.8, 3.8, 3.1, 7.9, 12.9, 13.7, 18.7, 13.9, 11.1, 7.9, 5.4, 8.7, 16.0, 17.4, 16.0]","[97.0, 99.0, 112.0, 87.0, 33.0, 9.0, 360.0, 339.0, 325.0, 322.0, 290.0, 269.0, 256.0, 275.0, 232.0, 243.0, 259.0, 167.0, 120.0, 102.0, 115.0, 135.0, 131.0, 148.0, 147.0, 138.0, 174.0, 173.0, 193.0, 197.0]"
15-1,Bondi,east,120,2021-07-10,0,7.0,7,2021,"[26.6, 28.9, 30.8, 31.6, 35.6, 38.2, 40.2, 42.6, 44.1, 46.7, 48.3, 47.3, 44.8, 43.0, 37.1, 38.5, 38.8, 37.0, 37.0, 38.7, 40.0, 38.4, 35.5, 32.9, 31.1, 31.1, 30.5, 30.2, 30.3, 30.5]","[203.0, 211.0, 218.0, 223.0, 226.0, 228.0, 226.0, 221.0, 218.0, 217.0, 216.0, 213.0, 213.0, 214.0, 203.0, 199.0, 202.0, 205.0, 205.0, 204.0, 199.0, 190.0, 187.0, 186.0, 190.0, 193.0, 199.0, 195.0, 193.0, 194.0]"
15-1,Bondi,east,120,2026-05-18,0,7.0,5,2026,"[9.1, 7.8, 8.4, 11.0, 10.5, 11.3, 11.0, 8.7, 8.3, 7.3, 6.1, 6.6, 7.6, 8.3, 3.1, 6.8, 8.2, 8.6, 7.9, 6.1, 5.0, 6.9, 9.8, 11.8, 10.7, 8.5, 7.5, 5.6, 5.1, 3.7]","[30.0, 15.0, 37.0, 41.0, 33.0, 8.0, 356.0, 352.0, 354.0, 337.0, 328.0, 331.0, 329.0, 330.0, 294.0, 320.0, 302.0, 290.0, 283.0, 293.0, 339.0, 7.0, 6.0, 11.0, 22.0, 12.0, 33.0, 27.0, 45.0, 39.0]"
15-2,Bondi,east,120,2011-01-15,1,,1,2011,"[31.6, 34.1, 33.9, 31.6, 30.4, 28.9, 25.3, 22.5, 19.9, 16.9, 13.9, 13.0, 13.1, 12.8, 9.3, 9.9, 9.4, 9.5, 9.7, 7.9, 5.5, 2.5, 5.2, 10.0, 12.1, 11.5, 8.0, 5.1, 6.5, 9.9]","[42.0, 39.0, 33.0, 29.0, 26.0, 23.0, 20.0, 16.0, 13.0, 11.0, 10.0, 19.0, 21.0, 22.0, 16.0, 10.0, 358.0, 335.0, 321.0, 317.0, 328.0, 8.0, 102.0, 105.0, 107.0, 104.0, 108.0, 141.0, 174.0, 190.0]"
15-2,Bondi,east,120,2009-05-07,0,,5,2009,"[16.8, 16.8, 14.1, 13.2, 13.0, 13.3, 12.4, 10.8, 9.4, 8.7, 9.2, 10.7, 12.0, 12.5, 11.6, 12.2, 12.0, 11.5, 11.0, 11.7, 13.0, 14.8, 17.0, 18.1, 19.7, 20.1, 20.3, 17.5, 17.3, 20.4]","[28.0, 23.0, 19.0, 11.0, 357.0, 341.0, 324.0, 307.0, 293.0, 263.0, 239.0, 228.0, 224.0, 226.0, 244.0, 251.0, 249.0, 238.0, 221.0, 198.0, 178.0, 166.0, 159.0, 159.0, 162.0, 165.0, 163.0, 171.0, 180.0, 188.0]"
15-2,Bondi,east,120,2018-04-03,0,,4,2018,"[22.0, 27.1, 29.8, 25.7, 25.3, 29.5, 32.5, 31.9, 30.9, 29.2, 26.7, 24.6, 23.7, 22.5, 17.3, 14.8, 13.2, 13.0, 14.1, 15.8, 16.4, 17.1, 17.1, 17.6, 18.2, 18.4, 13.3, 11.8, 11.7, 11.8]","[176.0, 175.0, 172.0, 169.0, 176.0, 179.0, 176.0, 174.0, 173.0, 170.0, 164.0, 155.0, 147.0, 141.0, 133.0, 139.0, 135.0, 141.0, 148.0, 145.0, 140.0, 136.0, 136.0, 136.0, 129.0, 125.0, 128.0, 130.0, 137.0, 142.0]"
15-2,Bondi,east,120,2006-10-24,0,,10,2006,"[17.6, 16.5, 16.1, 14.6, 13.0, 12.2, 11.3, 10.7, 10.5, 10.4, 10.5, 11.0, 12.6, 13.4, 14.7, 15.8, 17.3, 20.0, 23.4, 26.5, 29.0, 30.6, 30.6, 30.9, 31.0, 30.1, 27.7, 25.8, 23.5, 21.6]","[75.0, 74.0, 61.0, 50.0, 39.0, 28.0, 22.0, 12.0, 6.0, 360.0, 356.0, 349.0, 340.0, 340.0, 343.0, 360.0, 17.0, 30.0, 37.0, 43.0, 44.0, 43.0, 41.0, 41.0, 39.0, 34.0, 30.0, 23.0, 15.0, 11.0]"
15-3,Bondi,east,120,2016-01-25,1,17.0,1,2016,"[14.3, 14.1, 10.7, 8.7, 8.4, 8.2, 7.7, 6.7, 6.6, 7.8, 8.4, 9.2, 10.3, 10.7, 11.0, 12.3, 12.2, 12.3, 12.4, 13.7, 16.2, 18.7, 21.4, 20.1, 18.2, 18.9, 18.5, 14.1, 10.8, 10.2]","[141.0, 140.0, 132.0, 132.0, 137.0, 139.0, 139.0, 144.0, 151.0, 158.0, 155.0, 149.0, 144.0, 132.0, 113.0, 95.0, 76.0, 69.0, 68.0, 72.0, 73.0, 79.0, 65.0, 61.0, 60.0, 55.0, 53.0, 58.0, 64.0, 67.0]"
15-3,Bondi,east,120,2024-10-09,0,17.0,10,2024,"[29.3, 28.2, 24.4, 23.9, 23.9, 23.9, 23.4, 23.1, 22.3, 21.5, 20.3, 19.6, 19.0, 18.2, 19.2, 18.0, 17.5, 18.4, 18.7, 16.8, 14.9, 14.0, 13.1, 12.0, 11.4, 12.1, 8.6, 9.2, 9.3, 10.4]","[166.0, 163.0, 167.0, 168.0, 168.0, 166.0, 164.0, 164.0, 163.0, 160.0, 156.0, 153.0, 152.0, 150.0, 153.0, 146.0, 146.0, 148.0, 147.0, 142.0, 135.0, 126.0, 115.0, 103.0, 95.0, 87.0, 78.0, 70.0, 71.0, 70.0]"
15-3,Bondi,east,120,2014-04-16,0,17.0,4,2014,"[31.5, 31.5, 28.6, 26.1, 26.9, 29.0, 30.7, 31.4, 30.0, 29.2, 29.1, 28.8, 27.9, 26.1, 23.0, 24.0, 25.8, 26.3, 25.7, 26.0, 26.9, 27.0, 27.0, 27.1, 27.4, 27.0, 24.4, 22.7, 21.6, 21.9]","[187.0, 186.0, 186.0, 187.0, 188.0, 186.0, 184.0, 183.0, 185.0, 190.0, 192.0, 193.0, 194.0, 200.0, 200.0, 204.0, 205.0, 202.0, 200.0, 197.0, 192.0, 190.0, 189.0, 185.0, 182.0, 182.0, 189.0, 195.0, 198.0, 205.0]"
15-3,Bondi,east,120,2019-01-31,0,17.0,1,2019,"[27.7, 29.4, 30.1, 27.9, 28.0, 27.4, 28.2, 28.2, 26.5, 24.2, 21.7, 19.4, 18.0, 18.7, 17.3, 17.1, 16.9, 16.6, 15.5, 15.3, 17.7, 17.9, 15.7, 8.7, 39.3, 47.4, 47.3, 42.6, 40.1, 40.9]","[30.0, 31.0, 26.0, 25.0, 28.0, 27.0, 27.0, 25.0, 22.0, 18.0, 15.0, 10.0, 3.0, 1.0, 348.0, 342.0, 344.0, 355.0, 360.0, 15.0, 24.0, 28.0, 37.0, 135.0, 182.0, 174.0, 176.0, 176.0, 176.0, 173.0]"
15-4,Bondi,east,120,2017-06-15,1,22.0,6,2017,"[1.8, 4.0, 3.6, 5.9, 7.3, 7.9, 8.1, 8.3, 7.6, 7.3, 7.4, 7.2, 7.7, 9.2, 12.8, 12.4, 11.5, 10.2, 7.8, 6.4, 4.7, 3.9, 4.8, 4.6, 5.0, 4.4, 2.4, 4.0, 6.6, 8.2]","[37.0, 27.0, 6.0, 349.0, 340.0, 330.0, 315.0, 304.0, 295.0, 290.0, 293.0, 297.0, 298.0, 296.0, 281.0, 287.0, 290.0, 293.0, 304.0, 313.0, 337.0, 22.0, 48.0, 72.0, 90.0, 99.0, 153.0, 180.0, 209.0, 218.0]"
15-4,Bondi,east,120,2018-05-30,0,22.0,5,2018,"[20.8, 19.6, 12.0, 12.8, 13.4, 11.6, 7.8, 6.8, 10.1, 12.6, 12.1, 12.5, 15.5, 21.2, 23.9, 24.4, 26.5, 27.4, 27.7, 29.4, 32.6, 32.5, 31.4, 28.6, 24.8, 22.3, 25.5, 26.5, 29.0, 28.4]","[28.0, 17.0, 339.0, 280.0, 262.0, 265.0, 292.0, 335.0, 4.0, 347.0, 330.0, 303.0, 275.0, 252.0, 249.0, 236.0, 226.0, 218.0, 208.0, 199.0, 198.0, 195.0, 193.0, 195.0, 199.0, 211.0, 241.0, 248.0, 250.0, 250.0]"
15-4,Bondi,east,120,2009-04-29,0,22.0,4,2009,"[25.9, 24.6, 23.6, 22.1, 21.5, 21.7, 22.9, 23.9, 24.0, 23.9, 23.1, 22.3, 20.9, 19.1, 19.9, 18.7, 17.2, 16.2, 17.3, 19.8, 21.5, 21.0, 20.9, 19.9, 19.4, 20.2, 15.9, 16.2, 18.5, 18.2]","[231.0, 218.0, 199.0, 199.0, 201.0, 199.0, 196.0, 192.0, 188.0, 185.0, 183.0, 182.0, 181.0, 180.0, 197.0, 191.0, 196.0, 192.0, 182.0, 177.0, 171.0, 167.0, 169.0, 174.0, 181.0, 182.0, 175.0, 181.0, 188.0, 189.0]"
15-4,Bondi,east,120,2015-08-25,0,22.0,8,2015,"[15.5, 17.2, 24.0, 23.7, 25.2, 28.1, 28.7, 26.4, 23.8, 23.7, 25.3, 24.9, 26.4, 28.2, 31.6, 32.2, 33.5, 33.5, 33.8, 33.8, 33.2, 32.5, 31.5, 30.0, 28.0, 25.8, 33.2, 24.6, 18.0, 12.3]","[85.0, 74.0, 73.0, 66.0, 53.0, 40.0, 25.0, 5.0, 333.0, 290.0, 265.0, 260.0, 265.0, 266.0, 285.0, 284.0, 273.0, 272.0, 271.0, 269.0, 274.0, 274.0, 275.0, 275.0, 277.0, 283.0, 307.0, 302.0, 307.0, 320.0]"
15-5,Bondi,east,120,2018-02-18,1,16.0,2,2018,"[34.1, 32.6, 26.3, 22.9, 20.6, 18.7, 19.1, 19.3, 17.7, 14.1, 12.6, 12.0, 9.4, 8.7, 14.5, 17.6, 18.7, 22.2, 26.0, 28.3, 29.5, 30.6, 31.8, 32.3, 30.6, 27.8, 24.0, 21.7, 20.4, 18.1]","[51.0, 48.0, 40.0, 33.0, 29.0, 25.0, 22.0, 21.0, 17.0, 13.0, 13.0, 9.0, 358.0, 7.0, 19.0, 26.0, 38.0, 50.0, 53.0, 53.0, 52.0, 53.0, 52.0, 51.0, 48.0, 43.0, 41.0, 40.0, 42.0, 43.0]"
15-5,Bondi,east,120,2008-11-11,0,16.0,11,2008,"[23.2, 21.5, 18.5, 15.0, 11.2, 8.7, 7.4, 6.9, 5.5, 4.7, 5.4, 6.7, 7.6, 9.0, 10.9, 12.4, 13.8, 15.0, 16.3, 17.6, 18.8, 19.4, 19.6, 18.7, 17.6, 15.7, 13.5, 12.5, 11.5, 10.2]","[77.0, 72.0, 61.0, 55.0, 50.0, 48.0, 47.0, 51.0, 58.0, 86.0, 110.0, 126.0, 121.0, 119.0, 117.0, 112.0, 105.0, 100.0, 95.0, 90.0, 85.0, 79.0, 73.0, 67.0, 62.0, 58.0, 61.0, 57.0, 51.0, 42.0]"
15-5,Bondi,east,120,2006-12-10,0,16.0,12,2006,"[27.8, 26.5, 23.8, 21.7, 21.3, 20.7, 19.8, 19.2, 18.7, 18.1, 17.5, 17.1, 16.8, 18.8, 19.4, 19.6, 20.5, 23.4, 27.5, 30.3, 31.8, 32.9, 33.0, 33.7, 33.4, 34.2, 34.2, 32.8, 31.1, 29.3]","[48.0, 44.0, 38.0, 36.0, 34.0, 31.0, 29.0, 26.0, 23.0, 21.0, 19.0, 18.0, 15.0, 17.0, 10.0, 13.0, 24.0, 37.0, 44.0, 45.0, 44.0, 43.0, 40.0, 40.0, 37.0, 35.0, 29.0, 23.0, 18.0, 14.0]"
15-5,Bondi,east,120,2012-12-03,0,16.0,12,2012,"[30.4, 29.1, 25.6, 22.6, 21.7, 20.3, 18.2, 16.5, 15.7, 14.6, 12.5, 11.6, 12.0, 12.5, 12.6, 12.8, 11.2, 8.7, 7.9, 8.6, 11.0, 13.4, 15.1, 18.7, 21.3, 20.0, 11.5, 10.5, 9.0, 7.9]","[158.0, 154.0, 145.0, 146.0, 148.0, 143.0, 142.0, 144.0, 143.0, 140.0, 141.0, 150.0, 159.0, 162.0, 175.0, 170.0, 159.0, 138.0, 106.0, 75.0, 67.0, 63.0, 62.0, 62.0, 56.0, 51.0, 32.0, 6.0, 344.0, 321.0]"
15-6,Bondi,east,120,2018-11-18,1,12.0,11,2018,"[24.6, 23.4, 19.9, 20.1, 21.3, 22.1, 22.0, 22.1, 21.5, 21.5, 20.0, 17.8, 16.8, 19.3, 14.6, 14.8, 14.8, 14.8, 16.0, 16.3, 16.3, 16.1, 16.1, 16.3, 15.7, 15.2, 13.4, 13.0, 12.6, 11.5]","[155.0, 151.0, 160.0, 159.0, 156.0, 152.0, 148.0, 146.0, 145.0, 145.0, 142.0, 144.0, 149.0, 147.0, 142.0, 139.0, 137.0, 137.0, 134.0, 131.0, 125.0, 117.0, 110.0, 104.0, 101.0, 97.0, 96.0, 95.0, 88.0, 76.0]"
15-6,Bondi,east,120,2014-03-10,0,12.0,3,2014,"[20.3, 21.8, 20.6, 20.0, 19.7, 18.5, 17.1, 16.0, 14.1, 12.2, 11.9, 12.4, 11.1, 10.5, 10.8, 12.4, 13.4, 14.7, 15.8, 17.1, 19.4, 20.9, 22.1, 22.2, 21.5, 21.4, 21.4, 20.7, 19.4, 17.9]","[60.0, 51.0, 43.0, 38.0, 35.0, 29.0, 28.0, 31.0, 32.0, 28.0, 29.0, 26.0, 25.0, 31.0, 30.0, 22.0, 24.0, 36.0, 43.0, 49.0, 55.0, 58.0, 56.0, 54.0, 50.0, 45.0, 45.0, 39.0, 31.0, 25.0]"
15-6,Bondi,east,120,2026-04-07,0,12.0,4,2026,"[17.6, 17.7, 15.5, 16.3, 14.9, 13.6, 12.8, 11.9, 11.5, 12.0, 12.3, 12.4, 12.6, 13.5, 11.9, 11.1, 10.2, 10.6, 12.0, 11.7, 13.0, 14.2, 13.9, 14.3, 13.3, 10.2, 1.1, 3.1, 1.2, 6.6]","[1.0, 358.0, 340.0, 327.0, 323.0, 328.0, 325.0, 318.0, 305.0, 294.0, 288.0, 291.0, 296.0, 300.0, 301.0, 302.0, 311.0, 328.0, 347.0, 5.0, 29.0, 38.0, 48.0, 43.0, 33.0, 21.0, 189.0, 170.0, 219.0, 244.0]"
15-6,Bondi,east,120,2023-11-21,0,12.0,11,2023,"[29.7, 27.7, 11.7, 12.6, 17.7, 21.9, 24.7, 22.4, 19.9, 19.3, 18.6, 15.9, 14.5, 14.9, 9.2, 4.3, 6.2, 10.1, 13.7, 14.8, 14.8, 15.1, 15.3, 13.6, 12.6, 11.3, 12.9, 13.6, 13.7, 11.9]","[23.0, 18.0, 18.0, 31.0, 39.0, 42.0, 44.0, 48.0, 55.0, 57.0, 54.0, 57.0, 67.0, 70.0, 69.0, 95.0, 159.0, 176.0, 185.0, 181.0, 174.0, 168.0, 165.0, 169.0, 178.0, 189.0, 198.0, 202.0, 207.0, 205.0]"
15-7,Bondi,east,120,2020-10-25,1,12.0,10,2020,"[20.0, 19.1, 14.9, 12.1, 17.9, 39.0, 38.6, 36.7, 34.3, 33.9, 35.0, 36.8, 38.2, 40.7, 38.0, 39.6, 39.4, 40.2, 39.8, 40.3, 40.2, 39.6, 38.0, 34.9, 36.0, 38.3, 41.2, 42.3, 43.7, 45.9]","[8.0, 4.0, 8.0, 343.0, 218.0, 192.0, 184.0, 182.0, 185.0, 184.0, 183.0, 183.0, 182.0, 181.0, 185.0, 183.0, 185.0, 187.0, 189.0, 193.0, 198.0, 202.0, 199.0, 188.0, 166.0, 156.0, 168.0, 166.0, 161.0, 156.0]"
15-7,Bondi,east,120,2025-05-22,0,12.0,5,2025,"[22.8, 22.9, 18.5, 19.1, 17.3, 18.4, 20.3, 22.0, 23.3, 24.2, 23.6, 26.2, 27.6, 28.7, 22.0, 23.2, 26.9, 26.7, 25.0, 27.0, 27.5, 27.6, 28.9, 32.8, 33.6, 34.8, 25.1, 29.4, 29.3, 30.0]","[102.0, 99.0, 106.0, 101.0, 107.0, 108.0, 113.0, 118.0, 117.0, 105.0, 94.0, 96.0, 98.0, 94.0, 107.0, 98.0, 87.0, 87.0, 92.0, 92.0, 90.0, 94.0, 98.0, 89.0, 85.0, 83.0, 75.0, 75.0, 76.0, 75.0]"
15-7,Bondi,east,120,2006-11-24,0,12.0,11,2006,"[16.0, 16.1, 14.3, 15.9, 17.6, 18.6, 19.4, 20.4, 21.0, 21.1, 19.6, 17.7, 16.1, 14.9, 13.4, 14.0, 16.7, 18.4, 20.0, 20.9, 21.0, 21.7, 23.8, 24.1, 24.0, 23.2, 21.9, 19.2, 16.4, 13.3]","[126.0, 138.0, 141.0, 141.0, 137.0, 136.0, 138.0, 134.0, 129.0, 127.0, 122.0, 117.0, 110.0, 105.0, 95.0, 89.0, 84.0, 79.0, 72.0, 69.0, 68.0, 71.0, 72.0, 70.0, 64.0, 57.0, 42.0, 34.0, 26.0, 19.0]"
15-7,Bondi,east,120,2026-04-06,0,12.0,4,2026,"[13.2, 13.5, 11.0, 11.3, 10.3, 8.1, 4.8, 2.6, 4.0, 5.7, 5.5, 5.6, 5.2, 3.9, 3.1, 3.5, 7.3, 9.0, 10.5, 10.4, 7.1, 8.4, 11.8, 15.1, 17.6, 17.7, 15.5, 16.3, 14.9, 13.6]","[156.0, 155.0, 156.0, 160.0, 151.0, 143.0, 149.0, 205.0, 234.0, 235.0, 224.0, 202.0, 186.0, 217.0, 177.0, 291.0, 320.0, 338.0, 347.0, 351.0, 10.0, 23.0, 17.0, 8.0, 1.0, 358.0, 340.0, 327.0, 323.0, 328.0]"
15-8,Bondi,east,120,2021-02-10,1,13.0,2,2021,"[21.3, 20.7, 21.2, 20.2, 17.7, 16.1, 15.8, 15.5, 15.9, 15.8, 14.6, 14.6, 15.4, 16.0, 13.3, 12.7, 11.9, 11.3, 11.0, 11.5, 12.0, 12.6, 13.8, 14.8, 15.1, 14.5, 10.8, 9.1, 6.5, 4.7]","[164.0, 163.0, 165.0, 158.0, 151.0, 146.0, 150.0, 158.0, 155.0, 150.0, 147.0, 147.0, 147.0, 144.0, 142.0, 135.0, 119.0, 112.0, 113.0, 110.0, 106.0, 103.0, 105.0, 104.0, 102.0, 97.0, 94.0, 97.0, 96.0, 90.0]"
15-8,Bondi,east,120,2014-01-13,0,13.0,1,2014,"[19.5, 20.4, 16.4, 18.7, 19.2, 18.6, 18.4, 18.5, 18.8, 18.8, 18.4, 17.3, 16.8, 15.1, 13.2, 12.0, 12.4, 13.8, 15.5, 16.8, 17.8, 18.0, 19.1, 19.5, 19.6, 18.1, 14.0, 14.0, 14.4, 14.8]","[128.0, 132.0, 140.0, 150.0, 157.0, 162.0, 168.0, 172.0, 175.0, 177.0, 177.0, 176.0, 171.0, 168.0, 169.0, 159.0, 144.0, 129.0, 115.0, 105.0, 97.0, 91.0, 89.0, 86.0, 84.0, 77.0, 67.0, 61.0, 58.0, 49.0]"
15-8,Bondi,east,120,2010-09-19,0,13.0,9,2010,"[11.5, 10.9, 11.0, 7.2, 2.4, 2.6, 8.4, 12.7, 14.2, 15.4, 15.3, 13.0, 10.5, 9.5, 7.7, 5.6, 5.6, 7.4, 8.4, 9.9, 10.1, 9.2, 11.8, 14.0, 14.6, 13.1, 7.9, 8.3, 7.1, 4.3]","[94.0, 84.0, 52.0, 37.0, 27.0, 254.0, 223.0, 235.0, 240.0, 233.0, 225.0, 226.0, 229.0, 233.0, 233.0, 225.0, 165.0, 133.0, 110.0, 100.0, 90.0, 59.0, 59.0, 61.0, 57.0, 53.0, 39.0, 34.0, 41.0, 42.0]"
15-8,Bondi,east,120,2021-04-28,0,13.0,4,2021,"[15.9, 15.2, 11.1, 9.9, 9.0, 7.9, 6.8, 6.1, 7.6, 9.0, 9.7, 9.4, 9.2, 7.5, 4.8, 3.9, 2.3, 1.6, 4.7, 5.8, 7.3, 10.0, 13.7, 15.4, 15.1, 14.7, 11.8, 11.0, 10.8, 10.8]","[118.0, 121.0, 126.0, 136.0, 143.0, 150.0, 162.0, 183.0, 205.0, 217.0, 222.0, 223.0, 222.0, 215.0, 222.0, 248.0, 252.0, 117.0, 94.0, 86.0, 79.0, 75.0, 72.0, 69.0, 65.0, 59.0, 50.0, 41.0, 30.0, 15.0]"
15-9,Bondi,east,120,2022-12-21,1,16.0,12,2022,"[25.5, 24.2, 18.2, 15.3, 14.4, 15.4, 15.4, 15.1, 14.3, 13.0, 13.0, 13.2, 13.8, 14.2, 13.5, 13.2, 13.9, 15.1, 16.1, 15.4, 17.1, 19.5, 18.5, 16.4, 14.6, 14.3, 12.4, 11.3, 11.6, 11.3]","[160.0, 155.0, 157.0, 162.0, 178.0, 185.0, 185.0, 177.0, 175.0, 190.0, 202.0, 202.0, 202.0, 189.0, 196.0, 183.0, 169.0, 153.0, 139.0, 127.0, 109.0, 99.0, 96.0, 93.0, 86.0, 76.0, 57.0, 54.0, 47.0, 37.0]"
15-9,Bondi,east,120,2011-08-10,0,16.0,8,2011,"[1.1, 6.1, 19.7, 25.6, 25.3, 23.7, 23.7, 23.7, 23.9, 24.6, 24.9, 24.9, 24.9, 24.7, 25.9, 26.9, 25.8, 23.8, 20.8, 18.4, 17.3, 15.8, 15.2, 17.4, 21.7, 25.0, 20.7, 21.5, 21.3, 21.1]","[180.0, 270.0, 261.0, 259.0, 259.0, 261.0, 261.0, 261.0, 263.0, 264.0, 259.0, 256.0, 256.0, 257.0, 260.0, 262.0, 262.0, 260.0, 261.0, 267.0, 270.0, 269.0, 263.0, 264.0, 264.0, 263.0, 277.0, 288.0, 296.0, 297.0]"
15-9,Bondi,east,120,2020-12-24,0,16.0,12,2020,"[20.7, 16.8, 10.1, 7.4, 5.2, 3.0, 2.4, 3.4, 5.5, 5.9, 6.9, 9.1, 11.1, 12.4, 13.7, 15.3, 15.9, 16.3, 18.6, 22.4, 25.1, 27.8, 28.1, 27.1, 24.0, 18.1, 14.5, 12.6, 14.5, 15.8]","[141.0, 133.0, 125.0, 119.0, 102.0, 76.0, 27.0, 18.0, 11.0, 14.0, 6.0, 351.0, 347.0, 352.0, 342.0, 345.0, 354.0, 8.0, 22.0, 33.0, 39.0, 41.0, 40.0, 40.0, 41.0, 49.0, 71.0, 117.0, 145.0, 159.0]"
15-9,Bondi,east,120,2008-04-23,0,16.0,4,2008,"[22.2, 21.9, 19.2, 18.1, 17.4, 17.0, 16.7, 16.6, 17.1, 18.2, 19.7, 19.8, 19.0, 19.3, 16.9, 17.2, 17.6, 19.3, 20.8, 22.1, 23.1, 22.1, 21.7, 21.3, 20.7, 20.6, 20.6, 20.6, 20.2, 18.5]","[151.0, 155.0, 146.0, 145.0, 150.0, 148.0, 155.0, 156.0, 155.0, 155.0, 156.0, 155.0, 155.0, 153.0, 153.0, 151.0, 152.0, 151.0, 154.0, 158.0, 157.0, 158.0, 159.0, 158.0, 157.0, 153.0, 155.0, 161.0, 158.0, 153.0]"
15-10,Bondi,east,120,2023-10-19,1,18.0,10,2023,"[17.4, 16.2, 11.5, 9.8, 9.8, 9.4, 8.6, 7.3, 5.7, 4.6, 3.8, 4.1, 3.1, 3.3, 2.8, 2.9, 4.6, 7.9, 11.2, 14.6, 17.4, 21.2, 23.6, 24.7, 24.1, 24.0, 21.2, 19.9, 17.8, 16.6]","[112.0, 107.0, 104.0, 98.0, 96.0, 90.0, 90.0, 81.0, 72.0, 51.0, 49.0, 52.0, 45.0, 41.0, 310.0, 330.0, 18.0, 39.0, 45.0, 50.0, 52.0, 58.0, 59.0, 56.0, 52.0, 47.0, 42.0, 32.0, 21.0, 13.0]"
15-10,Bondi,east,120,2013-12-10,0,18.0,12,2013,"[29.0, 28.4, 25.1, 27.7, 25.9, 23.4, 27.4, 31.1, 29.8, 26.8, 22.3, 22.2, 22.6, 21.7, 16.6, 12.5, 8.8, 7.4, 8.4, 10.5, 13.4, 14.8, 15.0, 14.8, 16.0, 17.3, 20.9, 22.9, 21.4, 19.3]","[28.0, 24.0, 35.0, 26.0, 14.0, 1.0, 341.0, 335.0, 323.0, 303.0, 301.0, 310.0, 304.0, 299.0, 318.0, 314.0, 279.0, 247.0, 211.0, 174.0, 149.0, 131.0, 117.0, 108.0, 113.0, 126.0, 159.0, 154.0, 151.0, 147.0]"
15-10,Bondi,east,120,2023-07-11,0,18.0,7,2023,"[8.3, 13.7, 17.3, 20.0, 19.7, 17.6, 17.1, 19.4, 21.4, 21.4, 20.0, 19.2, 18.4, 18.1, 17.6, 16.7, 16.1, 16.3, 14.8, 12.3, 9.0, 6.1, 3.9, 5.1, 6.6, 7.4, 4.6, 4.1, 5.4, 7.8]","[270.0, 256.0, 249.0, 240.0, 239.0, 247.0, 252.0, 252.0, 250.0, 250.0, 256.0, 264.0, 271.0, 277.0, 285.0, 289.0, 290.0, 288.0, 284.0, 277.0, 270.0, 267.0, 292.0, 321.0, 338.0, 337.0, 315.0, 285.0, 278.0, 283.0]"
15-10,Bondi,east,120,2018-07-29,0,18.0,7,2018,"[18.2, 20.3, 17.9, 18.4, 18.1, 17.3, 15.5, 16.2, 17.4, 18.8, 20.0, 20.8, 21.3, 22.8, 22.8, 23.5, 25.6, 27.1, 25.9, 23.1, 20.9, 23.2, 24.2, 26.3, 26.2, 24.9, 23.9, 21.1, 19.2, 19.2]","[34.0, 20.0, 19.0, 12.0, 5.0, 358.0, 359.0, 1.0, 7.0, 356.0, 352.0, 350.0, 349.0, 348.0, 348.0, 355.0, 4.0, 14.0, 9.0, 356.0, 336.0, 311.0, 295.0, 283.0, 279.0, 275.0, 264.0, 250.0, 257.0, 276.0]"
15-11,Bondi,east,120,2023-11-14,1,10.0,11,2023,"[12.9, 12.3, 11.1, 12.0, 13.5, 12.5, 12.0, 13.0, 13.3, 13.1, 13.2, 14.8, 16.9, 18.0, 11.7, 12.7, 14.4, 18.3, 19.4, 21.3, 21.9, 22.8, 21.5, 19.1, 15.7, 13.7, 9.3, 11.4, 11.0, 13.2]","[103.0, 83.0, 65.0, 41.0, 29.0, 18.0, 9.0, 5.0, 360.0, 351.0, 349.0, 359.0, 359.0, 359.0, 349.0, 15.0, 32.0, 54.0, 59.0, 66.0, 73.0, 78.0, 80.0, 78.0, 74.0, 60.0, 62.0, 62.0, 58.0, 55.0]"
15-11,Bondi,east,120,2025-12-01,0,10.0,12,2025,"[28.6, 29.7, 21.8, 16.7, 16.0, 15.1, 13.8, 13.5, 14.7, 13.9, 14.3, 16.8, 18.9, 21.3, 14.5, 13.6, 13.0, 14.5, 14.6, 17.4, 21.4, 27.4, 28.4, 25.7, 27.1, 28.6, 17.8, 14.1, 19.8, 25.7]","[261.0, 253.0, 243.0, 242.0, 240.0, 237.0, 248.0, 265.0, 277.0, 287.0, 301.0, 307.0, 307.0, 304.0, 308.0, 318.0, 314.0, 302.0, 294.0, 288.0, 288.0, 289.0, 290.0, 293.0, 287.0, 269.0, 263.0, 266.0, 254.0, 247.0]"
15-11,Bondi,east,120,2025-09-15,0,10.0,9,2025,"[18.8, 17.1, 14.3, 13.9, 14.7, 13.8, 12.5, 13.0, 14.5, 15.4, 14.8, 13.6, 13.2, 13.8, 13.0, 13.5, 15.2, 16.4, 17.5, 16.6, 14.8, 13.9, 13.3, 13.3, 14.3, 16.4, 15.6, 15.6, 16.5, 18.5]","[36.0, 21.0, 345.0, 316.0, 294.0, 288.0, 297.0, 309.0, 314.0, 315.0, 313.0, 314.0, 321.0, 332.0, 331.0, 341.0, 346.0, 356.0, 358.0, 2.0, 10.0, 17.0, 16.0, 2.0, 341.0, 328.0, 321.0, 330.0, 338.0, 335.0]"
15-11,Bondi,east,120,2015-02-15,0,10.0,2,2015,"[23.5, 24.7, 21.9, 20.5, 22.4, 23.7, 23.7, 23.9, 22.9, 21.5, 19.9, 15.2, 10.9, 10.9, 11.5, 9.3, 7.5, 4.2, 4.7, 10.4, 15.2, 16.6, 13.2, 15.7, 18.6, 19.4, 20.6, 23.2, 24.6, 26.5]","[40.0, 42.0, 33.0, 28.0, 30.0, 24.0, 22.0, 21.0, 19.0, 14.0, 6.0, 4.0, 17.0, 17.0, 346.0, 324.0, 287.0, 239.0, 122.0, 92.0, 83.0, 77.0, 61.0, 58.0, 49.0, 43.0, 44.0, 42.0, 39.0, 37.0]"
15-12,Bondi,east,120,2024-02-08,1,17.0,2,2024,"[29.7, 30.8, 27.0, 27.8, 28.2, 27.5, 26.6, 25.9, 25.2, 25.0, 24.7, 24.7, 24.5, 23.8, 21.3, 21.4, 21.1, 22.7, 24.5, 23.7, 24.3, 24.5, 23.4, 22.6, 22.3, 22.5, 19.0, 18.9, 18.6, 18.8]","[159.0, 154.0, 149.0, 149.0, 153.0, 158.0, 161.0, 164.0, 163.0, 162.0, 159.0, 157.0, 156.0, 153.0, 150.0, 155.0, 157.0, 155.0, 154.0, 154.0, 155.0, 156.0, 157.0, 158.0, 159.0, 160.0, 165.0, 166.0, 170.0, 173.0]"
15-12,Bondi,east,120,2019-12-10,0,17.0,12,2019,"[33.1, 32.1, 27.0, 23.0, 20.6, 18.0, 15.1, 13.9, 13.6, 13.9, 13.8, 13.7, 12.7, 11.3, 7.5, 8.0, 8.0, 11.0, 13.7, 22.0, 30.9, 32.8, 36.1, 38.2, 36.8, 36.8, 39.0, 36.2, 36.2, 36.8]","[43.0, 37.0, 34.0, 29.0, 25.0, 20.0, 18.0, 21.0, 22.0, 17.0, 9.0, 360.0, 353.0, 353.0, 343.0, 10.0, 36.0, 58.0, 87.0, 140.0, 165.0, 171.0, 175.0, 182.0, 184.0, 183.0, 184.0, 186.0, 186.0, 184.0]"
15-12,Bondi,east,120,2022-11-01,0,17.0,11,2022,"[36.4, 31.5, 24.5, 19.7, 24.2, 30.8, 34.6, 40.4, 37.1, 33.7, 31.5, 30.6, 30.1, 31.9, 34.0, 32.2, 34.6, 35.2, 33.7, 32.8, 31.3, 31.9, 32.4, 32.8, 29.8, 34.3, 34.7, 29.2, 27.4, 30.8]","[360.0, 345.0, 327.0, 348.0, 5.0, 2.0, 2.0, 348.0, 341.0, 335.0, 313.0, 296.0, 302.0, 302.0, 284.0, 287.0, 292.0, 296.0, 298.0, 296.0, 297.0, 301.0, 304.0, 306.0, 306.0, 311.0, 303.0, 305.0, 311.0, 295.0]"
15-12,Bondi,east,120,2009-06-21,0,17.0,6,2009,"[19.4, 21.3, 21.3, 22.8, 25.6, 27.4, 27.1, 28.0, 28.9, 28.3, 28.5, 27.9, 27.3, 27.1, 21.0, 19.9, 20.2, 20.2, 20.6, 21.7, 21.8, 20.2, 21.4, 23.2, 24.5, 26.1, 22.5, 22.1, 23.4, 25.9]","[40.0, 37.0, 39.0, 38.0, 38.0, 35.0, 36.0, 35.0, 31.0, 27.0, 25.0, 22.0, 21.0, 19.0, 7.0, 5.0, 359.0, 4.0, 12.0, 12.0, 13.0, 19.0, 27.0, 28.0, 26.0, 26.0, 13.0, 16.0, 14.0, 14.0]"
15-13,Bondi,east,120,2024-03-02,1,7.0,3,2024,"[15.8, 19.1, 15.5, 18.0, 16.6, 14.5, 11.5, 8.6, 6.1, 3.2, 2.6, 2.7, 2.9, 6.7, 24.4, 30.0, 34.2, 33.9, 30.3, 27.9, 25.2, 26.5, 29.8, 29.3, 27.3, 25.3, 21.8, 20.6, 19.5, 17.5]","[17.0, 22.0, 13.0, 360.0, 347.0, 346.0, 346.0, 345.0, 357.0, 360.0, 326.0, 337.0, 240.0, 196.0, 161.0, 174.0, 181.0, 184.0, 190.0, 187.0, 178.0, 172.0, 172.0, 166.0, 159.0, 156.0, 146.0, 137.0, 129.0, 122.0]"
15-13,Bondi,east,120,2011-04-27,0,7.0,4,2011,"[26.5, 25.3, 20.7, 22.1, 24.2, 25.1, 24.8, 24.5, 24.5, 24.7, 25.0, 25.0, 24.9, 26.0, 22.8, 25.1, 24.5, 25.5, 26.7, 28.0, 28.6, 27.8, 27.0, 26.1, 25.8, 25.5, 24.2, 24.2, 24.0, 24.9]","[143.0, 140.0, 139.0, 134.0, 132.0, 129.0, 130.0, 131.0, 133.0, 133.0, 136.0, 140.0, 143.0, 143.0, 142.0, 142.0, 147.0, 149.0, 153.0, 154.0, 157.0, 159.0, 161.0, 162.0, 161.0, 158.0, 162.0, 162.0, 161.0, 160.0]"
15-13,Bondi,east,120,2025-06-23,0,7.0,6,2025,"[10.8, 12.6, 9.7, 10.8, 11.1, 11.0, 11.9, 13.2, 13.3, 13.6, 13.0, 12.9, 13.3, 14.7, 14.6, 12.1, 11.6, 10.7, 11.3, 13.4, 16.6, 18.3, 19.7, 21.6, 23.7, 25.1, 24.7, 23.2, 22.5, 22.9]","[11.0, 9.0, 358.0, 350.0, 340.0, 336.0, 333.0, 328.0, 325.0, 321.0, 318.0, 319.0, 322.0, 321.0, 305.0, 313.0, 323.0, 333.0, 347.0, 5.0, 13.0, 14.0, 16.0, 16.0, 15.0, 11.0, 10.0, 7.0, 1.0, 1.0]"
15-13,Bondi,east,120,2009-08-25,0,7.0,8,2009,"[24.9, 26.2, 19.9, 17.7, 14.5, 13.3, 14.5, 16.3, 19.0, 23.2, 34.8, 37.0, 35.1, 38.2, 33.1, 27.4, 22.0, 19.5, 18.9, 18.2, 17.9, 18.9, 20.7, 21.2, 21.4, 22.6, 25.5, 25.7, 27.3, 28.8]","[329.0, 328.0, 319.0, 308.0, 305.0, 327.0, 341.0, 342.0, 333.0, 317.0, 293.0, 283.0, 275.0, 273.0, 271.0, 265.0, 267.0, 274.0, 278.0, 278.0, 279.0, 283.0, 287.0, 288.0, 290.0, 295.0, 310.0, 318.0, 306.0, 302.0]"
15-14,Bondi,east,120,2024-03-04,1,12.0,3,2024,"[16.2, 19.7, 14.7, 18.5, 24.3, 26.6, 28.1, 29.8, 30.3, 35.6, 38.5, 37.7, 35.8, 36.1, 35.6, 33.2, 30.4, 28.2, 26.7, 25.9, 26.0, 26.1, 24.5, 23.1, 24.3, 24.5, 19.2, 18.6, 17.7, 16.5]","[122.0, 142.0, 149.0, 153.0, 153.0, 147.0, 149.0, 153.0, 156.0, 162.0, 169.0, 173.0, 175.0, 176.0, 179.0, 176.0, 174.0, 174.0, 175.0, 171.0, 166.0, 160.0, 158.0, 157.0, 155.0, 150.0, 157.0, 162.0, 163.0, 164.0]"
15-14,Bondi,east,120,2023-12-22,0,12.0,12,2023,"[40.7, 39.4, 35.7, 35.3, 35.1, 33.2, 33.4, 32.6, 30.9, 30.6, 29.7, 28.5, 27.0, 27.1, 23.6, 24.3, 23.8, 22.1, 23.4, 25.8, 28.4, 29.6, 29.9, 32.1, 33.1, 32.3, 25.6, 25.2, 25.2, 23.1]","[191.0, 189.0, 189.0, 188.0, 190.0, 193.0, 194.0, 196.0, 199.0, 200.0, 201.0, 205.0, 207.0, 205.0, 201.0, 195.0, 190.0, 186.0, 180.0, 168.0, 165.0, 167.0, 167.0, 170.0, 172.0, 173.0, 178.0, 177.0, 180.0, 183.0]"
15-14,Bondi,east,120,2024-03-23,0,12.0,3,2024,"[18.6, 20.7, 17.6, 16.6, 15.7, 15.2, 14.1, 12.7, 11.4, 10.5, 8.7, 6.9, 5.9, 5.6, 6.6, 8.8, 9.5, 9.8, 10.5, 11.3, 13.4, 14.3, 13.2, 11.0, 8.9, 9.2, 9.0, 7.2, 8.0, 8.9]","[41.0, 40.0, 28.0, 22.0, 11.0, 5.0, 3.0, 353.0, 342.0, 333.0, 330.0, 321.0, 313.0, 297.0, 241.0, 215.0, 205.0, 174.0, 158.0, 149.0, 144.0, 137.0, 133.0, 128.0, 140.0, 154.0, 164.0, 174.0, 175.0, 153.0]"
15-14,Bondi,east,120,2009-12-22,0,12.0,12,2009,"[31.2, 27.8, 22.7, 23.1, 21.6, 21.8, 21.6, 20.4, 18.9, 17.8, 16.3, 14.4, 14.0, 14.4, 11.4, 10.5, 11.9, 15.3, 17.8, 20.3, 23.2, 22.7, 18.8, 17.3, 19.1, 17.8, 15.5, 12.8, 10.2, 7.2]","[40.0, 37.0, 27.0, 21.0, 24.0, 22.0, 18.0, 21.0, 21.0, 14.0, 5.0, 359.0, 359.0, 360.0, 349.0, 4.0, 29.0, 43.0, 54.0, 60.0, 60.0, 54.0, 43.0, 45.0, 49.0, 43.0, 22.0, 16.0, 23.0, 37.0]"
15-15,Bondi,east,120,2024-03-26,1,15.0,3,2024,"[15.8, 14.8, 12.2, 8.9, 6.1, 2.9, 2.3, 7.7, 12.3, 13.9, 13.7, 12.8, 12.3, 12.0, 6.4, 7.4, 7.1, 5.8, 5.2, 6.6, 9.7, 13.0, 15.7, 16.3, 15.1, 14.3, 10.1, 8.1, 9.1, 10.8]","[49.0, 43.0, 47.0, 43.0, 28.0, 360.0, 231.0, 191.0, 177.0, 170.0, 166.0, 170.0, 177.0, 187.0, 218.0, 227.0, 221.0, 202.0, 168.0, 131.0, 117.0, 118.0, 122.0, 125.0, 130.0, 137.0, 145.0, 159.0, 173.0, 178.0]"
15-15,Bondi,east,120,2025-11-09,0,15.0,11,2025,"[18.6, 17.8, 12.1, 18.7, 21.1, 21.5, 21.5, 18.8, 19.0, 24.1, 28.3, 30.1, 31.4, 30.5, 25.5, 32.1, 33.8, 31.2, 29.1, 29.9, 32.3, 34.1, 33.5, 32.1, 29.4, 26.0, 20.3, 15.8, 14.5, 13.9]","[354.0, 332.0, 210.0, 198.0, 191.0, 190.0, 192.0, 205.0, 233.0, 252.0, 261.0, 266.0, 262.0, 251.0, 228.0, 203.0, 196.0, 193.0, 188.0, 178.0, 171.0, 168.0, 170.0, 169.0, 168.0, 168.0, 173.0, 178.0, 174.0, 167.0]"
15-15,Bondi,east,120,2015-04-04,0,15.0,4,2015,"[22.5, 23.5, 21.4, 21.8, 22.3, 24.5, 27.7, 30.0, 31.2, 31.9, 31.9, 31.1, 31.0, 32.2, 34.7, 34.0, 33.7, 32.5, 30.8, 28.6, 28.1, 27.9, 27.9, 27.8, 27.9, 27.7, 23.5, 25.6, 27.1, 26.7]","[148.0, 139.0, 131.0, 124.0, 121.0, 120.0, 120.0, 119.0, 117.0, 118.0, 118.0, 120.0, 121.0, 122.0, 119.0, 122.0, 127.0, 129.0, 134.0, 139.0, 144.0, 150.0, 156.0, 161.0, 163.0, 164.0, 175.0, 176.0, 176.0, 182.0]"
15-15,Bondi,east,120,2006-07-24,0,15.0,7,2006,"[6.3, 1.1, 10.8, 13.6, 12.7, 11.0, 9.7, 10.6, 11.1, 8.6, 5.8, 3.8, 2.3, 2.6, 6.2, 9.8, 10.6, 11.8, 12.6, 11.6, 10.7, 12.4, 16.5, 18.9, 19.9, 21.3, 22.8, 22.7, 19.9, 13.7]","[24.0, 72.0, 69.0, 53.0, 45.0, 52.0, 63.0, 66.0, 61.0, 57.0, 60.0, 41.0, 18.0, 164.0, 187.0, 156.0, 145.0, 130.0, 117.0, 126.0, 138.0, 158.0, 170.0, 167.0, 163.0, 154.0, 168.0, 165.0, 158.0, 153.0]"
15-16,Bondi,east,120,2024-07-03,1,14.0,7,2024,"[17.8, 18.7, 14.4, 17.0, 18.7, 18.9, 18.7, 18.8, 19.5, 22.1, 23.6, 25.7, 26.5, 26.0, 20.0, 23.0, 26.0, 27.2, 28.6, 30.9, 32.7, 32.9, 32.5, 31.8, 31.3, 31.1, 21.0, 20.0, 19.1, 21.0]","[162.0, 159.0, 172.0, 176.0, 167.0, 159.0, 157.0, 158.0, 161.0, 162.0, 162.0, 163.0, 162.0, 170.0, 191.0, 192.0, 188.0, 186.0, 189.0, 188.0, 186.0, 190.0, 196.0, 192.0, 189.0, 185.0, 194.0, 183.0, 171.0, 152.0]"
15-16,Bondi,east,120,2010-01-10,0,14.0,1,2010,"[19.5, 18.6, 21.3, 20.6, 20.2, 16.9, 13.6, 9.7, 5.2, 2.4, 0.5, 6.9, 14.0, 18.9, 18.1, 22.5, 27.0, 28.6, 27.6, 25.7, 23.7, 24.9, 25.2, 25.1, 26.2, 26.5, 23.7, 21.9, 20.3, 18.9]","[30.0, 22.0, 16.0, 6.0, 357.0, 348.0, 338.0, 333.0, 348.0, 27.0, 135.0, 223.0, 215.0, 201.0, 197.0, 186.0, 178.0, 175.0, 172.0, 169.0, 170.0, 169.0, 166.0, 167.0, 167.0, 165.0, 167.0, 163.0, 160.0, 156.0]"
15-16,Bondi,east,120,2022-07-18,0,14.0,7,2022,"[27.3, 26.1, 18.9, 21.8, 23.9, 23.4, 22.5, 21.5, 19.3, 17.5, 18.3, 20.3, 21.7, 22.2, 19.5, 20.2, 23.8, 25.8, 27.7, 26.4, 23.7, 20.5, 17.5, 16.3, 17.6, 21.1, 21.7, 23.2, 23.0, 24.0]","[332.0, 335.0, 348.0, 351.0, 348.0, 346.0, 341.0, 335.0, 321.0, 305.0, 298.0, 290.0, 281.0, 273.0, 256.0, 251.0, 247.0, 248.0, 251.0, 250.0, 243.0, 234.0, 229.0, 224.0, 225.0, 233.0, 243.0, 245.0, 236.0, 216.0]"
15-16,Bondi,east,120,2013-06-17,0,14.0,6,2013,"[17.9, 19.0, 24.6, 25.1, 24.8, 24.6, 25.0, 25.7, 25.8, 26.6, 26.6, 27.3, 28.2, 29.3, 27.7, 27.8, 27.0, 27.2, 29.3, 28.2, 28.7, 28.4, 27.7, 25.8, 24.5, 23.6, 26.7, 26.4, 26.3, 26.1]","[230.0, 243.0, 252.0, 258.0, 261.0, 263.0, 264.0, 264.0, 263.0, 257.0, 251.0, 247.0, 245.0, 241.0, 235.0, 228.0, 222.0, 217.0, 214.0, 215.0, 213.0, 210.0, 210.0, 210.0, 210.0, 211.0, 206.0, 208.0, 210.0, 218.0]"
15-17,Bondi,east,120,2024-09-17,1,10.0,9,2024,"[19.9, 20.9, 24.2, 25.5, 26.5, 26.6, 27.5, 29.1, 29.3, 27.9, 24.9, 21.6, 19.6, 17.4, 12.0, 9.4, 7.4, 8.2, 3.8, 4.7, 10.6, 15.6, 19.3, 21.2, 20.9, 18.6, 13.4, 13.4, 12.2, 13.1]","[165.0, 176.0, 184.0, 189.0, 192.0, 195.0, 193.0, 192.0, 192.0, 193.0, 195.0, 198.0, 206.0, 213.0, 229.0, 234.0, 238.0, 255.0, 275.0, 40.0, 46.0, 49.0, 50.0, 48.0, 40.0, 26.0, 26.0, 7.0, 335.0, 297.0]"
15-17,Bondi,east,120,2023-07-30,0,10.0,7,2023,"[11.4, 11.2, 8.3, 8.8, 8.9, 10.0, 10.9, 11.7, 13.0, 13.6, 13.7, 13.4, 14.0, 14.4, 14.2, 13.4, 12.1, 11.9, 11.7, 9.7, 7.7, 4.1, 2.9, 4.7, 8.8, 14.4, 17.9, 15.9, 14.1, 14.1]","[24.0, 4.0, 355.0, 351.0, 328.0, 308.0, 304.0, 304.0, 304.0, 302.0, 300.0, 297.0, 296.0, 292.0, 300.0, 301.0, 300.0, 305.0, 313.0, 321.0, 323.0, 345.0, 360.0, 302.0, 279.0, 267.0, 255.0, 257.0, 264.0, 273.0]"
15-17,Bondi,east,120,2015-03-30,0,10.0,3,2015,"[23.7, 22.8, 16.8, 14.4, 12.9, 9.7, 5.8, 3.3, 1.4, 1.1, 2.1, 4.7, 7.1, 6.9, 9.2, 9.2, 9.4, 9.4, 11.2, 12.7, 14.3, 11.6, 6.5, 7.4, 9.3, 9.5, 4.7, 4.4, 5.9, 6.2]","[46.0, 38.0, 35.0, 32.0, 18.0, 4.0, 4.0, 6.0, 360.0, 288.0, 239.0, 247.0, 246.0, 231.0, 191.0, 169.0, 148.0, 130.0, 111.0, 105.0, 100.0, 83.0, 71.0, 76.0, 74.0, 81.0, 113.0, 81.0, 43.0, 7.0]"
15-17,Bondi,east,120,2024-01-10,0,10.0,1,2024,"[17.8, 14.8, 11.8, 8.9, 8.0, 5.6, 6.3, 6.6, 5.1, 2.1, 1.1, 0.4, 1.5, 5.4, 4.7, 8.2, 10.2, 12.8, 17.5, 21.2, 23.1, 23.1, 19.6, 18.5, 17.7, 16.0, 9.0, 8.2, 9.9, 10.0]","[144.0, 139.0, 128.0, 130.0, 126.0, 135.0, 149.0, 139.0, 129.0, 149.0, 198.0, 270.0, 14.0, 20.0, 32.0, 41.0, 45.0, 50.0, 53.0, 58.0, 59.0, 56.0, 54.0, 57.0, 52.0, 44.0, 37.0, 41.0, 46.0, 49.0]"
15-18,Bondi,east,120,2024-10-02,1,15.0,10,2024,"[14.2, 13.5, 9.7, 11.2, 12.9, 13.7, 15.8, 16.9, 17.0, 16.4, 16.9, 18.0, 21.9, 25.4, 18.8, 19.9, 23.2, 23.7, 21.5, 20.3, 18.8, 17.8, 17.3, 16.5, 14.7, 13.1, 12.4, 12.1, 9.1, 8.2]","[102.0, 106.0, 125.0, 135.0, 132.0, 129.0, 132.0, 136.0, 139.0, 142.0, 146.0, 151.0, 154.0, 154.0, 148.0, 158.0, 160.0, 160.0, 161.0, 162.0, 161.0, 160.0, 157.0, 153.0, 152.0, 142.0, 130.0, 111.0, 99.0, 99.0]"
15-18,Bondi,east,120,2021-01-17,0,15.0,1,2021,"[20.5, 22.1, 14.7, 8.9, 8.4, 7.2, 6.0, 5.5, 9.1, 10.5, 10.1, 11.0, 13.4, 16.4, 17.2, 21.0, 19.8, 17.2, 16.1, 16.4, 19.1, 23.8, 27.3, 26.8, 22.6, 18.0, 9.2, 5.4, 3.2, 3.4]","[75.0, 46.0, 62.0, 47.0, 47.0, 53.0, 57.0, 11.0, 342.0, 319.0, 297.0, 281.0, 265.0, 255.0, 213.0, 196.0, 180.0, 169.0, 156.0, 142.0, 131.0, 122.0, 113.0, 107.0, 98.0, 91.0, 101.0, 90.0, 90.0, 122.0]"
15-18,Bondi,east,120,2025-06-19,0,15.0,6,2025,"[2.8, 4.6, 6.0, 6.2, 6.8, 7.8, 8.5, 9.0, 10.2, 10.1, 9.8, 9.3, 8.9, 9.1, 11.7, 11.2, 9.8, 8.3, 6.6, 5.6, 5.6, 6.5, 7.7, 8.7, 9.7, 11.3, 9.0, 10.2, 9.7, 8.9]","[35.0, 31.0, 344.0, 330.0, 328.0, 318.0, 306.0, 293.0, 278.0, 264.0, 250.0, 248.0, 261.0, 277.0, 274.0, 267.0, 265.0, 271.0, 286.0, 318.0, 356.0, 24.0, 33.0, 34.0, 35.0, 34.0, 26.0, 8.0, 349.0, 332.0]"
15-18,Bondi,east,120,2022-07-06,0,15.0,7,2022,"[38.4, 38.5, 35.4, 35.5, 34.6, 34.5, 34.6, 34.7, 37.0, 35.8, 34.9, 35.4, 34.5, 34.2, 33.6, 31.4, 30.5, 33.1, 33.1, 30.9, 30.2, 29.1, 27.7, 27.9, 28.5, 28.8, 29.0, 28.6, 28.9, 29.2]","[148.0, 145.0, 144.0, 146.0, 146.0, 149.0, 151.0, 151.0, 149.0, 148.0, 145.0, 144.0, 141.0, 138.0, 145.0, 146.0, 143.0, 142.0, 142.0, 142.0, 145.0, 149.0, 155.0, 162.0, 162.0, 161.0, 167.0, 171.0, 176.0, 181.0]"
15-19,Bondi,east,120,2024-10-22,1,13.0,10,2024,"[33.3, 32.0, 28.1, 25.8, 24.8, 24.2, 22.9, 21.4, 19.7, 18.1, 17.5, 17.0, 16.0, 13.5, 10.4, 6.8, 3.1, 1.7, 4.4, 8.1, 12.3, 15.6, 15.8, 15.9, 14.8, 12.9, 9.6, 10.2, 12.2, 11.0]","[182.0, 181.0, 181.0, 183.0, 189.0, 195.0, 195.0, 195.0, 196.0, 205.0, 216.0, 217.0, 214.0, 209.0, 231.0, 241.0, 263.0, 18.0, 55.0, 72.0, 75.0, 71.0, 67.0, 62.0, 57.0, 49.0, 49.0, 37.0, 27.0, 15.0]"
15-19,Bondi,east,120,2024-03-23,0,13.0,3,2024,"[18.6, 20.7, 17.6, 16.6, 15.7, 15.2, 14.1, 12.7, 11.4, 10.5, 8.7, 6.9, 5.9, 5.6, 6.6, 8.8, 9.5, 9.8, 10.5, 11.3, 13.4, 14.3, 13.2, 11.0, 8.9, 9.2, 9.0, 7.2, 8.0, 8.9]","[41.0, 40.0, 28.0, 22.0, 11.0, 5.0, 3.0, 353.0, 342.0, 333.0, 330.0, 321.0, 313.0, 297.0, 241.0, 215.0, 205.0, 174.0, 158.0, 149.0, 144.0, 137.0, 133.0, 128.0, 140.0, 154.0, 164.0, 174.0, 175.0, 153.0]"
15-19,Bondi,east,120,2011-07-29,0,13.0,7,2011,"[18.5, 19.7, 18.0, 17.7, 17.7, 16.9, 15.8, 14.1, 12.9, 12.3, 11.5, 11.4, 10.9, 11.0, 12.7, 11.3, 8.9, 7.4, 7.1, 6.9, 6.0, 6.5, 7.3, 9.4, 10.3, 11.0, 12.3, 10.1, 8.4, 7.3]","[21.0, 15.0, 3.0, 355.0, 348.0, 340.0, 333.0, 328.0, 324.0, 320.0, 311.0, 305.0, 297.0, 293.0, 278.0, 277.0, 284.0, 293.0, 300.0, 313.0, 335.0, 360.0, 20.0, 32.0, 36.0, 38.0, 21.0, 17.0, 10.0, 351.0]"
15-19,Bondi,east,120,2011-12-29,0,13.0,12,2011,"[29.3, 27.6, 23.5, 22.8, 21.9, 21.3, 20.5, 20.2, 19.8, 19.5, 19.8, 20.2, 20.9, 23.4, 23.4, 24.5, 25.3, 26.1, 26.9, 27.3, 27.2, 26.5, 24.7, 23.1, 22.1, 21.1, 18.6, 18.9, 18.6, 18.1]","[174.0, 172.0, 165.0, 164.0, 163.0, 164.0, 169.0, 176.0, 180.0, 182.0, 183.0, 184.0, 184.0, 181.0, 178.0, 176.0, 175.0, 173.0, 172.0, 171.0, 169.0, 165.0, 161.0, 159.0, 158.0, 160.0, 165.0, 162.0, 162.0, 163.0]"
15-20,Bondi,east,120,2024-10-23,1,8.0,10,2024,"[14.8, 12.9, 9.6, 10.2, 12.2, 11.0, 10.3, 12.2, 13.9, 14.2, 13.6, 13.5, 14.7, 16.0, 13.9, 11.8, 10.8, 12.6, 12.2, 11.6, 10.8, 9.8, 10.0, 15.2, 15.4, 10.3, 4.1, 1.9, 2.5, 5.4]","[57.0, 49.0, 49.0, 37.0, 27.0, 15.0, 11.0, 14.0, 6.0, 356.0, 352.0, 351.0, 353.0, 2.0, 350.0, 341.0, 359.0, 14.0, 24.0, 36.0, 44.0, 62.0, 113.0, 158.0, 153.0, 145.0, 165.0, 49.0, 352.0, 291.0]"
15-20,Bondi,east,120,2009-07-29,0,8.0,7,2009,"[18.6, 20.8, 22.6, 22.0, 22.0, 21.3, 20.9, 21.3, 21.0, 21.1, 21.6, 21.3, 21.0, 20.4, 21.0, 19.8, 18.5, 16.7, 14.7, 12.7, 10.9, 8.9, 5.8, 5.8, 8.4, 12.4, 13.0, 14.8, 15.9, 15.5]","[260.0, 261.0, 261.0, 268.0, 273.0, 274.0, 271.0, 267.0, 264.0, 262.0, 259.0, 258.0, 257.0, 256.0, 254.0, 254.0, 249.0, 245.0, 239.0, 235.0, 236.0, 238.0, 248.0, 270.0, 280.0, 278.0, 273.0, 276.0, 273.0, 267.0]"
15-20,Bondi,east,120,2023-09-09,0,8.0,9,2023,"[31.9, 30.1, 24.9, 23.5, 24.3, 25.4, 26.5, 28.1, 28.5, 27.6, 25.7, 25.6, 25.2, 24.0, 19.1, 17.8, 14.8, 12.2, 11.3, 11.9, 12.9, 16.1, 18.1, 18.9, 14.3, 10.0, 10.9, 17.4, 19.2, 18.4]","[276.0, 282.0, 292.0, 295.0, 291.0, 288.0, 288.0, 289.0, 283.0, 277.0, 276.0, 273.0, 267.0, 261.0, 258.0, 256.0, 252.0, 236.0, 207.0, 177.0, 157.0, 140.0, 131.0, 125.0, 129.0, 150.0, 236.0, 246.0, 247.0, 253.0]"
15-20,Bondi,east,120,2021-10-02,0,8.0,10,2021,"[2.0, 8.1, 3.8, 2.2, 4.8, 8.7, 9.7, 10.5, 10.2, 10.3, 10.5, 10.2, 10.5, 10.9, 11.3, 11.3, 9.0, 5.0, 4.1, 9.2, 11.9, 11.5, 5.5, 2.2, 1.5, 4.7, 1.1, 3.1, 5.1, 7.3]","[225.0, 193.0, 163.0, 90.0, 318.0, 312.0, 309.0, 308.0, 309.0, 306.0, 292.0, 280.0, 276.0, 278.0, 279.0, 279.0, 270.0, 240.0, 142.0, 101.0, 90.0, 90.0, 101.0, 261.0, 284.0, 337.0, 342.0, 291.0, 262.0, 250.0]"
15-21,Bondi,east,120,2024-11-02,1,15.0,11,2024,"[22.9, 24.7, 22.5, 25.1, 24.9, 25.0, 26.2, 26.6, 25.8, 23.0, 20.2, 18.5, 16.4, 14.1, 13.5, 13.8, 16.0, 18.8, 20.5, 21.3, 22.1, 23.8, 24.1, 25.8, 26.0, 27.5, 27.9, 29.5, 28.4, 27.7]","[127.0, 133.0, 137.0, 145.0, 149.0, 153.0, 156.0, 156.0, 153.0, 149.0, 145.0, 142.0, 138.0, 130.0, 115.0, 105.0, 93.0, 78.0, 65.0, 58.0, 53.0, 47.0, 44.0, 40.0, 35.0, 34.0, 37.0, 35.0, 27.0, 23.0]"
15-21,Bondi,east,120,2008-06-05,0,15.0,6,2008,"[37.2, 38.7, 42.7, 41.0, 40.9, 41.6, 43.1, 43.5, 43.7, 44.9, 45.2, 44.8, 43.2, 42.2, 40.4, 42.2, 45.3, 44.8, 44.2, 43.6, 43.1, 42.9, 42.7, 42.3, 42.3, 41.2, 40.4, 39.8, 41.1, 40.4]","[138.0, 137.0, 158.0, 162.0, 162.0, 162.0, 164.0, 168.0, 171.0, 174.0, 175.0, 175.0, 180.0, 184.0, 183.0, 188.0, 186.0, 185.0, 186.0, 188.0, 190.0, 193.0, 196.0, 194.0, 194.0, 194.0, 196.0, 195.0, 191.0, 189.0]"
15-21,Bondi,east,120,2014-08-03,0,15.0,8,2014,"[29.5, 29.2, 25.3, 24.6, 25.2, 25.4, 25.1, 24.6, 24.0, 23.5, 22.3, 20.9, 19.1, 18.1, 14.7, 15.2, 14.8, 13.3, 13.3, 13.1, 12.2, 11.3, 12.0, 12.5, 13.0, 12.7, 10.6, 9.8, 7.1, 6.1]","[182.0, 178.0, 176.0, 173.0, 171.0, 168.0, 168.0, 169.0, 171.0, 175.0, 178.0, 182.0, 184.0, 186.0, 208.0, 211.0, 206.0, 193.0, 183.0, 172.0, 161.0, 149.0, 139.0, 131.0, 124.0, 115.0, 108.0, 114.0, 120.0, 130.0]"
15-21,Bondi,east,120,2025-08-25,0,15.0,8,2025,"[17.6, 18.8, 21.9, 23.1, 24.4, 25.6, 25.1, 24.6, 23.9, 23.8, 24.7, 25.5, 26.0, 25.5, 18.1, 19.0, 19.3, 18.1, 15.6, 13.0, 8.9, 6.9, 6.2, 6.2, 7.1, 7.7, 6.9, 10.8, 13.6, 15.4]","[214.0, 214.0, 229.0, 229.0, 229.0, 228.0, 230.0, 236.0, 239.0, 235.0, 227.0, 222.0, 222.0, 220.0, 254.0, 263.0, 265.0, 260.0, 246.0, 228.0, 201.0, 166.0, 131.0, 97.0, 80.0, 74.0, 39.0, 37.0, 32.0, 21.0]"
15-22,Bondi,east,120,2024-11-15,1,12.0,11,2024,"[19.6, 18.7, 16.7, 17.1, 17.2, 17.2, 17.5, 16.7, 15.2, 13.6, 12.5, 11.8, 11.3, 12.4, 12.3, 13.2, 13.4, 12.4, 11.5, 11.3, 13.3, 15.1, 17.7, 20.3, 23.8, 25.5, 21.0, 21.7, 22.0, 22.0]","[157.0, 159.0, 160.0, 161.0, 162.0, 160.0, 159.0, 159.0, 157.0, 156.0, 153.0, 155.0, 163.0, 163.0, 145.0, 141.0, 140.0, 138.0, 129.0, 112.0, 99.0, 87.0, 78.0, 70.0, 65.0, 65.0, 60.0, 60.0, 57.0, 53.0]"
15-22,Bondi,east,120,2006-11-15,0,12.0,11,2006,"[29.9, 29.6, 25.8, 18.7, 13.5, 13.5, 15.0, 16.1, 17.4, 18.4, 20.2, 22.4, 24.0, 23.5, 17.0, 14.2, 21.3, 29.0, 30.6, 33.2, 37.0, 38.6, 36.1, 32.3, 29.0, 36.6, 40.5, 37.9, 36.6, 33.9]","[31.0, 24.0, 15.0, 2.0, 335.0, 316.0, 316.0, 321.0, 326.0, 332.0, 341.0, 345.0, 343.0, 339.0, 339.0, 324.0, 292.0, 276.0, 272.0, 266.0, 254.0, 248.0, 245.0, 235.0, 208.0, 195.0, 186.0, 197.0, 201.0, 202.0]"
15-22,Bondi,east,120,2025-05-05,0,12.0,5,2025,"[17.7, 19.0, 16.0, 15.1, 14.5, 13.6, 12.5, 12.5, 12.6, 13.2, 13.4, 13.0, 12.9, 12.5, 7.8, 7.6, 7.1, 6.0, 7.1, 8.8, 11.4, 14.4, 16.3, 18.0, 20.4, 22.6, 16.3, 16.1, 15.9, 16.7]","[55.0, 52.0, 52.0, 41.0, 31.0, 22.0, 15.0, 15.0, 17.0, 15.0, 7.0, 358.0, 348.0, 337.0, 318.0, 295.0, 294.0, 316.0, 350.0, 15.0, 35.0, 43.0, 46.0, 43.0, 38.0, 32.0, 17.0, 6.0, 3.0, 1.0]"
15-22,Bondi,east,120,2016-07-26,0,12.0,7,2016,"[29.3, 29.3, 24.2, 25.4, 25.2, 24.2, 23.9, 25.3, 26.9, 26.4, 26.3, 26.8, 26.9, 24.8, 17.1, 12.8, 11.2, 6.6, 3.3, 4.3, 6.8, 6.5, 9.2, 16.6, 21.1, 22.5, 18.4, 14.2, 14.3, 17.9]","[296.0, 302.0, 317.0, 321.0, 323.0, 323.0, 326.0, 334.0, 334.0, 332.0, 335.0, 336.0, 335.0, 336.0, 332.0, 344.0, 327.0, 311.0, 319.0, 355.0, 342.0, 341.0, 318.0, 294.0, 284.0, 286.0, 274.0, 291.0, 313.0, 326.0]"
15-23,Bondi,east,120,2025-02-25,1,11.0,2,2025,"[24.5, 23.6, 24.9, 25.9, 28.1, 28.1, 28.5, 27.5, 26.6, 27.1, 27.3, 27.5, 28.3, 29.2, 25.9, 26.0, 25.5, 24.4, 23.8, 24.0, 23.8, 23.0, 21.2, 19.9, 17.3, 14.9, 12.5, 10.7, 10.1, 10.1]","[172.0, 176.0, 183.0, 189.0, 186.0, 181.0, 178.0, 179.0, 178.0, 175.0, 172.0, 169.0, 168.0, 167.0, 171.0, 172.0, 169.0, 169.0, 169.0, 169.0, 167.0, 165.0, 161.0, 158.0, 156.0, 155.0, 157.0, 163.0, 168.0, 170.0]"
15-23,Bondi,east,120,2010-12-30,0,11.0,12,2010,"[26.0, 25.6, 24.2, 24.3, 23.7, 20.9, 16.6, 13.0, 9.8, 7.6, 7.2, 8.9, 9.7, 6.4, 4.1, 8.4, 10.2, 11.0, 11.9, 13.0, 15.5, 17.7, 19.0, 19.6, 19.6, 18.7, 17.0, 17.0, 16.1, 14.0]","[42.0, 38.0, 33.0, 27.0, 22.0, 15.0, 4.0, 355.0, 354.0, 3.0, 27.0, 40.0, 39.0, 47.0, 135.0, 137.0, 129.0, 109.0, 93.0, 87.0, 78.0, 66.0, 61.0, 54.0, 46.0, 38.0, 32.0, 32.0, 27.0, 23.0]"
15-23,Bondi,east,120,2010-06-25,0,11.0,6,2010,"[12.3, 13.7, 13.7, 15.7, 17.3, 18.2, 18.8, 19.4, 19.8, 19.8, 20.2, 18.8, 18.0, 17.7, 14.2, 15.0, 15.3, 15.9, 17.4, 18.9, 19.3, 19.6, 20.2, 22.0, 23.1, 24.3, 24.3, 24.1, 25.0, 25.0]","[38.0, 30.0, 23.0, 16.0, 12.0, 8.0, 4.0, 360.0, 359.0, 360.0, 357.0, 356.0, 357.0, 358.0, 353.0, 350.0, 352.0, 354.0, 354.0, 352.0, 351.0, 354.0, 357.0, 355.0, 355.0, 353.0, 348.0, 350.0, 348.0, 348.0]"
15-23,Bondi,east,120,2024-05-11,0,11.0,5,2024,"[12.4, 13.6, 13.7, 11.7, 10.0, 12.0, 13.0, 16.6, 21.6, 23.0, 23.0, 20.9, 19.0, 16.8, 12.0, 12.3, 12.9, 13.8, 16.8, 17.6, 15.8, 13.0, 10.1, 9.8, 13.6, 14.8, 4.6, 3.8, 4.3, 5.9]","[80.0, 73.0, 87.0, 79.0, 69.0, 74.0, 71.0, 77.0, 75.0, 70.0, 63.0, 58.0, 53.0, 48.0, 21.0, 40.0, 54.0, 57.0, 48.0, 46.0, 41.0, 46.0, 63.0, 73.0, 78.0, 77.0, 141.0, 131.0, 66.0, 43.0]"
15-24,Bondi,east,120,2025-03-01,1,8.0,3,2025,"[13.6, 6.2, 9.3, 22.0, 26.4, 26.9, 27.0, 26.4, 25.4, 25.0, 23.2, 20.8, 18.5, 16.3, 9.9, 7.4, 3.9, 3.2, 9.2, 14.6, 18.2, 20.4, 21.2, 21.5, 21.6, 21.8, 15.9, 16.0, 16.3, 15.7]","[48.0, 82.0, 161.0, 180.0, 185.0, 188.0, 192.0, 191.0, 189.0, 187.0, 188.0, 192.0, 198.0, 202.0, 226.0, 238.0, 227.0, 106.0, 78.0, 70.0, 64.0, 59.0, 55.0, 51.0, 44.0, 41.0, 37.0, 30.0, 25.0, 24.0]"
15-24,Bondi,east,120,2016-05-02,0,8.0,5,2016,"[22.1, 21.4, 20.8, 19.2, 18.5, 18.3, 18.0, 17.2, 16.4, 14.5, 12.0, 9.7, 8.2, 7.6, 11.9, 10.0, 8.2, 6.9, 8.4, 10.7, 11.2, 9.4, 10.8, 13.5, 12.8, 13.2, 14.8, 14.8, 12.6, 11.6]","[307.0, 295.0, 261.0, 253.0, 257.0, 260.0, 258.0, 250.0, 237.0, 228.0, 224.0, 231.0, 241.0, 265.0, 267.0, 285.0, 311.0, 354.0, 10.0, 14.0, 15.0, 32.0, 60.0, 44.0, 16.0, 334.0, 304.0, 293.0, 283.0, 277.0]"
15-24,Bondi,east,120,2013-11-07,0,8.0,11,2013,"[24.2, 21.9, 18.0, 17.4, 17.5, 17.3, 17.2, 16.7, 15.9, 14.4, 13.7, 13.7, 14.4, 14.4, 13.8, 14.0, 14.5, 16.7, 19.9, 23.0, 25.8, 26.5, 26.7, 26.8, 27.1, 26.3, 24.2, 22.1, 20.7, 19.2]","[44.0, 36.0, 29.0, 18.0, 14.0, 12.0, 10.0, 7.0, 3.0, 359.0, 360.0, 3.0, 1.0, 359.0, 351.0, 359.0, 14.0, 33.0, 45.0, 49.0, 49.0, 48.0, 44.0, 40.0, 36.0, 30.0, 23.0, 19.0, 17.0, 13.0]"
15-24,Bondi,east,120,2012-11-08,0,8.0,11,2012,"[19.5, 18.4, 18.7, 19.4, 20.4, 19.0, 16.2, 13.0, 11.6, 13.0, 12.3, 10.5, 9.2, 7.7, 6.4, 9.0, 10.5, 13.0, 17.1, 19.9, 20.1, 16.7, 17.8, 16.5, 14.5, 12.2, 6.6, 2.3, 2.0, 3.0]","[19.0, 26.0, 25.0, 18.0, 14.0, 10.0, 357.0, 354.0, 355.0, 5.0, 3.0, 356.0, 334.0, 307.0, 196.0, 157.0, 142.0, 132.0, 129.0, 125.0, 119.0, 127.0, 144.0, 134.0, 120.0, 118.0, 112.0, 141.0, 135.0, 194.0]"
15-25,Bondi,east,120,2025-03-04,1,15.0,3,2025,"[34.2, 34.2, 31.0, 30.2, 28.9, 27.5, 27.2, 25.9, 25.1, 27.3, 26.6, 26.3, 27.7, 28.2, 23.8, 23.9, 25.0, 24.0, 24.3, 25.1, 26.8, 27.5, 26.4, 25.1, 22.4, 23.1, 21.2, 22.9, 23.8, 21.8]","[185.0, 185.0, 190.0, 189.0, 190.0, 193.0, 186.0, 168.0, 151.0, 138.0, 133.0, 132.0, 134.0, 139.0, 134.0, 136.0, 136.0, 139.0, 146.0, 155.0, 159.0, 155.0, 147.0, 143.0, 146.0, 146.0, 173.0, 169.0, 158.0, 151.0]"
15-25,Bondi,east,120,2024-06-12,0,15.0,6,2024,"[20.1, 24.9, 31.9, 29.6, 26.0, 23.1, 18.3, 16.3, 18.1, 19.4, 19.9, 18.3, 15.9, 13.8, 16.2, 18.2, 18.4, 22.2, 30.4, 34.5, 38.6, 37.5, 35.6, 35.9, 36.5, 36.4, 37.2, 35.9, 34.9, 34.5]","[324.0, 323.0, 323.0, 318.0, 313.0, 309.0, 306.0, 315.0, 319.0, 317.0, 315.0, 313.0, 309.0, 309.0, 274.0, 262.0, 259.0, 257.0, 253.0, 241.0, 211.0, 196.0, 200.0, 206.0, 206.0, 207.0, 210.0, 209.0, 211.0, 210.0]"
15-25,Bondi,east,120,2023-11-15,0,15.0,11,2023,"[15.7, 13.7, 9.3, 11.4, 11.0, 13.2, 12.5, 10.7, 7.6, 5.4, 3.0, 0.8, 2.7, 3.1, 10.1, 13.4, 15.5, 19.7, 26.1, 27.1, 28.2, 27.9, 24.8, 21.3, 18.1, 13.9, 5.9, 0.8, 1.9, 1.1]","[74.0, 60.0, 62.0, 62.0, 58.0, 55.0, 51.0, 48.0, 45.0, 48.0, 76.0, 117.0, 247.0, 225.0, 174.0, 156.0, 162.0, 171.0, 169.0, 169.0, 169.0, 166.0, 163.0, 158.0, 159.0, 163.0, 142.0, 153.0, 202.0, 162.0]"
15-25,Bondi,east,120,2025-08-18,0,15.0,8,2025,"[10.7, 12.9, 13.4, 16.2, 20.1, 22.9, 24.2, 24.0, 23.8, 24.3, 24.6, 24.1, 24.8, 26.0, 20.0, 21.6, 25.3, 30.2, 32.7, 31.6, 29.3, 28.2, 27.0, 24.6, 24.4, 26.2, 20.5, 18.9, 19.1, 20.3]","[166.0, 192.0, 227.0, 240.0, 238.0, 230.0, 219.0, 209.0, 204.0, 202.0, 203.0, 207.0, 210.0, 204.0, 215.0, 208.0, 197.0, 192.0, 188.0, 188.0, 188.0, 188.0, 186.0, 185.0, 188.0, 185.0, 203.0, 204.0, 198.0, 190.0]"
15-26,Bondi,east,120,2025-03-12,1,13.0,3,2025,"[12.8, 12.3, 9.8, 7.6, 9.7, 9.8, 10.6, 11.7, 11.4, 10.2, 8.3, 6.6, 5.4, 4.7, 3.2, 4.0, 4.0, 4.0, 4.2, 4.9, 7.2, 10.3, 11.5, 11.2, 11.8, 11.6, 6.8, 7.5, 8.9, 9.5]","[91.0, 86.0, 76.0, 97.0, 119.0, 125.0, 138.0, 146.0, 149.0, 150.0, 150.0, 145.0, 146.0, 164.0, 218.0, 212.0, 210.0, 207.0, 185.0, 147.0, 125.0, 115.0, 104.0, 92.0, 78.0, 64.0, 65.0, 42.0, 25.0, 10.0]"
15-26,Bondi,east,120,2011-02-11,0,13.0,2,2011,"[26.0, 26.8, 27.2, 27.5, 25.2, 21.4, 21.1, 19.5, 19.1, 18.4, 18.0, 17.7, 18.0, 18.8, 17.3, 16.2, 15.9, 17.0, 17.9, 19.9, 21.3, 20.7, 19.8, 20.7, 21.9, 21.7, 25.1, 22.1, 11.5, 3.9]","[43.0, 36.0, 32.0, 27.0, 19.0, 13.0, 8.0, 5.0, 3.0, 2.0, 1.0, 2.0, 3.0, 3.0, 358.0, 356.0, 5.0, 21.0, 34.0, 44.0, 51.0, 55.0, 57.0, 51.0, 46.0, 43.0, 39.0, 30.0, 20.0, 22.0]"
15-26,Bondi,east,120,2011-01-03,0,13.0,1,2011,"[33.1, 32.8, 27.7, 29.9, 30.3, 30.6, 30.2, 29.6, 28.2, 26.8, 26.5, 26.2, 26.2, 26.3, 22.6, 21.7, 21.7, 23.3, 24.0, 24.0, 23.7, 25.0, 26.6, 28.7, 29.6, 29.3, 25.3, 24.1, 25.1, 26.3]","[178.0, 180.0, 180.0, 181.0, 183.0, 181.0, 179.0, 177.0, 175.0, 174.0, 172.0, 171.0, 171.0, 171.0, 163.0, 165.0, 165.0, 167.0, 167.0, 167.0, 166.0, 165.0, 167.0, 165.0, 162.0, 164.0, 169.0, 171.0, 172.0, 177.0]"
15-26,Bondi,east,120,2006-07-14,0,13.0,7,2006,"[28.3, 27.8, 24.7, 22.9, 22.3, 22.8, 23.3, 21.9, 20.2, 17.7, 15.3, 12.2, 10.7, 10.0, 4.7, 9.0, 15.5, 17.8, 16.6, 16.0, 17.4, 16.2, 13.4, 14.5, 16.3, 19.2, 15.1, 18.4, 22.2, 25.0]","[192.0, 190.0, 188.0, 187.0, 181.0, 175.0, 167.0, 163.0, 158.0, 156.0, 150.0, 146.0, 140.0, 131.0, 148.0, 127.0, 112.0, 97.0, 85.0, 82.0, 83.0, 77.0, 63.0, 67.0, 62.0, 60.0, 52.0, 55.0, 48.0, 44.0]"
15-27,Bondi,east,120,2025-03-22,1,17.0,3,2025,"[0.8, 13.3, 17.3, 21.7, 24.0, 24.0, 22.7, 21.1, 20.1, 20.3, 20.6, 21.9, 23.8, 25.0, 21.3, 21.8, 19.7, 18.5, 19.0, 19.0, 18.0, 16.7, 17.1, 18.4, 18.8, 18.6, 14.8, 14.7, 14.3, 15.5]","[117.0, 196.0, 199.0, 192.0, 187.0, 184.0, 187.0, 189.0, 187.0, 187.0, 189.0, 189.0, 188.0, 186.0, 195.0, 189.0, 185.0, 179.0, 173.0, 163.0, 153.0, 145.0, 144.0, 143.0, 143.0, 143.0, 140.0, 143.0, 141.0, 136.0]"
15-27,Bondi,east,120,2020-10-28,0,17.0,10,2020,"[26.3, 25.3, 19.8, 19.5, 19.5, 16.5, 15.1, 14.7, 15.1, 15.4, 15.4, 15.6, 15.8, 16.9, 16.2, 15.9, 14.0, 13.0, 13.8, 14.4, 14.7, 16.1, 16.3, 15.3, 12.4, 10.2, 4.6, 5.1, 5.9, 7.3]","[178.0, 175.0, 182.0, 184.0, 183.0, 190.0, 192.0, 205.0, 205.0, 201.0, 201.0, 203.0, 201.0, 191.0, 201.0, 186.0, 179.0, 175.0, 165.0, 158.0, 149.0, 141.0, 145.0, 137.0, 126.0, 129.0, 162.0, 172.0, 194.0, 191.0]"
15-27,Bondi,east,120,2010-05-04,0,17.0,5,2010,"[10.9, 11.0, 12.1, 11.4, 12.6, 14.5, 15.2, 15.1, 15.5, 15.1, 14.8, 14.8, 14.6, 14.6, 11.8, 11.2, 11.9, 16.0, 18.3, 19.3, 20.0, 20.6, 22.9, 23.7, 24.4, 24.8, 24.2, 21.3, 18.5, 19.1]","[63.0, 49.0, 30.0, 24.0, 24.0, 14.0, 4.0, 357.0, 357.0, 357.0, 356.0, 356.0, 351.0, 344.0, 340.0, 339.0, 360.0, 14.0, 16.0, 14.0, 14.0, 19.0, 28.0, 22.0, 19.0, 13.0, 349.0, 336.0, 336.0, 348.0]"
15-27,Bondi,east,120,2014-12-12,0,17.0,12,2014,"[45.8, 43.9, 41.0, 41.1, 39.0, 38.7, 37.6, 36.6, 39.5, 43.9, 43.5, 42.7, 42.0, 41.6, 39.2, 38.3, 37.6, 36.8, 35.8, 34.3, 33.2, 32.0, 31.9, 32.2, 32.5, 31.9, 28.8, 29.8, 30.5, 30.4]","[183.0, 180.0, 163.0, 163.0, 166.0, 165.0, 167.0, 167.0, 161.0, 158.0, 159.0, 161.0, 160.0, 159.0, 160.0, 158.0, 158.0, 157.0, 155.0, 153.0, 153.0, 154.0, 156.0, 156.0, 155.0, 155.0, 152.0, 148.0, 142.0, 139.0]"
15-28,Bondi,east,120,2025-03-25,1,11.0,3,2025,"[13.5, 12.9, 7.1, 7.2, 8.1, 9.7, 11.0, 12.1, 13.1, 11.7, 11.6, 11.7, 12.6, 13.4, 13.1, 13.7, 14.3, 13.9, 13.1, 12.6, 11.3, 10.1, 10.2, 10.7, 11.3, 11.9, 9.9, 10.6, 12.7, 14.6]","[71.0, 72.0, 84.0, 96.0, 114.0, 119.0, 124.0, 131.0, 132.0, 134.0, 139.0, 146.0, 146.0, 144.0, 142.0, 141.0, 130.0, 113.0, 99.0, 86.0, 72.0, 63.0, 53.0, 48.0, 51.0, 52.0, 75.0, 64.0, 59.0, 58.0]"
15-28,Bondi,east,120,2013-05-16,0,11.0,5,2013,"[25.2, 24.2, 22.1, 20.4, 20.9, 20.6, 20.9, 21.8, 22.1, 22.4, 23.1, 23.3, 23.0, 23.8, 24.1, 24.4, 26.0, 26.0, 26.7, 28.0, 29.5, 30.4, 28.8, 29.4, 29.1, 28.6, 29.5, 28.7, 29.6, 29.5]","[292.0, 300.0, 300.0, 314.0, 316.0, 317.0, 319.0, 322.0, 323.0, 323.0, 323.0, 321.0, 320.0, 321.0, 325.0, 326.0, 316.0, 294.0, 284.0, 283.0, 286.0, 289.0, 290.0, 285.0, 278.0, 275.0, 278.0, 278.0, 275.0, 271.0]"
15-28,Bondi,east,120,2012-04-04,0,11.0,4,2012,"[18.3, 18.2, 18.5, 17.6, 17.4, 16.9, 17.0, 17.1, 16.4, 15.5, 15.2, 14.4, 13.5, 13.0, 10.7, 13.0, 16.1, 18.6, 19.9, 20.9, 21.5, 21.0, 20.4, 19.4, 18.8, 18.3, 17.3, 16.3, 15.9, 16.4]","[43.0, 39.0, 37.0, 31.0, 27.0, 24.0, 21.0, 18.0, 15.0, 13.0, 14.0, 13.0, 9.0, 6.0, 20.0, 34.0, 40.0, 43.0, 45.0, 48.0, 50.0, 51.0, 49.0, 48.0, 47.0, 47.0, 48.0, 43.0, 39.0, 38.0]"
15-28,Bondi,east,120,2025-06-21,0,11.0,6,2025,"[8.1, 6.6, 3.0, 0.7, 4.7, 6.8, 7.8, 8.2, 8.4, 8.5, 8.7, 8.8, 8.5, 8.1, 11.0, 10.3, 9.3, 8.2, 7.8, 7.9, 8.0, 8.9, 9.9, 11.2, 12.3, 13.1, 13.4, 13.5, 13.4, 13.0]","[129.0, 123.0, 128.0, 346.0, 288.0, 272.0, 262.0, 255.0, 251.0, 257.0, 263.0, 266.0, 276.0, 282.0, 275.0, 281.0, 286.0, 293.0, 308.0, 327.0, 350.0, 9.0, 19.0, 21.0, 18.0, 13.0, 6.0, 355.0, 345.0, 336.0]"
15-29,Bondi,east,120,2025-03-29,1,10.0,3,2025,"[16.8, 17.7, 16.0, 17.8, 18.3, 16.9, 14.6, 16.9, 19.4, 18.8, 16.3, 15.5, 12.6, 13.6, 13.1, 15.1, 17.4, 18.2, 20.5, 19.7, 15.8, 17.5, 22.6, 28.7, 32.8, 37.4, 30.5, 31.6, 27.4, 28.4]","[72.0, 70.0, 79.0, 70.0, 66.0, 65.0, 71.0, 83.0, 73.0, 58.0, 43.0, 32.0, 47.0, 53.0, 143.0, 155.0, 170.0, 203.0, 226.0, 235.0, 229.0, 210.0, 209.0, 212.0, 214.0, 209.0, 225.0, 226.0, 236.0, 237.0]"
15-29,Bondi,east,120,2007-07-24,0,10.0,7,2007,"[16.5, 18.4, 16.5, 16.0, 16.6, 17.0, 16.6, 16.5, 15.7, 14.8, 14.3, 13.2, 12.3, 12.3, 12.4, 11.9, 10.9, 10.7, 11.2, 12.1, 12.9, 11.8, 11.2, 11.4, 11.4, 11.6, 11.5, 10.9, 11.6, 11.8]","[32.0, 28.0, 16.0, 9.0, 2.0, 354.0, 347.0, 344.0, 340.0, 331.0, 321.0, 313.0, 310.0, 310.0, 296.0, 299.0, 304.0, 315.0, 327.0, 333.0, 337.0, 340.0, 345.0, 349.0, 349.0, 344.0, 319.0, 304.0, 300.0, 297.0]"
15-29,Bondi,east,120,2023-05-17,0,10.0,5,2023,"[19.8, 20.0, 16.3, 15.5, 22.7, 32.5, 39.2, 43.9, 42.1, 42.1, 41.3, 39.5, 37.8, 36.6, 33.7, 32.6, 33.3, 34.5, 34.9, 34.2, 34.7, 34.6, 33.3, 33.6, 33.7, 33.4, 28.0, 28.0, 28.7, 29.9]","[168.0, 172.0, 174.0, 179.0, 184.0, 184.0, 187.0, 190.0, 190.0, 190.0, 190.0, 190.0, 192.0, 190.0, 190.0, 191.0, 190.0, 191.0, 192.0, 192.0, 190.0, 188.0, 190.0, 190.0, 191.0, 194.0, 198.0, 198.0, 200.0, 198.0]"
15-29,Bondi,east,120,2012-04-08,0,10.0,4,2012,"[29.8, 26.8, 20.2, 18.8, 17.3, 16.6, 16.1, 14.7, 12.3, 10.5, 9.4, 10.2, 12.3, 13.9, 15.1, 17.1, 19.3, 21.4, 21.6, 22.7, 20.1, 19.2, 20.2, 18.7, 20.3, 21.4, 20.2, 17.8, 17.0, 20.4]","[148.0, 147.0, 141.0, 135.0, 126.0, 120.0, 117.0, 112.0, 105.0, 96.0, 83.0, 67.0, 50.0, 37.0, 28.0, 28.0, 24.0, 27.0, 28.0, 25.0, 24.0, 40.0, 41.0, 30.0, 23.0, 13.0, 358.0, 346.0, 324.0, 287.0]"
15-30,Bondi,east,120,2025-04-28,1,15.0,4,2025,"[38.2, 39.5, 37.7, 35.5, 37.7, 38.4, 38.2, 36.7, 35.3, 35.0, 35.1, 35.3, 36.0, 34.4, 32.8, 30.1, 28.8, 28.5, 29.6, 30.1, 29.7, 27.8, 25.1, 23.1, 20.9, 19.9, 14.0, 13.8, 13.6, 13.2]","[172.0, 173.0, 177.0, 183.0, 184.0, 183.0, 180.0, 179.0, 179.0, 176.0, 181.0, 186.0, 185.0, 184.0, 183.0, 178.0, 181.0, 188.0, 192.0, 191.0, 189.0, 189.0, 188.0, 189.0, 193.0, 200.0, 204.0, 206.0, 203.0, 202.0]"
15-30,Bondi,east,120,2013-11-19,0,15.0,11,2013,"[16.6, 16.7, 23.7, 22.9, 20.6, 20.3, 19.9, 19.8, 20.6, 22.0, 22.8, 23.0, 22.8, 23.7, 26.8, 28.1, 27.0, 25.6, 22.7, 20.1, 19.6, 18.7, 15.4, 11.6, 8.8, 6.6, 5.4, 2.3, 2.7, 3.6]","[153.0, 161.0, 166.0, 158.0, 155.0, 163.0, 167.0, 168.0, 176.0, 184.0, 186.0, 189.0, 192.0, 193.0, 202.0, 199.0, 190.0, 183.0, 178.0, 170.0, 154.0, 146.0, 147.0, 150.0, 145.0, 131.0, 138.0, 141.0, 293.0, 270.0]"
15-30,Bondi,east,120,2020-05-29,0,15.0,5,2020,"[18.4, 19.1, 17.0, 15.1, 13.4, 13.3, 14.3, 15.0, 15.4, 15.7, 16.4, 16.2, 16.0, 15.3, 12.1, 11.8, 12.2, 13.9, 14.9, 14.8, 13.3, 11.5, 10.5, 10.8, 11.2, 10.1, 10.6, 9.7, 8.3, 6.4]","[176.0, 179.0, 174.0, 177.0, 186.0, 193.0, 198.0, 197.0, 196.0, 196.0, 195.0, 192.0, 194.0, 199.0, 197.0, 203.0, 204.0, 201.0, 195.0, 193.0, 183.0, 176.0, 176.0, 180.0, 176.0, 174.0, 162.0, 158.0, 162.0, 153.0]"
15-30,Bondi,east,120,2017-06-09,0,15.0,6,2017,"[20.2, 17.8, 16.3, 16.9, 16.9, 17.5, 18.1, 18.9, 19.3, 19.5, 18.9, 20.2, 21.6, 22.3, 20.8, 19.1, 19.8, 21.3, 23.4, 25.8, 27.8, 28.8, 29.2, 26.0, 22.8, 21.7, 23.9, 22.5, 21.4, 22.7]","[161.0, 162.0, 174.0, 182.0, 179.0, 171.0, 167.0, 167.0, 166.0, 168.0, 171.0, 177.0, 179.0, 179.0, 190.0, 192.0, 182.0, 177.0, 180.0, 187.0, 183.0, 177.0, 170.0, 163.0, 159.0, 153.0, 134.0, 130.0, 135.0, 136.0]"
15-31,Bondi,east,120,2025-08-15,1,14.0,8,2025,"[16.7, 18.1, 9.6, 9.2, 9.3, 8.7, 9.0, 9.4, 7.2, 5.9, 7.8, 5.7, 1.9, 2.7, 5.2, 4.1, 6.5, 10.1, 12.0, 12.3, 10.6, 10.1, 11.4, 13.9, 16.6, 18.0, 16.2, 16.9, 16.8, 15.7]","[181.0, 170.0, 185.0, 177.0, 172.0, 167.0, 143.0, 125.0, 115.0, 101.0, 82.0, 53.0, 338.0, 337.0, 292.0, 319.0, 341.0, 358.0, 347.0, 335.0, 341.0, 2.0, 15.0, 27.0, 24.0, 16.0, 4.0, 358.0, 348.0, 330.0]"
15-31,Bondi,east,120,2014-12-22,0,14.0,12,2014,"[28.3, 27.9, 26.8, 26.4, 25.8, 24.6, 19.8, 15.7, 15.3, 15.9, 15.9, 16.3, 16.6, 18.4, 17.1, 16.8, 17.3, 21.3, 26.6, 31.7, 35.6, 37.3, 36.7, 35.7, 34.4, 34.5, 33.8, 32.7, 32.3, 30.4]","[42.0, 38.0, 36.0, 29.0, 25.0, 21.0, 10.0, 11.0, 24.0, 28.0, 28.0, 28.0, 24.0, 26.0, 28.0, 28.0, 43.0, 53.0, 54.0, 54.0, 52.0, 50.0, 47.0, 43.0, 42.0, 40.0, 36.0, 32.0, 31.0, 31.0]"
15-31,Bondi,east,120,2021-04-07,0,14.0,4,2021,"[11.9, 10.5, 8.7, 5.2, 3.8, 4.0, 5.1, 6.5, 7.7, 7.5, 8.0, 8.0, 8.2, 8.8, 9.3, 11.3, 11.1, 10.7, 13.0, 11.1, 13.8, 16.4, 17.7, 15.1, 11.3, 11.3, 10.8, 7.7, 2.7, 6.2]","[95.0, 98.0, 83.0, 78.0, 107.0, 153.0, 172.0, 180.0, 169.0, 163.0, 162.0, 162.0, 165.0, 171.0, 126.0, 121.0, 103.0, 102.0, 109.0, 119.0, 129.0, 128.0, 129.0, 118.0, 112.0, 107.0, 86.0, 62.0, 293.0, 173.0]"
15-31,Bondi,east,120,2024-12-26,0,14.0,12,2024,"[19.1, 15.1, 10.7, 7.8, 6.2, 5.7, 5.4, 5.3, 5.5, 6.4, 7.6, 8.3, 10.5, 12.7, 10.6, 14.8, 19.9, 24.6, 27.1, 29.2, 30.9, 32.8, 33.9, 34.2, 34.5, 36.0, 35.1, 35.3, 33.8, 30.6]","[78.0, 72.0, 60.0, 50.0, 44.0, 35.0, 34.0, 33.0, 23.0, 11.0, 5.0, 6.0, 4.0, 6.0, 15.0, 33.0, 42.0, 45.0, 47.0, 50.0, 51.0, 51.0, 48.0, 46.0, 42.0, 37.0, 29.0, 23.0, 20.0, 20.0]"
15-32,Bondi,east,120,2025-12-15,1,18.0,12,2025,"[10.8, 5.8, 10.7, 31.2, 45.9, 38.5, 32.4, 27.9, 24.4, 21.8, 19.5, 15.7, 12.5, 11.5, 11.8, 13.7, 15.0, 16.3, 18.0, 20.4, 21.7, 22.8, 25.3, 27.6, 26.6, 23.9, 18.6, 17.4, 18.5, 20.3]","[18.0, 358.0, 187.0, 187.0, 175.0, 165.0, 161.0, 163.0, 164.0, 159.0, 149.0, 135.0, 122.0, 115.0, 109.0, 107.0, 106.0, 104.0, 102.0, 108.0, 113.0, 119.0, 125.0, 128.0, 127.0, 124.0, 132.0, 131.0, 135.0, 139.0]"
15-32,Bondi,east,120,2018-01-15,0,18.0,1,2018,"[46.4, 45.3, 42.5, 37.8, 39.5, 40.1, 40.3, 41.6, 41.2, 40.5, 39.2, 38.4, 37.2, 37.6, 34.1, 33.2, 33.4, 33.9, 33.6, 34.9, 36.9, 36.4, 38.7, 42.7, 45.1, 42.9, 37.5, 38.6, 42.8, 43.7]","[194.0, 192.0, 193.0, 196.0, 197.0, 196.0, 193.0, 192.0, 192.0, 194.0, 199.0, 202.0, 203.0, 202.0, 206.0, 203.0, 200.0, 199.0, 197.0, 192.0, 186.0, 183.0, 185.0, 185.0, 184.0, 183.0, 188.0, 194.0, 195.0, 194.0]"
15-32,Bondi,east,120,2013-06-08,0,18.0,6,2013,"[11.9, 13.1, 18.1, 21.3, 25.8, 27.5, 27.4, 28.4, 28.8, 28.1, 26.7, 26.4, 26.0, 24.6, 21.5, 19.6, 19.4, 17.4, 14.4, 11.2, 10.2, 9.7, 10.0, 9.5, 9.2, 8.5, 8.9, 8.9, 7.9, 7.6]","[256.0, 261.0, 253.0, 231.0, 203.0, 185.0, 180.0, 179.0, 179.0, 176.0, 175.0, 175.0, 174.0, 174.0, 170.0, 167.0, 162.0, 153.0, 148.0, 140.0, 132.0, 129.0, 131.0, 127.0, 121.0, 102.0, 69.0, 58.0, 47.0, 31.0]"
15-32,Bondi,east,120,2006-08-16,0,18.0,8,2006,"[12.6, 13.3, 14.5, 14.4, 13.7, 13.0, 11.6, 9.7, 9.0, 8.9, 8.3, 7.6, 7.3, 7.4, 10.1, 8.7, 5.9, 6.1, 9.9, 15.0, 19.2, 22.6, 25.1, 27.9, 30.2, 31.8, 33.0, 34.5, 35.5, 35.5]","[182.0, 180.0, 187.0, 179.0, 175.0, 174.0, 173.0, 180.0, 196.0, 207.0, 214.0, 225.0, 237.0, 247.0, 264.0, 263.0, 281.0, 332.0, 10.0, 24.0, 30.0, 34.0, 38.0, 39.0, 38.0, 35.0, 32.0, 29.0, 24.0, 20.0]"
15-33,Bondi,east,120,2025-12-26,1,8.0,12,2025,"[31.6, 31.6, 26.9, 22.5, 20.1, 20.0, 19.6, 20.7, 23.7, 25.6, 27.9, 31.3, 34.9, 36.3, 30.1, 31.1, 32.2, 31.2, 30.6, 32.1, 35.0, 35.7, 31.2, 25.8, 27.1, 28.2, 25.1, 22.1, 20.6, 18.9]","[155.0, 156.0, 158.0, 158.0, 156.0, 153.0, 153.0, 157.0, 160.0, 164.0, 167.0, 169.0, 173.0, 175.0, 179.0, 180.0, 179.0, 178.0, 178.0, 177.0, 176.0, 174.0, 170.0, 164.0, 166.0, 166.0, 164.0, 161.0, 162.0, 164.0]"
15-33,Bondi,east,120,2008-08-03,0,8.0,8,2008,"[30.8, 30.4, 30.4, 30.7, 30.5, 30.0, 29.8, 29.2, 29.2, 29.5, 29.6, 29.6, 29.4, 27.4, 26.7, 24.5, 22.1, 18.2, 13.9, 8.1, 2.7, 2.5, 6.4, 10.8, 13.5, 15.0, 11.2, 9.0, 6.5, 6.8]","[254.0, 256.0, 260.0, 257.0, 256.0, 254.0, 252.0, 250.0, 248.0, 246.0, 246.0, 246.0, 247.0, 247.0, 249.0, 246.0, 248.0, 245.0, 239.0, 238.0, 247.0, 45.0, 52.0, 53.0, 48.0, 42.0, 15.0, 5.0, 341.0, 295.0]"
15-33,Bondi,east,120,2025-10-04,0,8.0,10,2025,"[9.5, 19.8, 20.9, 21.5, 20.0, 21.8, 23.8, 22.3, 19.1, 18.0, 16.7, 14.9, 15.7, 15.8, 10.4, 10.0, 8.8, 8.7, 9.4, 11.8, 15.1, 18.1, 18.7, 17.1, 14.9, 13.6, 8.5, 5.8, 5.8, 6.5]","[237.0, 250.0, 249.0, 248.0, 246.0, 237.0, 226.0, 216.0, 213.0, 218.0, 224.0, 228.0, 230.0, 222.0, 222.0, 206.0, 181.0, 162.0, 145.0, 134.0, 117.0, 106.0, 101.0, 97.0, 92.0, 85.0, 84.0, 60.0, 39.0, 28.0]"
15-33,Bondi,east,120,2011-11-13,0,8.0,11,2011,"[10.7, 6.2, 8.0, 11.5, 14.2, 14.5, 14.5, 14.2, 12.7, 10.6, 9.7, 9.1, 9.0, 9.4, 8.2, 9.7, 13.0, 15.8, 18.3, 19.5, 19.7, 19.5, 18.7, 18.9, 19.7, 20.4, 16.1, 15.7, 16.6, 17.7]","[70.0, 100.0, 144.0, 166.0, 171.0, 173.0, 166.0, 159.0, 155.0, 156.0, 153.0, 146.0, 143.0, 130.0, 131.0, 105.0, 88.0, 78.0, 74.0, 71.0, 66.0, 65.0, 62.0, 59.0, 55.0, 48.0, 39.0, 37.0, 34.0, 27.0]"
15-34,Bondi,east,120,2026-01-01,1,15.0,1,2026,"[18.9, 21.1, 19.2, 18.8, 17.6, 16.0, 16.0, 17.6, 21.1, 22.8, 22.6, 22.1, 22.9, 23.5, 28.7, 32.3, 32.0, 30.1, 29.8, 30.2, 29.3, 28.4, 27.8, 27.1, 26.1, 24.6, 18.4, 17.3, 17.5, 16.6]","[150.0, 158.0, 170.0, 163.0, 162.0, 168.0, 179.0, 186.0, 189.0, 187.0, 184.0, 179.0, 172.0, 166.0, 164.0, 165.0, 164.0, 163.0, 164.0, 165.0, 166.0, 168.0, 165.0, 160.0, 158.0, 157.0, 154.0, 157.0, 158.0, 156.0]"
15-34,Bondi,east,120,2010-01-03,0,15.0,1,2010,"[3.3, 8.2, 16.6, 24.5, 28.2, 29.6, 30.4, 31.7, 32.4, 32.1, 30.1, 27.7, 26.5, 26.1, 21.3, 21.7, 20.3, 20.1, 20.8, 20.5, 20.2, 20.9, 22.1, 21.5, 20.9, 19.7, 15.0, 14.1, 15.2, 16.6]","[131.0, 195.0, 185.0, 178.0, 169.0, 162.0, 161.0, 163.0, 165.0, 164.0, 163.0, 162.0, 159.0, 157.0, 154.0, 151.0, 150.0, 151.0, 150.0, 149.0, 149.0, 148.0, 146.0, 142.0, 139.0, 140.0, 134.0, 142.0, 144.0, 141.0]"
15-34,Bondi,east,120,2019-01-16,0,15.0,1,2019,"[29.8, 31.6, 29.3, 25.9, 25.5, 25.8, 24.3, 22.2, 20.3, 16.9, 12.4, 6.2, 4.8, 5.6, 2.7, 2.7, 6.7, 8.6, 9.4, 11.2, 13.0, 13.4, 13.6, 14.9, 16.1, 14.0, 14.1, 14.5, 9.4, 7.0]","[44.0, 41.0, 34.0, 32.0, 31.0, 30.0, 27.0, 25.0, 23.0, 24.0, 26.0, 36.0, 48.0, 50.0, 67.0, 113.0, 106.0, 92.0, 90.0, 88.0, 90.0, 82.0, 68.0, 58.0, 51.0, 46.0, 38.0, 44.0, 58.0, 102.0]"
15-34,Bondi,east,120,2011-12-18,0,15.0,12,2011,"[16.1, 15.0, 13.4, 14.0, 12.7, 13.0, 13.2, 11.2, 10.7, 10.5, 10.4, 9.7, 10.8, 12.6, 10.6, 13.4, 15.1, 18.8, 20.6, 23.0, 25.6, 27.5, 27.5, 28.1, 30.1, 29.5, 28.2, 27.9, 27.9, 28.2]","[80.0, 73.0, 76.0, 72.0, 61.0, 66.0, 61.0, 40.0, 40.0, 27.0, 20.0, 27.0, 30.0, 27.0, 18.0, 20.0, 28.0, 43.0, 47.0, 49.0, 51.0, 48.0, 48.0, 49.0, 50.0, 45.0, 38.0, 38.0, 39.0, 35.0]"
15-35,Bondi,east,120,2026-01-06,1,13.0,1,2026,"[13.5, 16.6, 11.0, 4.7, 3.7, 7.3, 12.9, 15.5, 16.8, 16.4, 15.7, 16.6, 17.6, 18.1, 12.7, 10.2, 8.1, 9.1, 12.1, 15.3, 19.9, 23.5, 24.1, 22.9, 21.3, 18.6, 11.4, 8.5, 6.5, 5.4]","[144.0, 161.0, 185.0, 223.0, 284.0, 205.0, 187.0, 177.0, 174.0, 181.0, 191.0, 196.0, 193.0, 190.0, 201.0, 190.0, 151.0, 105.0, 88.0, 87.0, 84.0, 82.0, 77.0, 70.0, 61.0, 48.0, 52.0, 54.0, 56.0, 56.0]"
15-35,Bondi,east,120,2006-11-11,0,13.0,11,2006,"[29.5, 27.7, 25.1, 23.1, 20.9, 19.7, 18.7, 16.3, 14.6, 13.8, 13.5, 14.0, 15.1, 15.4, 13.7, 11.8, 5.0, 11.6, 20.4, 24.5, 23.2, 22.0, 21.7, 21.9, 22.7, 23.9, 24.4, 24.1, 24.5, 24.6]","[33.0, 26.0, 29.0, 14.0, 356.0, 345.0, 349.0, 342.0, 327.0, 317.0, 316.0, 312.0, 308.0, 303.0, 297.0, 290.0, 249.0, 144.0, 131.0, 123.0, 120.0, 125.0, 137.0, 147.0, 160.0, 168.0, 167.0, 171.0, 184.0, 185.0]"
15-35,Bondi,east,120,2008-06-08,0,13.0,6,2008,"[24.6, 23.6, 23.8, 25.2, 24.8, 24.5, 23.6, 23.5, 22.3, 21.6, 21.3, 19.3, 19.2, 20.6, 16.5, 18.8, 19.5, 18.2, 18.4, 19.2, 18.8, 17.1, 14.9, 13.1, 13.3, 14.1, 13.7, 16.4, 18.7, 19.7]","[195.0, 201.0, 205.0, 202.0, 197.0, 190.0, 188.0, 185.0, 183.0, 181.0, 176.0, 166.0, 150.0, 133.0, 136.0, 133.0, 128.0, 124.0, 121.0, 118.0, 116.0, 112.0, 105.0, 98.0, 92.0, 86.0, 85.0, 81.0, 74.0, 66.0]"
15-35,Bondi,east,120,2019-05-27,0,13.0,5,2019,"[18.4, 20.9, 18.5, 18.7, 19.3, 17.4, 17.0, 18.4, 18.8, 18.5, 18.9, 19.1, 20.4, 22.6, 21.4, 22.5, 24.0, 27.1, 34.6, 42.1, 46.1, 40.0, 42.0, 43.6, 43.6, 42.9, 40.4, 37.8, 38.2, 38.6]","[270.0, 274.0, 263.0, 269.0, 279.0, 292.0, 302.0, 305.0, 306.0, 307.0, 309.0, 311.0, 319.0, 323.0, 318.0, 321.0, 319.0, 303.0, 282.0, 268.0, 257.0, 271.0, 276.0, 272.0, 267.0, 267.0, 267.0, 268.0, 270.0, 273.0]"
15-36,Bondi,east,120,2026-03-14,1,17.0,3,2026,"[34.4, 31.4, 27.3, 25.8, 24.4, 22.8, 20.8, 19.5, 18.7, 17.5, 14.7, 11.8, 9.7, 9.2, 4.4, 4.4, 3.7, 3.6, 6.2, 9.2, 11.4, 12.4, 12.6, 11.7, 12.1, 14.1, 15.7, 16.7, 15.4, 13.9]","[170.0, 166.0, 166.0, 165.0, 162.0, 160.0, 158.0, 154.0, 149.0, 146.0, 145.0, 151.0, 158.0, 160.0, 145.0, 153.0, 145.0, 110.0, 82.0, 70.0, 62.0, 60.0, 59.0, 56.0, 55.0, 55.0, 48.0, 41.0, 32.0, 21.0]"
15-36,Bondi,east,120,2015-10-03,0,17.0,10,2015,"[20.4, 19.6, 14.2, 14.1, 15.3, 15.0, 14.8, 14.8, 15.1, 14.8, 14.5, 14.5, 14.6, 14.5, 12.5, 12.1, 11.3, 10.4, 11.3, 12.1, 14.1, 16.0, 18.1, 18.9, 18.4, 17.6, 15.7, 12.3, 13.9, 15.1]","[42.0, 32.0, 24.0, 3.0, 352.0, 349.0, 347.0, 346.0, 342.0, 337.0, 333.0, 330.0, 327.0, 325.0, 321.0, 330.0, 338.0, 358.0, 17.0, 30.0, 40.0, 44.0, 43.0, 35.0, 26.0, 15.0, 351.0, 322.0, 295.0, 288.0]"
15-36,Bondi,east,120,2013-10-05,0,17.0,10,2013,"[14.2, 12.1, 7.8, 3.4, 1.1, 4.2, 7.1, 11.5, 14.0, 14.8, 14.5, 14.1, 15.1, 15.6, 16.1, 16.9, 16.3, 14.1, 11.4, 10.0, 11.2, 13.0, 14.0, 14.8, 13.4, 9.4, 4.3, 8.6, 11.8, 11.2]","[117.0, 113.0, 112.0, 122.0, 18.0, 340.0, 330.0, 319.0, 314.0, 311.0, 316.0, 322.0, 327.0, 331.0, 331.0, 336.0, 338.0, 341.0, 347.0, 15.0, 40.0, 48.0, 44.0, 39.0, 27.0, 4.0, 312.0, 268.0, 258.0, 266.0]"
15-36,Bondi,east,120,2022-05-14,0,17.0,5,2022,"[14.3, 12.1, 10.1, 6.6, 5.6, 6.8, 7.5, 9.8, 12.0, 13.1, 13.5, 13.0, 13.1, 13.7, 9.9, 10.4, 11.5, 13.4, 13.2, 13.2, 13.2, 12.8, 14.5, 17.1, 17.1, 15.6, 13.9, 12.3, 7.4, 4.2]","[11.0, 357.0, 355.0, 343.0, 327.0, 323.0, 339.0, 346.0, 353.0, 353.0, 347.0, 342.0, 351.0, 355.0, 327.0, 328.0, 337.0, 349.0, 348.0, 354.0, 3.0, 22.0, 39.0, 43.0, 39.0, 30.0, 11.0, 353.0, 326.0, 313.0]"
15-37,Bondi,east,120,2026-04-24,1,16.0,4,2026,"[16.8, 16.7, 14.4, 12.9, 11.9, 11.2, 10.8, 10.6, 10.4, 10.2, 9.6, 9.4, 9.0, 9.1, 10.7, 10.2, 12.5, 14.4, 14.7, 13.9, 14.6, 15.3, 15.0, 14.1, 13.0, 12.3, 10.4, 9.0, 7.5, 6.6]","[149.0, 144.0, 144.0, 143.0, 142.0, 138.0, 136.0, 136.0, 135.0, 139.0, 143.0, 144.0, 151.0, 163.0, 144.0, 150.0, 153.0, 142.0, 130.0, 123.0, 120.0, 121.0, 120.0, 118.0, 112.0, 102.0, 79.0, 68.0, 55.0, 43.0]"
15-37,Bondi,east,120,2023-09-01,0,16.0,9,2023,"[8.4, 7.7, 6.2, 4.0, 3.1, 6.5, 11.4, 15.0, 18.4, 22.1, 24.8, 25.3, 24.8, 22.4, 20.1, 24.4, 27.8, 29.6, 33.7, 37.4, 39.7, 40.3, 41.1, 40.5, 39.4, 37.8, 35.0, 32.1, 32.0, 32.9]","[130.0, 143.0, 173.0, 190.0, 291.0, 273.0, 257.0, 259.0, 258.0, 251.0, 242.0, 230.0, 221.0, 213.0, 195.0, 193.0, 197.0, 196.0, 191.0, 188.0, 185.0, 181.0, 177.0, 175.0, 175.0, 177.0, 184.0, 190.0, 194.0, 196.0]"
15-37,Bondi,east,120,2013-01-16,0,16.0,1,2013,"[25.4, 24.8, 23.2, 20.8, 19.8, 19.5, 17.2, 13.9, 10.6, 7.8, 6.7, 7.0, 7.6, 8.0, 6.2, 6.8, 9.0, 12.9, 16.7, 19.9, 21.4, 21.0, 17.8, 13.7, 11.0, 9.9, 9.9, 14.1, 18.0, 19.1]","[63.0, 49.0, 30.0, 18.0, 12.0, 2.0, 350.0, 339.0, 332.0, 338.0, 344.0, 348.0, 357.0, 8.0, 353.0, 3.0, 37.0, 60.0, 71.0, 77.0, 77.0, 78.0, 82.0, 87.0, 101.0, 109.0, 161.0, 176.0, 182.0, 182.0]"
15-37,Bondi,east,120,2015-10-18,0,16.0,10,2015,"[6.4, 5.4, 8.1, 12.0, 19.4, 19.6, 21.3, 22.4, 22.4, 22.8, 23.6, 23.8, 23.0, 22.2, 20.4, 18.4, 16.7, 15.9, 14.8, 14.3, 14.3, 14.0, 14.2, 14.1, 14.3, 14.5, 12.3, 13.0, 13.0, 13.2]","[106.0, 188.0, 249.0, 201.0, 179.0, 166.0, 158.0, 152.0, 147.0, 142.0, 142.0, 141.0, 139.0, 138.0, 138.0, 140.0, 143.0, 141.0, 137.0, 131.0, 124.0, 113.0, 106.0, 105.0, 102.0, 96.0, 85.0, 76.0, 71.0, 64.0]"
15-38,Bondi,east,120,2026-05-23,1,10.0,5,2026,"[26.8, 27.3, 26.7, 26.1, 25.9, 25.7, 25.7, 25.3, 24.7, 22.4, 21.5, 22.3, 22.8, 22.0, 19.2, 19.3, 20.3, 21.3, 22.8, 21.6, 20.5, 21.1, 20.1, 18.7, 19.7, 20.9, 15.3, 15.0, 15.4, 15.8]","[153.0, 150.0, 143.0, 141.0, 138.0, 137.0, 137.0, 137.0, 136.0, 140.0, 143.0, 144.0, 145.0, 149.0, 156.0, 155.0, 151.0, 151.0, 149.0, 142.0, 141.0, 129.0, 115.0, 104.0, 98.0, 93.0, 89.0, 93.0, 96.0, 98.0]"
15-38,Bondi,east,120,2019-08-14,0,10.0,8,2019,"[11.2, 10.6, 6.2, 4.7, 2.6, 7.0, 10.3, 12.7, 13.1, 12.5, 12.3, 11.9, 11.1, 10.9, 13.0, 11.9, 9.7, 7.1, 2.8, 3.9, 8.0, 10.2, 11.5, 13.1, 15.0, 15.5, 11.4, 10.8, 10.5, 10.8]","[86.0, 80.0, 126.0, 157.0, 214.0, 249.0, 245.0, 241.0, 238.0, 237.0, 238.0, 241.0, 241.0, 243.0, 268.0, 272.0, 274.0, 285.0, 310.0, 68.0, 80.0, 80.0, 76.0, 74.0, 69.0, 59.0, 35.0, 15.0, 6.0, 358.0]"
15-38,Bondi,east,120,2017-06-26,0,10.0,6,2017,"[18.0, 18.7, 17.4, 12.9, 14.1, 15.1, 16.6, 18.8, 19.8, 21.1, 22.5, 22.1, 21.4, 21.0, 20.0, 18.2, 16.6, 15.1, 13.2, 10.5, 8.0, 7.3, 6.3, 6.0, 7.5, 8.7, 7.2, 7.6, 6.6, 7.9]","[244.0, 242.0, 246.0, 257.0, 264.0, 267.0, 268.0, 263.0, 260.0, 261.0, 264.0, 263.0, 263.0, 263.0, 262.0, 256.0, 248.0, 245.0, 244.0, 239.0, 216.0, 189.0, 167.0, 155.0, 145.0, 138.0, 174.0, 185.0, 193.0, 210.0]"
15-38,Bondi,east,120,2008-08-06,0,10.0,8,2008,"[14.3, 11.8, 6.6, 6.7, 9.9, 13.4, 17.7, 22.3, 23.6, 22.4, 20.9, 17.8, 14.6, 12.9, 7.3, 12.2, 16.6, 14.8, 12.6, 13.4, 17.5, 20.3, 24.7, 26.5, 27.0, 26.5, 25.0, 23.9, 21.9, 20.4]","[198.0, 211.0, 248.0, 306.0, 316.0, 297.0, 272.0, 261.0, 262.0, 265.0, 266.0, 263.0, 254.0, 243.0, 213.0, 180.0, 162.0, 162.0, 177.0, 207.0, 217.0, 213.0, 217.0, 224.0, 227.0, 222.0, 216.0, 217.0, 221.0, 224.0]"
15-39,Bondi,east,120,2026-05-28,1,12.0,5,2026,"[7.8, 9.0, 9.6, 10.9, 10.1, 10.2, 9.7, 11.9, 14.5, 17.3, 16.3, 16.9, 20.6, 21.2, 17.7, 18.4, 21.5, 22.9, 21.9, 20.4, 21.6, 21.8, 21.9, 24.0, 26.1, 28.4, 26.5, 25.3, 26.1, 25.5]","[124.0, 120.0, 142.0, 130.0, 125.0, 131.0, 145.0, 148.0, 158.0, 166.0, 159.0, 164.0, 174.0, 170.0, 176.0, 182.0, 194.0, 195.0, 189.0, 189.0, 183.0, 177.0, 175.0, 178.0, 178.0, 179.0, 167.0, 172.0, 174.0, 169.0]"
15-39,Bondi,east,120,2014-08-25,0,12.0,8,2014,"[11.4, 11.5, 10.2, 9.6, 6.8, 5.8, 5.6, 7.3, 9.0, 8.9, 8.3, 6.6, 3.7, 2.3, 5.2, 4.3, 2.3, 1.5, 4.7, 11.2, 13.7, 15.5, 13.9, 9.4, 6.9, 10.8, 10.3, 4.7, 1.8, 9.3]","[66.0, 58.0, 45.0, 34.0, 18.0, 356.0, 315.0, 281.0, 265.0, 256.0, 252.0, 248.0, 241.0, 141.0, 254.0, 265.0, 288.0, 346.0, 81.0, 92.0, 88.0, 90.0, 80.0, 67.0, 96.0, 116.0, 102.0, 94.0, 217.0, 193.0]"
15-39,Bondi,east,120,2026-04-11,0,12.0,4,2026,"[21.8, 22.7, 19.6, 19.5, 15.7, 11.6, 4.8, 6.4, 12.1, 16.4, 18.4, 19.6, 23.0, 27.5, 25.1, 26.7, 23.0, 21.5, 21.2, 17.1, 16.3, 15.7, 18.3, 22.2, 27.7, 31.5, 24.8, 25.6, 28.0, 27.6]","[18.0, 16.0, 19.0, 14.0, 9.0, 8.0, 340.0, 262.0, 243.0, 234.0, 230.0, 227.0, 234.0, 238.0, 228.0, 231.0, 235.0, 235.0, 234.0, 230.0, 229.0, 238.0, 245.0, 246.0, 247.0, 250.0, 248.0, 256.0, 258.0, 258.0]"
15-39,Bondi,east,120,2018-12-14,0,12.0,12,2018,"[27.1, 26.9, 6.7, 8.4, 8.2, 8.0, 6.0, 4.0, 3.3, 3.3, 4.4, 7.6, 12.8, 15.2, 2.1, 1.8, 3.7, 4.8, 6.4, 9.4, 13.7, 14.2, 18.8, 18.4, 13.0, 14.0, 6.8, 3.3, 2.9, 1.5]","[33.0, 35.0, 196.0, 130.0, 75.0, 54.0, 73.0, 85.0, 49.0, 347.0, 9.0, 31.0, 32.0, 31.0, 121.0, 143.0, 191.0, 228.0, 223.0, 162.0, 153.0, 150.0, 126.0, 125.0, 129.0, 136.0, 148.0, 96.0, 7.0, 14.0]"
16-0,Tamarama,east,115,2015-09-26,1,19.0,9,2015,"[18.3, 17.2, 13.4, 13.0, 13.0, 12.6, 11.2, 12.1, 13.1, 12.0, 10.2, 8.7, 7.6, 8.3, 9.6, 11.9, 14.2, 15.2, 15.8, 16.3, 16.2, 16.5, 16.5, 15.3, 15.2, 16.2, 10.1, 9.4, 10.0, 10.7]","[170.0, 170.0, 174.0, 174.0, 175.0, 177.0, 184.0, 197.0, 201.0, 196.0, 190.0, 185.0, 185.0, 185.0, 193.0, 175.0, 159.0, 158.0, 159.0, 158.0, 159.0, 160.0, 164.0, 171.0, 176.0, 179.0, 176.0, 187.0, 195.0, 200.0]"
16-0,Tamarama,east,115,2010-04-07,0,19.0,4,2010,"[9.2, 9.7, 4.3, 6.3, 8.3, 9.3, 10.0, 9.7, 9.5, 9.0, 9.0, 9.1, 11.4, 12.0, 8.3, 9.0, 13.1, 14.1, 15.6, 17.4, 17.3, 13.1, 11.9, 11.9, 13.7, 14.4, 12.8, 12.6, 11.3, 10.9]","[42.0, 31.0, 355.0, 13.0, 5.0, 13.0, 13.0, 4.0, 9.0, 5.0, 358.0, 7.0, 11.0, 16.0, 355.0, 16.0, 8.0, 4.0, 353.0, 338.0, 324.0, 339.0, 355.0, 3.0, 3.0, 359.0, 350.0, 340.0, 333.0, 333.0]"
16-0,Tamarama,east,115,2011-09-18,0,19.0,9,2011,"[12.8, 12.1, 10.6, 8.3, 7.6, 8.2, 9.5, 9.7, 9.9, 10.5, 11.4, 11.5, 10.8, 11.8, 9.7, 8.1, 6.6, 3.3, 18.4, 26.4, 25.1, 22.2, 20.0, 16.7, 12.8, 11.6, 8.7, 8.4, 6.3, 4.3]","[38.0, 27.0, 10.0, 355.0, 341.0, 331.0, 323.0, 315.0, 316.0, 322.0, 325.0, 328.0, 323.0, 320.0, 329.0, 328.0, 331.0, 229.0, 168.0, 154.0, 153.0, 153.0, 152.0, 155.0, 164.0, 173.0, 175.0, 170.0, 167.0, 185.0]"
16-0,Tamarama,east,115,2006-12-30,0,19.0,12,2006,"[8.9, 6.5, 7.3, 5.8, 5.7, 5.7, 3.4, 3.3, 1.5, 3.6, 6.3, 8.4, 7.9, 7.2, 6.6, 7.5, 9.9, 9.4, 9.9, 12.4, 15.3, 14.4, 13.0, 11.5, 11.2, 9.7, 9.5, 8.9, 6.6, 6.1]","[137.0, 124.0, 171.0, 150.0, 125.0, 108.0, 108.0, 103.0, 194.0, 180.0, 156.0, 137.0, 141.0, 127.0, 171.0, 125.0, 109.0, 108.0, 109.0, 112.0, 105.0, 94.0, 95.0, 90.0, 88.0, 90.0, 61.0, 63.0, 68.0, 62.0]"
16-1,Tamarama,east,115,2018-11-19,1,17.0,11,2018,"[11.4, 9.2, 7.9, 6.7, 6.2, 5.4, 5.9, 6.0, 3.7, 1.9, 2.9, 4.1, 4.4, 2.3, 1.0, 6.2, 7.9, 8.7, 12.2, 13.2, 14.3, 14.5, 16.2, 16.4, 15.1, 11.6, 9.4, 7.7, 7.4, 7.1]","[108.0, 111.0, 106.0, 106.0, 97.0, 70.0, 47.0, 25.0, 349.0, 292.0, 240.0, 225.0, 215.0, 198.0, 135.0, 80.0, 66.0, 66.0, 71.0, 68.0, 72.0, 71.0, 69.0, 64.0, 65.0, 64.0, 58.0, 53.0, 43.0, 41.0]"
16-1,Tamarama,east,115,2021-11-27,0,17.0,11,2021,"[28.2, 29.2, 24.9, 24.8, 26.3, 26.0, 25.0, 23.9, 24.5, 25.6, 25.9, 26.0, 24.7, 24.1, 23.4, 24.9, 28.1, 28.1, 29.2, 29.6, 29.3, 28.3, 27.4, 25.6, 25.2, 22.0, 18.8, 18.3, 18.9, 18.7]","[176.0, 176.0, 183.0, 180.0, 178.0, 176.0, 174.0, 174.0, 177.0, 179.0, 182.0, 184.0, 188.0, 190.0, 183.0, 183.0, 181.0, 181.0, 178.0, 176.0, 174.0, 173.0, 177.0, 181.0, 182.0, 184.0, 183.0, 190.0, 194.0, 196.0]"
16-1,Tamarama,east,115,2015-10-14,0,17.0,10,2015,"[13.0, 11.5, 7.2, 6.1, 4.6, 4.9, 3.6, 4.2, 4.5, 3.7, 3.1, 3.6, 3.6, 3.3, 3.7, 4.1, 9.7, 11.7, 13.7, 15.6, 16.6, 17.9, 19.5, 19.0, 16.1, 14.8, 13.0, 13.0, 12.2, 12.0]","[124.0, 122.0, 117.0, 118.0, 129.0, 144.0, 180.0, 200.0, 209.0, 209.0, 234.0, 264.0, 276.0, 276.0, 281.0, 15.0, 42.0, 45.0, 45.0, 50.0, 49.0, 52.0, 52.0, 53.0, 51.0, 45.0, 39.0, 34.0, 28.0, 21.0]"
16-1,Tamarama,east,115,2006-01-14,0,17.0,1,2006,"[14.0, 13.3, 9.8, 7.2, 5.5, 4.2, 4.1, 4.7, 6.1, 6.9, 7.2, 7.1, 7.2, 7.9, 8.9, 11.3, 10.0, 7.1, 5.1, 9.2, 13.8, 15.6, 17.0, 18.1, 19.0, 20.5, 23.1, 22.5, 22.7, 22.4]","[134.0, 131.0, 118.0, 117.0, 101.0, 70.0, 38.0, 9.0, 360.0, 354.0, 342.0, 336.0, 333.0, 336.0, 346.0, 343.0, 330.0, 330.0, 8.0, 45.0, 57.0, 71.0, 94.0, 125.0, 151.0, 162.0, 166.0, 164.0, 162.0, 165.0]"
16-2,Tamarama,east,115,2019-03-03,1,18.0,3,2019,"[15.9, 14.7, 11.9, 11.4, 9.4, 6.4, 6.3, 6.6, 6.2, 5.8, 5.5, 4.7, 3.4, 2.2, 2.0, 5.4, 8.1, 11.1, 13.9, 15.3, 18.2, 19.8, 20.8, 21.0, 19.5, 17.6, 10.8, 10.1, 10.5, 9.4]","[65.0, 59.0, 61.0, 55.0, 40.0, 27.0, 24.0, 13.0, 10.0, 360.0, 349.0, 328.0, 302.0, 279.0, 315.0, 4.0, 21.0, 29.0, 37.0, 47.0, 56.0, 57.0, 56.0, 55.0, 52.0, 47.0, 37.0, 35.0, 31.0, 23.0]"
16-2,Tamarama,east,115,2017-08-31,0,18.0,8,2017,"[13.0, 14.4, 15.6, 18.7, 21.7, 22.7, 21.8, 20.9, 20.0, 19.3, 18.3, 17.1, 16.3, 15.9, 12.7, 16.1, 19.3, 21.0, 22.3, 22.8, 23.1, 23.1, 22.0, 20.9, 19.5, 18.8, 9.9, 11.3, 13.1, 13.9]","[152.0, 167.0, 173.0, 180.0, 187.0, 191.0, 196.0, 201.0, 206.0, 209.0, 212.0, 215.0, 215.0, 218.0, 235.0, 222.0, 209.0, 196.0, 190.0, 185.0, 182.0, 182.0, 182.0, 183.0, 183.0, 187.0, 213.0, 217.0, 217.0, 217.0]"
16-2,Tamarama,east,115,2024-02-10,0,18.0,2,2024,"[19.6, 18.8, 15.6, 17.3, 18.1, 18.5, 20.0, 20.6, 20.5, 20.5, 21.6, 22.0, 22.0, 23.8, 20.5, 22.6, 22.5, 23.0, 23.0, 22.7, 22.0, 21.0, 20.5, 19.4, 16.8, 15.3, 14.5, 14.0, 13.1, 12.4]","[173.0, 176.0, 187.0, 185.0, 186.0, 188.0, 187.0, 185.0, 182.0, 180.0, 179.0, 181.0, 181.0, 177.0, 179.0, 166.0, 158.0, 151.0, 148.0, 147.0, 145.0, 142.0, 141.0, 137.0, 135.0, 135.0, 134.0, 136.0, 143.0, 150.0]"
16-2,Tamarama,east,115,2018-01-29,0,18.0,1,2018,"[18.5, 16.4, 13.3, 10.8, 8.7, 7.0, 6.3, 6.4, 7.9, 7.9, 7.1, 6.4, 6.5, 9.6, 12.0, 14.3, 15.6, 16.7, 18.1, 18.5, 18.9, 19.3, 20.3, 20.8, 19.7, 16.7, 14.5, 12.5, 11.3, 9.8]","[61.0, 61.0, 57.0, 53.0, 52.0, 55.0, 59.0, 63.0, 60.0, 51.0, 45.0, 38.0, 34.0, 34.0, 46.0, 47.0, 50.0, 53.0, 55.0, 57.0, 59.0, 61.0, 63.0, 62.0, 62.0, 57.0, 48.0, 39.0, 27.0, 17.0]"
16-3,Tamarama,east,115,2022-10-06,1,15.0,10,2022,"[16.4, 15.7, 14.8, 13.8, 15.2, 17.6, 17.5, 17.5, 18.2, 17.3, 18.6, 18.2, 17.2, 17.3, 11.6, 12.9, 17.1, 20.1, 22.1, 22.1, 22.5, 20.4, 16.6, 14.5, 12.6, 11.9, 6.0, 8.0, 9.9, 9.9]","[87.0, 84.0, 85.0, 83.0, 76.0, 65.0, 64.0, 64.0, 64.0, 69.0, 71.0, 70.0, 67.0, 59.0, 49.0, 42.0, 42.0, 42.0, 44.0, 50.0, 45.0, 40.0, 37.0, 35.0, 34.0, 27.0, 17.0, 16.0, 4.0, 1.0]"
16-3,Tamarama,east,115,2021-05-31,0,15.0,5,2021,"[11.9, 11.7, 8.4, 8.9, 8.7, 8.7, 9.5, 10.2, 10.5, 10.4, 9.6, 9.0, 8.2, 7.8, 7.7, 6.4, 5.7, 5.2, 3.1, 1.5, 2.7, 4.7, 5.4, 6.9, 7.5, 7.3, 1.3, 1.8, 3.3, 6.1]","[194.0, 198.0, 220.0, 223.0, 222.0, 225.0, 233.0, 238.0, 239.0, 236.0, 236.0, 233.0, 232.0, 236.0, 259.0, 254.0, 252.0, 245.0, 225.0, 194.0, 113.0, 94.0, 86.0, 81.0, 73.0, 57.0, 56.0, 53.0, 347.0, 315.0]"
16-3,Tamarama,east,115,2022-02-22,0,15.0,2,2022,"[14.3, 12.7, 6.8, 7.3, 9.8, 10.6, 8.7, 6.1, 7.9, 12.0, 13.2, 12.4, 11.8, 12.3, 15.7, 21.1, 21.7, 21.3, 18.4, 13.9, 10.9, 9.4, 9.8, 9.8, 8.3, 5.7, 5.7, 8.1, 10.3, 11.8]","[136.0, 137.0, 122.0, 138.0, 148.0, 162.0, 163.0, 168.0, 164.0, 166.0, 163.0, 159.0, 161.0, 166.0, 146.0, 140.0, 140.0, 136.0, 129.0, 123.0, 119.0, 119.0, 128.0, 130.0, 129.0, 118.0, 108.0, 107.0, 109.0, 109.0]"
16-3,Tamarama,east,115,2022-08-26,0,15.0,8,2022,"[8.7, 8.9, 9.1, 9.1, 9.9, 10.8, 12.1, 12.8, 12.9, 12.8, 12.8, 13.1, 13.2, 13.7, 11.3, 12.8, 18.2, 18.6, 18.4, 18.2, 18.4, 17.1, 15.5, 13.8, 13.4, 13.8, 8.9, 8.6, 9.2, 9.6]","[187.0, 198.0, 212.0, 214.0, 217.0, 213.0, 212.0, 211.0, 212.0, 212.0, 212.0, 212.0, 211.0, 210.0, 224.0, 212.0, 191.0, 184.0, 181.0, 178.0, 176.0, 172.0, 171.0, 173.0, 173.0, 173.0, 186.0, 192.0, 192.0, 192.0]"
16-4,Tamarama,east,115,2023-10-10,1,16.0,10,2023,"[10.5, 5.8, 5.4, 3.9, 4.8, 6.2, 6.5, 7.0, 7.8, 9.6, 9.5, 8.0, 8.3, 9.2, 6.6, 6.8, 7.7, 9.3, 11.1, 12.5, 14.0, 15.0, 16.3, 14.8, 11.6, 8.7, 4.1, 4.3, 3.4, 3.7]","[74.0, 86.0, 94.0, 124.0, 153.0, 170.0, 180.0, 192.0, 193.0, 193.0, 189.0, 190.0, 198.0, 191.0, 167.0, 155.0, 139.0, 126.0, 119.0, 108.0, 119.0, 120.0, 115.0, 119.0, 126.0, 135.0, 142.0, 138.0, 148.0, 169.0]"
16-4,Tamarama,east,115,2022-07-16,0,16.0,7,2022,"[7.8, 8.0, 4.2, 4.3, 5.0, 6.7, 6.5, 6.5, 6.8, 8.0, 8.8, 8.5, 7.6, 6.7, 8.1, 7.0, 7.1, 7.0, 5.9, 6.9, 7.5, 7.4, 7.7, 9.0, 10.5, 12.3, 13.3, 14.0, 13.4, 13.2]","[53.0, 50.0, 5.0, 315.0, 283.0, 284.0, 283.0, 273.0, 270.0, 260.0, 255.0, 257.0, 269.0, 290.0, 287.0, 291.0, 304.0, 305.0, 320.0, 330.0, 336.0, 346.0, 351.0, 347.0, 344.0, 342.0, 344.0, 336.0, 329.0, 325.0]"
16-4,Tamarama,east,115,2021-01-18,0,16.0,1,2021,"[16.8, 10.8, 4.5, 2.2, 3.2, 3.4, 2.8, 2.6, 4.6, 4.3, 5.0, 5.1, 6.3, 6.4, 10.2, 10.3, 8.3, 8.9, 9.6, 10.7, 12.5, 14.8, 18.7, 20.0, 15.6, 11.4, 9.5, 5.1, 1.8, 3.8]","[99.0, 94.0, 119.0, 189.0, 207.0, 198.0, 230.0, 286.0, 288.0, 270.0, 270.0, 274.0, 294.0, 308.0, 328.0, 348.0, 5.0, 14.0, 20.0, 33.0, 41.0, 56.0, 60.0, 62.0, 64.0, 62.0, 61.0, 45.0, 360.0, 221.0]"
16-4,Tamarama,east,115,2010-06-03,0,16.0,6,2010,"[11.6, 11.2, 11.9, 12.7, 12.2, 10.8, 10.1, 9.3, 8.8, 8.4, 9.4, 10.5, 11.9, 13.4, 13.2, 13.3, 16.0, 19.8, 22.3, 22.3, 22.4, 18.8, 19.2, 16.8, 15.7, 16.6, 14.8, 16.0, 17.5, 13.7]","[175.0, 180.0, 194.0, 188.0, 180.0, 178.0, 184.0, 193.0, 189.0, 190.0, 178.0, 174.0, 180.0, 185.0, 209.0, 199.0, 189.0, 183.0, 179.0, 166.0, 147.0, 137.0, 128.0, 121.0, 122.0, 124.0, 124.0, 126.0, 127.0, 135.0]"
16-5,Tamarama,east,115,2023-10-21,1,14.0,10,2023,"[13.6, 10.4, 5.6, 4.9, 4.9, 6.1, 6.0, 5.9, 6.0, 5.3, 4.1, 1.9, 0.8, 4.9, 2.6, 5.8, 9.4, 13.4, 17.1, 19.9, 22.1, 22.9, 21.9, 19.3, 15.3, 14.1, 15.0, 14.9, 12.8, 9.3]","[58.0, 46.0, 40.0, 54.0, 54.0, 62.0, 73.0, 76.0, 73.0, 62.0, 45.0, 22.0, 63.0, 54.0, 74.0, 60.0, 58.0, 59.0, 60.0, 58.0, 56.0, 57.0, 57.0, 53.0, 49.0, 40.0, 35.0, 37.0, 32.0, 36.0]"
16-5,Tamarama,east,115,2014-03-03,0,14.0,3,2014,"[10.6, 9.7, 10.7, 9.7, 8.9, 8.7, 9.4, 8.4, 7.7, 7.9, 7.6, 6.8, 5.8, 6.6, 5.8, 8.4, 10.5, 12.7, 13.7, 14.2, 14.1, 13.5, 12.9, 10.3, 9.1, 8.3, 4.3, 4.3, 3.7, 3.7]","[145.0, 149.0, 147.0, 149.0, 148.0, 150.0, 148.0, 149.0, 152.0, 156.0, 155.0, 155.0, 158.0, 158.0, 180.0, 137.0, 121.0, 119.0, 120.0, 117.0, 109.0, 106.0, 103.0, 102.0, 99.0, 90.0, 85.0, 90.0, 79.0, 61.0]"
16-5,Tamarama,east,115,2015-09-04,0,14.0,9,2015,"[17.1, 20.0, 18.2, 21.0, 22.2, 22.3, 22.6, 23.5, 23.1, 21.6, 20.4, 19.2, 17.9, 17.4, 16.1, 18.8, 20.5, 19.6, 17.3, 14.8, 12.4, 12.7, 12.5, 8.7, 6.2, 5.6, 3.3, 2.0, 3.3, 4.3]","[235.0, 231.0, 232.0, 231.0, 228.0, 214.0, 202.0, 203.0, 201.0, 198.0, 197.0, 197.0, 199.0, 198.0, 207.0, 200.0, 191.0, 186.0, 185.0, 180.0, 170.0, 145.0, 139.0, 132.0, 126.0, 135.0, 193.0, 225.0, 257.0, 270.0]"
16-5,Tamarama,east,115,2007-07-28,0,14.0,7,2007,"[7.4, 7.8, 9.4, 9.0, 9.2, 8.9, 9.2, 9.3, 9.8, 9.8, 10.8, 11.1, 11.0, 11.0, 9.9, 10.7, 13.7, 17.1, 18.0, 18.5, 18.4, 17.2, 14.2, 13.8, 14.0, 14.3, 14.9, 17.2, 19.0, 19.4]","[309.0, 283.0, 277.0, 286.0, 291.0, 297.0, 296.0, 298.0, 298.0, 294.0, 285.0, 283.0, 281.0, 281.0, 289.0, 284.0, 267.0, 252.0, 244.0, 241.0, 242.0, 244.0, 249.0, 250.0, 252.0, 258.0, 262.0, 259.0, 251.0, 248.0]"
16-6,Tamarama,east,115,2023-10-27,1,13.0,10,2023,"[25.3, 25.6, 21.3, 20.7, 20.4, 20.7, 22.0, 22.8, 22.7, 20.9, 19.1, 22.4, 20.3, 20.1, 19.4, 19.6, 20.9, 22.4, 22.9, 22.6, 22.0, 20.8, 19.5, 18.4, 17.1, 15.5, 13.0, 13.3, 13.4, 13.0]","[169.0, 169.0, 175.0, 173.0, 166.0, 163.0, 169.0, 175.0, 178.0, 178.0, 183.0, 184.0, 187.0, 189.0, 190.0, 186.0, 180.0, 174.0, 172.0, 172.0, 170.0, 170.0, 168.0, 168.0, 165.0, 167.0, 177.0, 178.0, 172.0, 166.0]"
16-6,Tamarama,east,115,2020-11-27,0,13.0,11,2020,"[7.9, 12.9, 25.6, 24.6, 23.1, 20.6, 20.6, 19.9, 16.6, 14.0, 12.6, 11.6, 11.9, 9.4, 4.4, 1.5, 7.9, 10.5, 11.2, 12.5, 15.5, 16.6, 18.2, 17.7, 13.2, 11.8, 10.1, 7.6, 7.0, 7.6]","[93.0, 157.0, 169.0, 174.0, 176.0, 174.0, 174.0, 175.0, 175.0, 180.0, 185.0, 187.0, 180.0, 180.0, 171.0, 76.0, 24.0, 31.0, 40.0, 44.0, 48.0, 51.0, 56.0, 52.0, 47.0, 38.0, 35.0, 25.0, 21.0, 19.0]"
16-6,Tamarama,east,115,2013-05-28,0,13.0,5,2013,"[9.1, 5.8, 5.4, 3.8, 3.6, 2.3, 4.0, 3.7, 4.4, 4.8, 3.8, 3.1, 2.3, 2.9, 3.4, 1.9, 2.6, 4.3, 7.4, 8.6, 9.8, 11.5, 10.2, 8.3, 8.0, 7.9, 5.7, 5.0, 5.1, 5.8]","[162.0, 158.0, 127.0, 107.0, 84.0, 72.0, 85.0, 79.0, 81.0, 77.0, 73.0, 54.0, 18.0, 7.0, 288.0, 292.0, 344.0, 5.0, 23.0, 33.0, 36.0, 39.0, 32.0, 18.0, 8.0, 360.0, 325.0, 330.0, 352.0, 360.0]"
16-6,Tamarama,east,115,2019-12-26,0,13.0,12,2019,"[19.3, 15.5, 13.2, 11.8, 10.2, 10.0, 9.2, 8.7, 8.5, 8.2, 7.6, 7.0, 7.8, 12.8, 11.2, 13.0, 14.7, 15.8, 18.1, 20.8, 23.6, 25.3, 25.5, 24.3, 21.8, 18.4, 15.8, 13.0, 10.6, 9.6]","[53.0, 48.0, 43.0, 40.0, 42.0, 49.0, 51.0, 45.0, 36.0, 29.0, 19.0, 12.0, 13.0, 22.0, 21.0, 28.0, 36.0, 41.0, 47.0, 53.0, 56.0, 54.0, 54.0, 52.0, 51.0, 48.0, 45.0, 48.0, 55.0, 56.0]"
16-7,Tamarama,east,115,2023-12-31,1,17.0,12,2023,"[21.2, 18.1, 14.6, 14.5, 15.0, 15.3, 16.1, 15.6, 14.6, 13.0, 10.4, 10.4, 11.2, 12.1, 9.3, 11.1, 12.3, 10.9, 11.2, 11.5, 11.1, 11.4, 11.2, 10.8, 10.7, 9.0, 6.7, 7.6, 8.4, 9.5]","[125.0, 134.0, 130.0, 132.0, 134.0, 139.0, 146.0, 157.0, 164.0, 166.0, 166.0, 166.0, 165.0, 163.0, 167.0, 155.0, 142.0, 136.0, 130.0, 122.0, 115.0, 108.0, 111.0, 111.0, 104.0, 106.0, 106.0, 115.0, 110.0, 101.0]"
16-7,Tamarama,east,115,2013-01-15,0,17.0,1,2013,"[22.4, 20.2, 18.4, 17.1, 15.0, 13.4, 11.6, 9.0, 7.9, 7.8, 7.2, 6.5, 5.3, 4.7, 4.7, 2.2, 3.3, 5.9, 8.8, 10.2, 12.0, 14.6, 17.9, 20.7, 18.8, 14.6, 12.2, 10.7, 10.1, 10.2]","[156.0, 158.0, 157.0, 158.0, 156.0, 153.0, 150.0, 157.0, 164.0, 167.0, 162.0, 161.0, 152.0, 122.0, 171.0, 90.0, 49.0, 47.0, 55.0, 58.0, 69.0, 74.0, 75.0, 73.0, 64.0, 50.0, 28.0, 14.0, 6.0, 352.0]"
16-7,Tamarama,east,115,2020-11-20,0,17.0,11,2020,"[17.5, 14.5, 11.2, 11.7, 10.9, 10.5, 9.8, 9.1, 7.4, 5.9, 5.6, 5.6, 7.0, 8.4, 7.4, 9.8, 11.0, 13.8, 14.8, 13.9, 13.6, 8.8, 10.7, 9.9, 8.9, 3.1, 28.1, 28.5, 24.1, 21.6]","[53.0, 48.0, 42.0, 34.0, 27.0, 27.0, 24.0, 18.0, 14.0, 14.0, 15.0, 15.0, 12.0, 20.0, 23.0, 24.0, 19.0, 15.0, 14.0, 25.0, 40.0, 81.0, 50.0, 33.0, 21.0, 201.0, 178.0, 176.0, 181.0, 183.0]"
16-7,Tamarama,east,115,2025-01-20,0,17.0,1,2025,"[18.4, 14.5, 12.0, 11.4, 11.0, 9.8, 8.7, 7.6, 7.6, 6.5, 6.1, 6.4, 7.1, 7.7, 7.7, 5.9, 4.7, 4.4, 5.6, 8.1, 10.0, 11.7, 12.6, 13.0, 11.5, 8.5, 5.6, 5.8, 4.2, 2.8]","[163.0, 163.0, 159.0, 168.0, 176.0, 185.0, 193.0, 199.0, 208.0, 212.0, 220.0, 230.0, 236.0, 237.0, 213.0, 194.0, 171.0, 153.0, 132.0, 114.0, 104.0, 95.0, 92.0, 91.0, 90.0, 88.0, 111.0, 104.0, 110.0, 145.0]"
16-8,Tamarama,east,115,2024-07-04,1,10.0,7,2024,"[18.6, 19.6, 11.3, 11.4, 9.9, 10.1, 9.6, 10.2, 11.5, 10.7, 9.8, 10.3, 9.7, 9.7, 6.5, 8.5, 9.9, 11.7, 14.4, 15.1, 15.1, 15.0, 12.3, 11.7, 12.6, 12.6, 5.8, 7.2, 8.3, 8.8]","[193.0, 187.0, 207.0, 195.0, 192.0, 175.0, 172.0, 172.0, 169.0, 171.0, 175.0, 176.0, 179.0, 180.0, 186.0, 182.0, 176.0, 177.0, 172.0, 168.0, 163.0, 161.0, 170.0, 181.0, 183.0, 178.0, 194.0, 179.0, 175.0, 182.0]"
16-8,Tamarama,east,115,2008-10-17,0,10.0,10,2008,"[11.7, 7.6, 6.4, 6.4, 7.0, 7.3, 7.7, 7.4, 6.5, 5.5, 5.6, 6.1, 6.0, 6.8, 8.0, 10.7, 10.9, 9.3, 8.0, 8.9, 10.6, 12.3, 13.0, 14.1, 13.5, 11.5, 9.2, 8.2, 6.2, 2.3]","[81.0, 71.0, 38.0, 27.0, 12.0, 351.0, 332.0, 317.0, 304.0, 302.0, 315.0, 320.0, 327.0, 335.0, 342.0, 340.0, 343.0, 344.0, 355.0, 14.0, 28.0, 38.0, 46.0, 52.0, 48.0, 41.0, 39.0, 38.0, 36.0, 72.0]"
16-8,Tamarama,east,115,2022-02-25,0,10.0,2,2022,"[8.6, 6.8, 10.7, 11.9, 10.2, 9.4, 8.3, 10.9, 12.0, 11.1, 6.3, 5.4, 4.7, 4.9, 6.2, 4.5, 3.4, 5.0, 7.3, 7.3, 6.4, 6.1, 6.8, 7.3, 7.5, 8.4, 9.3, 10.9, 11.7, 10.0]","[67.0, 78.0, 54.0, 59.0, 66.0, 66.0, 60.0, 61.0, 57.0, 56.0, 66.0, 82.0, 106.0, 94.0, 78.0, 61.0, 84.0, 109.0, 118.0, 121.0, 133.0, 148.0, 158.0, 147.0, 143.0, 145.0, 143.0, 126.0, 119.0, 128.0]"
16-8,Tamarama,east,115,2026-03-25,0,10.0,3,2026,"[9.2, 8.8, 7.9, 6.1, 4.0, 3.6, 3.2, 2.5, 4.3, 4.0, 4.0, 4.3, 4.3, 4.6, 3.7, 4.4, 6.2, 5.9, 5.8, 5.6, 7.1, 10.4, 11.6, 9.9, 7.6, 8.2, 5.0, 4.7, 4.8, 4.2]","[69.0, 70.0, 63.0, 43.0, 21.0, 357.0, 344.0, 315.0, 285.0, 267.0, 270.0, 270.0, 272.0, 279.0, 281.0, 302.0, 316.0, 333.0, 2.0, 25.0, 52.0, 62.0, 58.0, 53.0, 45.0, 49.0, 55.0, 40.0, 25.0, 342.0]"
16-9,Tamarama,east,115,2024-07-06,1,10.0,7,2024,"[13.6, 12.9, 10.0, 10.5, 12.0, 12.9, 14.1, 14.3, 14.4, 13.9, 12.8, 12.1, 12.2, 11.9, 7.1, 8.7, 9.9, 12.3, 15.0, 15.1, 15.0, 14.5, 11.8, 10.9, 11.5, 11.0, 7.2, 7.5, 8.0, 8.4]","[175.0, 172.0, 193.0, 197.0, 197.0, 198.0, 199.0, 198.0, 192.0, 183.0, 177.0, 175.0, 172.0, 170.0, 189.0, 188.0, 185.0, 177.0, 167.0, 165.0, 163.0, 163.0, 168.0, 172.0, 176.0, 178.0, 215.0, 224.0, 224.0, 222.0]"
16-9,Tamarama,east,115,2012-09-26,0,10.0,9,2012,"[12.7, 11.5, 9.1, 9.0, 9.3, 8.9, 7.7, 6.1, 5.0, 4.9, 5.4, 5.4, 5.9, 6.5, 8.5, 13.7, 13.2, 12.9, 13.0, 15.0, 17.9, 21.6, 22.9, 20.4, 16.4, 13.8, 13.6, 12.7, 12.7, 12.8]","[97.0, 92.0, 81.0, 67.0, 54.0, 47.0, 37.0, 28.0, 21.0, 17.0, 4.0, 8.0, 14.0, 19.0, 12.0, 14.0, 22.0, 30.0, 42.0, 48.0, 56.0, 60.0, 60.0, 58.0, 52.0, 43.0, 37.0, 25.0, 15.0, 11.0]"
16-9,Tamarama,east,115,2017-05-18,0,10.0,5,2017,"[9.4, 8.3, 6.5, 5.9, 6.0, 3.6, 2.2, 1.3, 1.3, 0.4, 3.2, 4.7, 5.7, 5.9, 7.4, 5.9, 5.4, 5.4, 8.9, 9.8, 10.4, 11.7, 10.5, 9.0, 9.4, 10.1, 7.2, 7.3, 7.6, 7.2]","[83.0, 72.0, 56.0, 43.0, 33.0, 6.0, 360.0, 34.0, 56.0, 270.0, 243.0, 238.0, 235.0, 232.0, 231.0, 218.0, 184.0, 127.0, 76.0, 73.0, 76.0, 79.0, 84.0, 95.0, 97.0, 92.0, 108.0, 110.0, 95.0, 72.0]"
16-9,Tamarama,east,115,2012-12-08,0,10.0,12,2012,"[15.0, 13.0, 10.5, 8.2, 6.9, 5.9, 4.4, 1.3, 2.2, 2.5, 3.2, 3.9, 2.9, 3.5, 5.2, 8.0, 7.1, 10.1, 12.2, 13.5, 15.1, 16.5, 20.9, 21.0, 16.3, 12.3, 5.4, 3.8, 5.1, 6.9]","[42.0, 42.0, 41.0, 38.0, 39.0, 47.0, 35.0, 326.0, 270.0, 278.0, 297.0, 304.0, 300.0, 336.0, 344.0, 10.0, 45.0, 63.0, 62.0, 61.0, 62.0, 58.0, 58.0, 51.0, 43.0, 38.0, 37.0, 49.0, 45.0, 43.0]"
16-10,Tamarama,east,115,2024-10-27,1,17.0,10,2024,"[13.0, 9.4, 4.0, 3.1, 3.6, 4.5, 5.9, 5.2, 5.4, 6.7, 6.9, 7.6, 7.1, 8.5, 8.8, 9.8, 9.5, 9.0, 7.6, 7.6, 6.6, 9.9, 14.2, 16.6, 14.3, 10.1, 7.2, 5.9, 6.7, 7.0]","[129.0, 120.0, 117.0, 24.0, 340.0, 299.0, 301.0, 311.0, 310.0, 301.0, 300.0, 298.0, 304.0, 331.0, 337.0, 347.0, 351.0, 355.0, 8.0, 25.0, 22.0, 46.0, 55.0, 59.0, 55.0, 50.0, 27.0, 14.0, 354.0, 339.0]"
16-10,Tamarama,east,115,2020-12-19,0,17.0,12,2020,"[21.1, 20.3, 17.1, 17.1, 17.3, 18.8, 19.6, 20.0, 20.5, 19.8, 19.0, 18.1, 17.8, 18.3, 15.9, 16.0, 15.3, 14.2, 13.2, 12.8, 11.8, 12.0, 12.0, 10.5, 9.6, 7.9, 5.4, 0.0, 2.4, 3.6]","[163.0, 167.0, 172.0, 162.0, 168.0, 173.0, 174.0, 173.0, 169.0, 164.0, 161.0, 163.0, 166.0, 165.0, 174.0, 171.0, 165.0, 156.0, 151.0, 148.0, 142.0, 136.0, 134.0, 121.0, 103.0, 87.0, 70.0, 270.0, 207.0, 174.0]"
16-10,Tamarama,east,115,2015-02-28,0,17.0,2,2015,"[11.9, 10.2, 8.9, 7.9, 7.6, 8.5, 7.6, 7.4, 7.1, 6.5, 3.5, 1.8, 1.1, 1.8, 2.9, 5.5, 8.2, 9.8, 12.0, 13.8, 15.3, 16.3, 16.8, 16.8, 15.5, 14.3, 12.7, 12.7, 12.5, 11.7]","[85.0, 72.0, 58.0, 43.0, 25.0, 12.0, 352.0, 331.0, 319.0, 304.0, 294.0, 281.0, 342.0, 11.0, 7.0, 23.0, 29.0, 36.0, 41.0, 43.0, 45.0, 47.0, 48.0, 48.0, 48.0, 43.0, 35.0, 29.0, 18.0, 9.0]"
16-10,Tamarama,east,115,2013-04-26,0,17.0,4,2013,"[8.4, 8.0, 8.1, 7.5, 7.9, 8.3, 8.7, 8.7, 9.2, 9.2, 8.8, 8.4, 9.1, 9.4, 11.9, 11.2, 11.6, 10.5, 9.0, 8.1, 7.2, 3.7, 0.4, 4.2, 5.6, 6.4, 6.6, 6.4, 5.8, 6.2]","[20.0, 355.0, 339.0, 325.0, 313.0, 304.0, 300.0, 300.0, 296.0, 291.0, 289.0, 290.0, 279.0, 268.0, 267.0, 266.0, 263.0, 264.0, 265.0, 257.0, 252.0, 241.0, 90.0, 59.0, 45.0, 27.0, 13.0, 333.0, 292.0, 260.0]"
16-11,Tamarama,east,115,2024-11-02,1,19.0,11,2024,"[16.6, 17.6, 14.9, 17.1, 17.5, 17.2, 17.1, 16.8, 15.7, 13.6, 11.4, 9.6, 7.8, 5.1, 3.6, 4.4, 6.9, 9.1, 10.9, 12.2, 13.1, 13.7, 11.6, 11.2, 11.4, 13.5, 14.6, 15.1, 15.1, 14.9]","[129.0, 137.0, 148.0, 154.0, 158.0, 160.0, 163.0, 163.0, 163.0, 163.0, 165.0, 168.0, 175.0, 172.0, 135.0, 125.0, 104.0, 83.0, 70.0, 64.0, 58.0, 50.0, 44.0, 37.0, 31.0, 34.0, 38.0, 27.0, 22.0, 15.0]"
16-11,Tamarama,east,115,2015-01-10,0,19.0,1,2015,"[17.2, 12.3, 4.7, 2.9, 3.4, 3.6, 3.2, 4.9, 3.9, 3.1, 2.9, 2.8, 2.9, 5.2, 3.6, 0.8, 2.3, 5.4, 7.1, 8.7, 10.5, 10.4, 5.4, 5.7, 6.6, 5.4, 7.3, 9.6, 13.1, 17.8]","[26.0, 5.0, 360.0, 97.0, 108.0, 143.0, 180.0, 163.0, 146.0, 111.0, 83.0, 50.0, 30.0, 12.0, 270.0, 333.0, 51.0, 70.0, 75.0, 73.0, 68.0, 56.0, 48.0, 35.0, 9.0, 352.0, 237.0, 200.0, 171.0, 166.0]"
16-11,Tamarama,east,115,2021-08-24,0,19.0,8,2021,"[13.7, 13.4, 7.6, 5.7, 3.7, 6.1, 6.1, 10.9, 16.7, 21.6, 24.6, 28.3, 29.4, 28.0, 18.5, 18.0, 21.1, 23.8, 33.3, 28.1, 29.1, 31.1, 35.5, 39.3, 42.4, 45.1, 36.2, 39.1, 39.7, 41.1]","[360.0, 14.0, 329.0, 288.0, 209.0, 177.0, 180.0, 186.0, 186.0, 183.0, 185.0, 187.0, 192.0, 206.0, 246.0, 254.0, 250.0, 245.0, 232.0, 237.0, 236.0, 243.0, 246.0, 246.0, 245.0, 242.0, 226.0, 233.0, 241.0, 242.0]"
16-11,Tamarama,east,115,2012-08-19,0,19.0,8,2012,"[20.2, 20.9, 21.6, 19.5, 18.8, 18.1, 17.7, 17.8, 17.9, 17.5, 17.3, 16.6, 15.9, 15.8, 14.2, 13.5, 10.3, 8.2, 6.0, 3.6, 0.4, 5.4, 7.3, 6.8, 4.9, 5.2, 7.9, 9.5, 9.4, 9.0]","[272.0, 270.0, 266.0, 265.0, 266.0, 264.0, 264.0, 263.0, 260.0, 256.0, 253.0, 252.0, 252.0, 249.0, 246.0, 245.0, 245.0, 221.0, 205.0, 233.0, 90.0, 94.0, 101.0, 115.0, 126.0, 146.0, 231.0, 233.0, 238.0, 241.0]"
16-12,Tamarama,east,115,2024-12-13,1,13.0,12,2024,"[10.8, 6.2, 3.4, 1.4, 2.6, 7.4, 8.1, 6.7, 5.6, 4.5, 5.6, 4.8, 4.4, 1.4, 2.5, 2.4, 3.2, 4.9, 4.2, 4.4, 7.3, 10.6, 12.4, 13.1, 11.9, 9.2, 19.3, 22.8, 20.7, 18.6]","[95.0, 97.0, 47.0, 67.0, 196.0, 180.0, 168.0, 161.0, 159.0, 166.0, 184.0, 195.0, 192.0, 180.0, 315.0, 343.0, 16.0, 8.0, 10.0, 58.0, 79.0, 81.0, 80.0, 69.0, 58.0, 149.0, 169.0, 173.0, 179.0, 186.0]"
16-12,Tamarama,east,115,2018-06-09,0,13.0,6,2018,"[6.8, 7.6, 8.7, 7.4, 8.0, 8.6, 8.7, 8.7, 7.8, 8.3, 8.6, 8.4, 8.0, 7.4, 5.5, 4.7, 3.6, 3.5, 6.9, 8.3, 7.3, 5.2, 4.1, 4.8, 5.4, 6.1, 7.6, 7.7, 10.1, 11.4]","[342.0, 341.0, 330.0, 346.0, 350.0, 338.0, 336.0, 343.0, 347.0, 342.0, 338.0, 335.0, 324.0, 317.0, 302.0, 279.0, 276.0, 294.0, 279.0, 272.0, 259.0, 236.0, 225.0, 228.0, 228.0, 220.0, 239.0, 217.0, 197.0, 198.0]"
16-12,Tamarama,east,115,2008-11-08,0,13.0,11,2008,"[12.9, 11.7, 9.5, 7.6, 9.6, 10.5, 10.5, 12.3, 12.6, 12.1, 12.3, 12.2, 12.7, 14.5, 17.5, 19.2, 18.8, 18.6, 16.4, 14.1, 15.1, 15.5, 15.3, 16.4, 15.6, 16.2, 16.4, 16.7, 16.2, 15.7]","[67.0, 56.0, 25.0, 19.0, 34.0, 16.0, 16.0, 5.0, 360.0, 10.0, 7.0, 360.0, 353.0, 354.0, 352.0, 343.0, 299.0, 252.0, 244.0, 255.0, 258.0, 257.0, 261.0, 261.0, 263.0, 266.0, 261.0, 251.0, 233.0, 217.0]"
16-12,Tamarama,east,115,2010-04-21,0,13.0,4,2010,"[9.4, 9.4, 7.7, 7.4, 6.9, 6.6, 5.9, 4.8, 4.9, 4.8, 4.8, 3.7, 4.0, 4.1, 4.7, 3.4, 4.0, 6.8, 8.8, 9.4, 10.2, 11.5, 13.2, 12.5, 11.8, 10.5, 8.9, 7.3, 7.2, 7.1]","[67.0, 58.0, 41.0, 23.0, 9.0, 347.0, 322.0, 297.0, 287.0, 283.0, 283.0, 281.0, 280.0, 285.0, 279.0, 288.0, 333.0, 357.0, 12.0, 23.0, 32.0, 44.0, 47.0, 46.0, 38.0, 27.0, 27.0, 11.0, 357.0, 345.0]"
16-13,Tamarama,east,115,2025-03-22,1,15.0,3,2025,"[7.9, 17.0, 13.3, 14.5, 14.1, 13.2, 12.6, 11.9, 11.5, 11.1, 11.8, 12.3, 12.7, 13.0, 11.5, 11.5, 10.1, 10.3, 10.4, 10.6, 11.0, 11.2, 13.0, 14.3, 13.4, 12.7, 9.0, 9.4, 9.1, 10.6]","[176.0, 187.0, 189.0, 188.0, 184.0, 192.0, 200.0, 200.0, 200.0, 197.0, 196.0, 192.0, 187.0, 181.0, 194.0, 188.0, 184.0, 176.0, 169.0, 156.0, 140.0, 131.0, 129.0, 131.0, 139.0, 145.0, 154.0, 150.0, 153.0, 150.0]"
16-13,Tamarama,east,115,2015-06-07,0,15.0,6,2015,"[7.2, 8.4, 7.5, 7.9, 8.4, 8.3, 8.1, 8.1, 7.5, 7.2, 6.0, 6.0, 6.5, 6.7, 7.1, 5.9, 6.1, 7.1, 7.4, 8.7, 8.6, 8.0, 7.1, 9.0, 10.2, 9.2, 8.4, 7.4, 6.4, 6.4]","[37.0, 20.0, 343.0, 321.0, 310.0, 304.0, 302.0, 302.0, 305.0, 307.0, 303.0, 303.0, 304.0, 306.0, 294.0, 308.0, 320.0, 336.0, 346.0, 353.0, 358.0, 10.0, 24.0, 23.0, 10.0, 349.0, 335.0, 317.0, 313.0, 313.0]"
16-13,Tamarama,east,115,2020-12-03,0,15.0,12,2020,"[16.3, 13.2, 8.4, 8.7, 11.2, 10.7, 10.7, 10.4, 9.0, 8.7, 9.3, 9.0, 10.0, 11.2, 7.4, 10.2, 13.9, 14.7, 14.8, 16.0, 15.6, 16.6, 16.1, 15.4, 14.8, 14.7, 10.4, 8.1, 8.0, 5.4]","[118.0, 125.0, 121.0, 132.0, 132.0, 135.0, 130.0, 124.0, 113.0, 97.0, 74.0, 67.0, 60.0, 57.0, 43.0, 39.0, 37.0, 36.0, 34.0, 31.0, 38.0, 41.0, 48.0, 53.0, 45.0, 31.0, 20.0, 13.0, 5.0, 360.0]"
16-13,Tamarama,east,115,2014-07-03,0,15.0,7,2014,"[6.3, 3.1, 2.9, 5.0, 7.5, 9.3, 9.3, 8.9, 8.4, 7.7, 7.4, 7.6, 7.6, 7.5, 7.7, 6.3, 5.2, 3.9, 2.5, 1.5, 3.1, 5.0, 5.2, 7.9, 8.7, 8.4, 5.5, 6.4, 6.4, 6.6]","[121.0, 126.0, 240.0, 249.0, 253.0, 257.0, 254.0, 256.0, 260.0, 259.0, 256.0, 251.0, 251.0, 253.0, 259.0, 246.0, 236.0, 214.0, 172.0, 76.0, 36.0, 21.0, 25.0, 30.0, 24.0, 10.0, 328.0, 322.0, 322.0, 319.0]"
16-14,Tamarama,east,115,2025-05-20,1,13.0,5,2025,"[22.6, 22.6, 23.8, 23.7, 22.7, 21.3, 20.1, 20.6, 20.1, 20.0, 17.8, 17.1, 16.0, 15.1, 13.9, 15.1, 15.0, 17.0, 16.9, 16.6, 16.8, 15.2, 11.6, 10.2, 9.1, 8.8, 9.1, 10.1, 8.9, 6.5]","[164.0, 163.0, 166.0, 163.0, 156.0, 147.0, 149.0, 155.0, 152.0, 149.0, 153.0, 156.0, 154.0, 151.0, 170.0, 162.0, 154.0, 143.0, 137.0, 132.0, 128.0, 132.0, 139.0, 138.0, 129.0, 141.0, 148.0, 140.0, 133.0, 129.0]"
16-14,Tamarama,east,115,2021-03-14,0,13.0,3,2021,"[16.8, 18.3, 17.3, 17.1, 14.8, 10.5, 7.6, 5.6, 4.3, 5.9, 18.8, 23.8, 22.3, 20.9, 21.7, 24.1, 26.6, 27.1, 26.7, 25.9, 24.1, 22.7, 22.4, 21.3, 21.0, 19.9, 15.0, 17.2, 18.1, 19.2]","[45.0, 36.0, 23.0, 18.0, 3.0, 356.0, 352.0, 345.0, 318.0, 232.0, 185.0, 181.0, 179.0, 180.0, 187.0, 190.0, 189.0, 185.0, 184.0, 189.0, 194.0, 195.0, 195.0, 196.0, 196.0, 197.0, 204.0, 209.0, 203.0, 197.0]"
16-14,Tamarama,east,115,2022-10-16,0,13.0,10,2022,"[10.8, 8.0, 0.9, 1.5, 1.1, 1.5, 2.7, 5.4, 5.3, 5.4, 6.3, 5.0, 3.5, 6.9, 7.6, 5.9, 4.4, 3.9, 6.5, 9.4, 12.8, 14.0, 14.0, 12.5, 10.0, 10.2, 11.5, 12.1, 13.7, 15.5]","[75.0, 67.0, 349.0, 60.0, 99.0, 256.0, 247.0, 233.0, 215.0, 201.0, 204.0, 232.0, 255.0, 247.0, 214.0, 200.0, 168.0, 114.0, 114.0, 116.0, 118.0, 118.0, 123.0, 134.0, 152.0, 159.0, 177.0, 173.0, 177.0, 181.0]"
16-14,Tamarama,east,115,2026-04-16,0,13.0,4,2026,"[10.2, 7.9, 4.7, 3.6, 3.2, 3.5, 3.2, 4.6, 5.6, 4.2, 4.3, 4.8, 5.4, 6.5, 4.7, 5.1, 7.7, 8.0, 7.1, 6.5, 6.5, 6.7, 6.6, 8.3, 8.4, 6.3, 4.6, 3.2, 5.0, 6.1]","[121.0, 129.0, 178.0, 198.0, 207.0, 208.0, 236.0, 281.0, 295.0, 290.0, 285.0, 285.0, 285.0, 289.0, 288.0, 309.0, 330.0, 335.0, 330.0, 330.0, 341.0, 357.0, 29.0, 51.0, 43.0, 27.0, 21.0, 317.0, 268.0, 258.0]"
17-0,Bronte,east,110,2022-01-01,1,18.0,1,2022,"[20.7, 18.1, 16.6, 15.2, 13.8, 12.3, 11.3, 11.4, 11.0, 8.6, 6.7, 7.4, 8.6, 9.4, 13.2, 14.8, 13.5, 16.0, 18.0, 17.5, 18.1, 18.2, 18.2, 20.5, 21.1, 18.0, 14.0, 14.3, 12.8, 11.9]","[49.0, 44.0, 42.0, 36.0, 33.0, 32.0, 31.0, 28.0, 23.0, 15.0, 16.0, 23.0, 15.0, 7.0, 22.0, 26.0, 36.0, 49.0, 53.0, 53.0, 53.0, 51.0, 49.0, 51.0, 46.0, 38.0, 36.0, 34.0, 24.0, 20.0]"
17-0,Bronte,east,110,2009-11-26,0,18.0,11,2009,"[15.1, 12.4, 10.3, 7.8, 6.2, 5.8, 5.1, 4.8, 5.1, 5.4, 6.0, 6.8, 7.1, 13.5, 12.5, 11.8, 10.5, 9.7, 11.8, 14.6, 17.6, 19.6, 19.6, 18.1, 16.9, 14.3, 12.7, 9.1, 4.1, 4.4]","[65.0, 64.0, 61.0, 68.0, 80.0, 90.0, 98.0, 103.0, 98.0, 86.0, 73.0, 58.0, 41.0, 34.0, 49.0, 40.0, 31.0, 39.0, 52.0, 57.0, 59.0, 58.0, 54.0, 55.0, 52.0, 41.0, 225.0, 198.0, 135.0, 125.0]"
17-0,Bronte,east,110,2019-10-22,0,18.0,10,2019,"[10.6, 7.5, 5.7, 7.0, 5.9, 3.8, 2.2, 1.5, 3.3, 4.8, 5.5, 5.6, 3.4, 3.1, 5.7, 6.8, 7.8, 9.9, 12.1, 14.7, 16.9, 18.0, 17.9, 16.8, 13.0, 9.6, 5.8, 5.5, 6.7, 6.7]","[100.0, 107.0, 108.0, 111.0, 104.0, 107.0, 99.0, 284.0, 276.0, 283.0, 281.0, 285.0, 288.0, 324.0, 342.0, 3.0, 34.0, 46.0, 53.0, 59.0, 63.0, 70.0, 75.0, 80.0, 90.0, 103.0, 112.0, 122.0, 126.0, 126.0]"
17-0,Bronte,east,110,2018-10-07,0,18.0,10,2018,"[19.1, 19.2, 15.9, 17.0, 17.4, 16.8, 17.4, 18.2, 18.6, 18.3, 18.6, 19.9, 20.6, 19.6, 22.1, 22.6, 21.4, 21.1, 22.2, 23.0, 23.9, 24.3, 24.1, 23.9, 23.5, 23.1, 24.1, 24.7, 22.1, 19.3]","[181.0, 185.0, 193.0, 197.0, 198.0, 203.0, 210.0, 218.0, 223.0, 225.0, 223.0, 224.0, 224.0, 221.0, 214.0, 209.0, 205.0, 197.0, 193.0, 197.0, 203.0, 212.0, 219.0, 217.0, 216.0, 214.0, 212.0, 211.0, 210.0, 207.0]"
17-1,Bronte,east,110,2022-10-01,1,14.0,10,2022,"[15.2, 15.7, 14.9, 14.0, 12.3, 13.1, 13.1, 12.5, 12.3, 12.8, 12.8, 12.8, 12.1, 12.2, 12.7, 14.3, 13.7, 14.2, 14.8, 14.9, 15.4, 16.5, 15.3, 13.8, 11.2, 9.9, 6.7, 6.8, 6.4, 5.8]","[157.0, 150.0, 145.0, 145.0, 151.0, 157.0, 162.0, 168.0, 172.0, 178.0, 179.0, 178.0, 174.0, 172.0, 168.0, 157.0, 153.0, 151.0, 150.0, 148.0, 137.0, 145.0, 146.0, 147.0, 152.0, 159.0, 180.0, 177.0, 172.0, 180.0]"
17-1,Bronte,east,110,2012-10-01,0,14.0,10,2012,"[7.7, 6.9, 2.6, 6.3, 6.1, 7.4, 8.3, 8.6, 7.9, 6.9, 5.7, 4.6, 5.4, 5.4, 3.1, 0.5, 3.3, 2.2, 2.1, 5.2, 9.8, 13.3, 16.3, 16.0, 13.2, 11.2, 8.2, 7.6, 6.6, 7.2]","[131.0, 133.0, 196.0, 211.0, 220.0, 231.0, 236.0, 237.0, 231.0, 223.0, 215.0, 219.0, 228.0, 233.0, 225.0, 135.0, 354.0, 9.0, 59.0, 74.0, 84.0, 88.0, 96.0, 104.0, 119.0, 140.0, 151.0, 155.0, 167.0, 180.0]"
17-1,Bronte,east,110,2015-02-09,0,14.0,2,2015,"[8.6, 5.1, 4.2, 3.8, 3.8, 4.5, 7.6, 11.8, 18.4, 22.0, 22.7, 22.0, 21.6, 23.1, 20.9, 20.5, 20.2, 19.8, 19.3, 18.8, 18.0, 17.9, 17.3, 16.8, 15.0, 13.2, 9.9, 9.7, 8.7, 7.4]","[88.0, 98.0, 121.0, 131.0, 131.0, 151.0, 161.0, 168.0, 174.0, 175.0, 176.0, 177.0, 178.0, 176.0, 176.0, 169.0, 161.0, 155.0, 151.0, 148.0, 143.0, 140.0, 137.0, 135.0, 134.0, 135.0, 136.0, 132.0, 132.0, 137.0]"
17-1,Bronte,east,110,2018-04-16,0,14.0,4,2018,"[14.6, 13.1, 10.7, 9.4, 9.6, 10.5, 10.2, 8.0, 7.9, 8.8, 9.7, 10.4, 11.2, 11.6, 6.7, 8.8, 9.4, 10.2, 10.6, 11.9, 14.9, 17.0, 17.3, 16.7, 16.0, 13.6, 14.2, 15.3, 16.2, 15.0]","[286.0, 286.0, 312.0, 320.0, 326.0, 329.0, 328.0, 333.0, 344.0, 351.0, 356.0, 2.0, 4.0, 5.0, 344.0, 348.0, 320.0, 309.0, 294.0, 273.0, 263.0, 264.0, 265.0, 264.0, 261.0, 258.0, 249.0, 251.0, 249.0, 246.0]"
17-2,Bronte,east,110,2022-10-07,1,10.0,10,2022,"[12.6, 11.9, 6.0, 8.0, 9.9, 9.9, 8.1, 6.3, 5.0, 4.1, 3.9, 4.1, 4.8, 4.8, 3.3, 7.7, 10.8, 13.1, 13.0, 13.6, 12.1, 13.8, 14.5, 15.1, 13.9, 13.2, 11.4, 9.6, 9.4, 8.8]","[34.0, 27.0, 17.0, 16.0, 4.0, 1.0, 354.0, 345.0, 341.0, 347.0, 338.0, 319.0, 307.0, 331.0, 36.0, 24.0, 24.0, 23.0, 10.0, 6.0, 6.0, 7.0, 17.0, 25.0, 20.0, 17.0, 12.0, 6.0, 4.0, 356.0]"
17-2,Bronte,east,110,2024-09-17,0,10.0,9,2024,"[8.1, 8.6, 9.0, 8.5, 8.9, 8.8, 9.2, 10.5, 10.5, 10.1, 8.9, 8.0, 8.1, 8.0, 5.2, 4.9, 4.1, 7.6, 5.2, 3.5, 2.7, 3.1, 4.9, 6.4, 7.4, 5.8, 3.1, 5.3, 7.0, 9.0]","[163.0, 182.0, 200.0, 209.0, 218.0, 221.0, 213.0, 207.0, 205.0, 207.0, 218.0, 230.0, 238.0, 247.0, 258.0, 264.0, 268.0, 271.0, 290.0, 332.0, 332.0, 36.0, 62.0, 72.0, 58.0, 16.0, 10.0, 325.0, 299.0, 280.0]"
17-2,Bronte,east,110,2006-01-04,0,10.0,1,2006,"[22.5, 17.8, 9.7, 7.1, 6.9, 6.8, 7.2, 7.5, 12.0, 16.3, 18.4, 17.8, 18.1, 18.8, 16.7, 14.9, 12.4, 11.5, 11.5, 10.6, 8.1, 7.6, 9.0, 9.7, 9.8, 10.8, 8.1, 8.5, 8.9, 8.2]","[141.0, 144.0, 132.0, 135.0, 129.0, 122.0, 127.0, 125.0, 131.0, 137.0, 140.0, 144.0, 145.0, 144.0, 143.0, 143.0, 144.0, 134.0, 131.0, 125.0, 111.0, 98.0, 92.0, 88.0, 96.0, 92.0, 122.0, 126.0, 122.0, 128.0]"
17-2,Bronte,east,110,2012-10-25,0,10.0,10,2012,"[16.4, 14.0, 8.5, 7.9, 9.3, 9.8, 8.9, 7.0, 6.9, 7.2, 7.9, 7.3, 6.9, 5.5, 4.0, 6.2, 7.6, 9.7, 9.0, 8.8, 10.3, 9.9, 9.7, 8.6, 9.1, 8.9, 9.9, 8.4, 13.5, 16.5]","[50.0, 46.0, 36.0, 30.0, 28.0, 24.0, 14.0, 12.0, 9.0, 6.0, 360.0, 351.0, 354.0, 337.0, 333.0, 10.0, 5.0, 360.0, 360.0, 19.0, 25.0, 10.0, 4.0, 360.0, 353.0, 346.0, 316.0, 263.0, 236.0, 226.0]"
17-3,Bronte,east,110,2023-11-02,1,16.0,11,2023,"[14.1, 12.4, 11.7, 12.2, 12.4, 12.6, 11.7, 10.5, 9.8, 9.2, 9.6, 9.4, 10.2, 11.6, 10.4, 8.7, 8.6, 9.0, 8.9, 8.9, 12.1, 14.7, 16.3, 15.3, 13.0, 9.4, 5.6, 4.7, 4.1, 4.7]","[148.0, 154.0, 162.0, 166.0, 172.0, 180.0, 191.0, 196.0, 197.0, 201.0, 200.0, 198.0, 198.0, 185.0, 178.0, 163.0, 158.0, 157.0, 148.0, 137.0, 120.0, 112.0, 104.0, 99.0, 93.0, 92.0, 105.0, 113.0, 128.0, 122.0]"
17-3,Bronte,east,110,2012-06-08,0,16.0,6,2012,"[5.8, 5.5, 7.8, 8.0, 7.9, 7.6, 7.7, 7.9, 7.8, 8.1, 8.3, 8.7, 8.8, 9.2, 9.7, 8.2, 7.3, 7.0, 5.6, 4.0, 4.0, 4.6, 4.3, 6.7, 7.0, 5.4, 5.7, 6.1, 6.8, 6.0]","[158.0, 191.0, 214.0, 216.0, 219.0, 225.0, 233.0, 240.0, 248.0, 249.0, 252.0, 253.0, 251.0, 249.0, 243.0, 247.0, 237.0, 215.0, 195.0, 185.0, 170.0, 162.0, 156.0, 144.0, 145.0, 160.0, 198.0, 230.0, 238.0, 245.0]"
17-3,Bronte,east,110,2010-09-18,0,16.0,9,2010,"[5.4, 3.3, 3.3, 8.6, 10.8, 11.6, 12.0, 11.6, 12.3, 12.6, 12.3, 11.6, 12.0, 11.3, 10.4, 11.1, 10.0, 8.4, 7.1, 7.4, 8.1, 9.6, 9.2, 7.6, 4.6, 5.5, 5.8, 0.7, 5.9, 8.0]","[37.0, 354.0, 283.0, 248.0, 249.0, 254.0, 263.0, 265.0, 267.0, 270.0, 273.0, 275.0, 277.0, 279.0, 284.0, 283.0, 283.0, 277.0, 255.0, 223.0, 193.0, 167.0, 141.0, 115.0, 108.0, 101.0, 68.0, 90.0, 227.0, 234.0]"
17-3,Bronte,east,110,2015-08-23,0,16.0,8,2015,"[10.8, 11.7, 7.9, 10.0, 12.8, 12.1, 9.3, 7.2, 5.6, 4.7, 5.8, 6.5, 4.8, 4.7, 1.3, 4.4, 6.5, 9.7, 12.0, 12.2, 11.1, 7.6, 3.8, 5.4, 6.2, 7.2, 5.2, 5.6, 6.2, 5.5]","[356.0, 342.0, 321.0, 334.0, 350.0, 343.0, 324.0, 307.0, 297.0, 261.0, 248.0, 236.0, 207.0, 184.0, 34.0, 351.0, 6.0, 4.0, 353.0, 346.0, 347.0, 357.0, 17.0, 48.0, 21.0, 18.0, 348.0, 50.0, 10.0, 328.0]"
17-4,Bronte,east,110,2024-01-02,1,18.0,1,2024,"[12.7, 14.0, 12.7, 11.7, 10.7, 10.6, 9.9, 9.5, 8.6, 6.8, 5.7, 4.7, 4.1, 8.9, 13.9, 15.6, 17.1, 16.4, 16.6, 18.4, 20.2, 20.9, 21.2, 19.5, 16.0, 15.0, 14.3, 12.8, 10.0, 8.3]","[47.0, 46.0, 47.0, 45.0, 42.0, 35.0, 33.0, 29.0, 22.0, 18.0, 18.0, 356.0, 345.0, 21.0, 25.0, 29.0, 35.0, 38.0, 42.0, 48.0, 50.0, 54.0, 58.0, 56.0, 59.0, 60.0, 51.0, 40.0, 30.0, 34.0]"
17-4,Bronte,east,110,2023-08-19,0,18.0,8,2023,"[23.8, 23.0, 22.8, 24.8, 26.7, 25.8, 23.6, 23.0, 22.0, 21.1, 20.7, 20.5, 19.5, 18.5, 13.0, 15.2, 17.3, 17.8, 17.6, 17.9, 19.1, 21.2, 21.3, 19.5, 19.1, 19.2, 18.9, 19.9, 19.5, 18.0]","[272.0, 271.0, 275.0, 269.0, 265.0, 262.0, 258.0, 253.0, 252.0, 253.0, 253.0, 252.0, 254.0, 257.0, 264.0, 263.0, 258.0, 256.0, 259.0, 261.0, 259.0, 260.0, 264.0, 267.0, 267.0, 265.0, 261.0, 257.0, 258.0, 258.0]"
17-4,Bronte,east,110,2019-01-04,0,18.0,1,2019,"[17.1, 15.3, 12.9, 11.4, 11.2, 11.9, 10.3, 9.0, 8.0, 6.8, 5.2, 4.6, 5.0, 6.7, 2.6, 3.9, 7.1, 10.3, 12.8, 14.6, 15.4, 16.2, 17.0, 16.9, 15.8, 14.8, 8.4, 6.1, 10.2, 12.6]","[48.0, 39.0, 27.0, 35.0, 40.0, 35.0, 36.0, 37.0, 36.0, 32.0, 34.0, 39.0, 30.0, 36.0, 16.0, 34.0, 49.0, 54.0, 52.0, 52.0, 53.0, 53.0, 54.0, 52.0, 49.0, 43.0, 20.0, 28.0, 42.0, 37.0]"
17-4,Bronte,east,110,2019-08-10,0,18.0,8,2019,"[30.6, 30.7, 30.2, 30.6, 31.1, 30.4, 30.2, 29.2, 29.0, 28.7, 29.0, 28.8, 27.9, 26.9, 25.3, 27.3, 27.8, 26.8, 28.6, 28.9, 30.6, 30.6, 29.9, 25.9, 27.4, 29.3, 23.8, 23.4, 27.8, 28.9]","[285.0, 283.0, 285.0, 282.0, 281.0, 281.0, 282.0, 286.0, 287.0, 288.0, 287.0, 288.0, 290.0, 290.0, 296.0, 293.0, 283.0, 276.0, 275.0, 276.0, 271.0, 269.0, 267.0, 272.0, 268.0, 265.0, 273.0, 274.0, 273.0, 274.0]"
17-5,Bronte,east,110,2024-10-03,1,5.0,10,2024,"[9.2, 7.5, 7.8, 7.3, 5.4, 5.1, 4.6, 2.8, 2.5, 2.3, 0.6, 0.9, 1.3, 1.5, 2.9, 6.1, 8.9, 10.2, 10.3, 10.9, 12.3, 13.3, 13.3, 13.9, 10.8, 7.3, 6.5, 7.1, 7.3, 7.1]","[154.0, 160.0, 161.0, 138.0, 130.0, 129.0, 132.0, 140.0, 135.0, 122.0, 146.0, 191.0, 180.0, 166.0, 150.0, 85.0, 71.0, 67.0, 63.0, 66.0, 67.0, 71.0, 69.0, 69.0, 64.0, 54.0, 62.0, 47.0, 20.0, 10.0]"
17-5,Bronte,east,110,2020-09-07,0,5.0,9,2020,"[10.5, 10.5, 10.2, 8.9, 7.3, 5.8, 5.6, 5.2, 5.4, 5.2, 5.2, 5.4, 6.4, 5.9, 5.2, 8.5, 11.2, 13.4, 14.7, 15.6, 16.5, 17.8, 18.6, 18.4, 16.8, 16.1, 14.6, 14.5, 13.0, 11.6]","[63.0, 63.0, 58.0, 47.0, 33.0, 22.0, 15.0, 12.0, 360.0, 344.0, 326.0, 318.0, 322.0, 322.0, 326.0, 348.0, 4.0, 20.0, 31.0, 38.0, 44.0, 47.0, 49.0, 50.0, 47.0, 40.0, 38.0, 27.0, 14.0, 5.0]"
17-5,Bronte,east,110,2013-03-24,0,5.0,3,2013,"[17.0, 17.3, 13.8, 11.2, 7.7, 6.3, 5.6, 4.4, 4.8, 3.7, 1.5, 0.4, 1.1, 2.6, 5.5, 6.4, 6.4, 8.3, 10.6, 10.2, 8.0, 6.1, 7.1, 6.5, 4.7, 4.5, 4.1, 2.5, 4.1, 5.9]","[95.0, 92.0, 96.0, 94.0, 79.0, 77.0, 75.0, 81.0, 63.0, 61.0, 14.0, 270.0, 270.0, 286.0, 293.0, 313.0, 333.0, 2.0, 10.0, 10.0, 18.0, 45.0, 66.0, 71.0, 67.0, 61.0, 75.0, 90.0, 218.0, 227.0]"
17-5,Bronte,east,110,2016-06-06,0,5.0,6,2016,"[7.9, 19.4, 5.1, 19.3, 27.6, 33.5, 31.1, 24.7, 15.3, 11.6, 12.8, 14.7, 15.1, 16.7, 18.8, 20.2, 18.8, 17.5, 19.1, 21.4, 22.6, 21.5, 20.4, 20.6, 20.2, 20.5, 17.3, 14.6, 12.0, 12.4]","[204.0, 235.0, 266.0, 249.0, 253.0, 258.0, 257.0, 262.0, 279.0, 300.0, 302.0, 298.0, 288.0, 277.0, 274.0, 270.0, 263.0, 256.0, 258.0, 262.0, 261.0, 260.0, 261.0, 264.0, 266.0, 268.0, 268.0, 279.0, 291.0, 300.0]"
17-6,Bronte,east,110,2024-10-13,1,21.0,10,2024,"[18.7, 16.6, 14.0, 12.1, 9.7, 8.8, 8.8, 8.9, 8.5, 6.9, 6.1, 6.0, 4.9, 4.5, 6.3, 3.0, 8.1, 10.7, 12.8, 14.9, 15.6, 17.5, 19.1, 19.0, 16.6, 15.7, 9.4, 11.2, 12.2, 11.7]","[163.0, 163.0, 173.0, 175.0, 182.0, 191.0, 189.0, 186.0, 184.0, 185.0, 192.0, 201.0, 213.0, 220.0, 219.0, 76.0, 39.0, 33.0, 38.0, 42.0, 38.0, 42.0, 47.0, 47.0, 47.0, 44.0, 38.0, 32.0, 24.0, 15.0]"
17-6,Bronte,east,110,2015-11-29,0,21.0,11,2015,"[15.7, 15.9, 16.8, 16.3, 16.4, 17.3, 18.1, 18.7, 17.9, 16.6, 14.8, 14.1, 14.3, 19.4, 13.4, 10.8, 8.9, 7.3, 7.1, 7.4, 8.4, 12.8, 19.0, 19.9, 16.6, 13.3, 11.5, 9.3, 6.2, 2.9]","[53.0, 52.0, 48.0, 49.0, 50.0, 47.0, 43.0, 38.0, 34.0, 34.0, 34.0, 32.0, 34.0, 31.0, 20.0, 21.0, 21.0, 33.0, 41.0, 39.0, 40.0, 52.0, 53.0, 49.0, 42.0, 33.0, 32.0, 16.0, 350.0, 270.0]"
17-6,Bronte,east,110,2015-12-02,0,21.0,12,2015,"[12.3, 13.6, 11.9, 11.5, 11.1, 22.5, 19.5, 13.7, 12.4, 15.5, 17.4, 18.1, 18.4, 18.0, 18.1, 18.4, 19.2, 23.0, 27.1, 30.6, 31.6, 30.6, 28.9, 25.3, 22.1, 18.5, 12.8, 11.2, 10.1, 9.9]","[40.0, 40.0, 25.0, 4.0, 306.0, 243.0, 203.0, 180.0, 150.0, 167.0, 174.0, 173.0, 177.0, 181.0, 185.0, 184.0, 175.0, 166.0, 161.0, 160.0, 159.0, 159.0, 157.0, 156.0, 152.0, 151.0, 142.0, 140.0, 145.0, 147.0]"
17-6,Bronte,east,110,2021-02-25,0,21.0,2,2021,"[4.1, 4.7, 4.5, 6.1, 8.4, 11.0, 12.1, 13.2, 13.4, 10.7, 9.0, 7.5, 6.6, 7.0, 3.4, 7.1, 3.1, 1.1, 3.9, 4.8, 8.6, 12.9, 14.5, 13.9, 12.6, 14.8, 7.9, 7.8, 8.2, 7.2]","[128.0, 81.0, 29.0, 28.0, 43.0, 41.0, 37.0, 26.0, 14.0, 12.0, 5.0, 343.0, 347.0, 348.0, 342.0, 285.0, 249.0, 252.0, 158.0, 103.0, 33.0, 27.0, 27.0, 25.0, 31.0, 26.0, 336.0, 338.0, 331.0, 333.0]"
17-7,Bronte,east,110,2024-10-25,1,12.0,10,2024,"[14.2, 12.8, 12.6, 12.4, 11.5, 9.8, 8.9, 7.4, 6.9, 5.3, 4.4, 5.2, 7.3, 6.3, 8.5, 9.6, 7.3, 5.7, 9.1, 15.2, 22.2, 25.8, 24.2, 22.9, 20.5, 19.7, 17.4, 15.5, 15.7, 15.9]","[148.0, 149.0, 178.0, 178.0, 182.0, 193.0, 201.0, 214.0, 223.0, 225.0, 240.0, 250.0, 259.0, 265.0, 275.0, 267.0, 254.0, 217.0, 172.0, 163.0, 152.0, 150.0, 152.0, 156.0, 162.0, 168.0, 169.0, 178.0, 186.0, 189.0]"
17-7,Bronte,east,110,2010-10-17,0,12.0,10,2010,"[23.9, 22.4, 21.2, 22.0, 22.0, 21.7, 21.5, 20.5, 19.8, 18.7, 17.7, 17.1, 16.3, 17.5, 17.7, 15.7, 12.9, 10.1, 6.3, 3.6, 3.6, 1.5, 4.3, 3.0, 1.1, 5.9, 11.7, 13.0, 12.0, 10.6]","[264.0, 266.0, 269.0, 267.0, 266.0, 264.0, 261.0, 259.0, 260.0, 259.0, 257.0, 255.0, 256.0, 256.0, 265.0, 261.0, 257.0, 253.0, 257.0, 264.0, 264.0, 166.0, 114.0, 104.0, 342.0, 281.0, 259.0, 256.0, 254.0, 252.0]"
17-7,Bronte,east,110,2017-06-19,0,12.0,6,2017,"[18.9, 17.8, 13.8, 15.3, 16.9, 17.4, 16.1, 14.8, 14.4, 15.1, 15.4, 15.4, 15.1, 14.2, 12.1, 12.8, 13.0, 14.5, 14.8, 14.6, 13.7, 13.3, 10.9, 9.9, 9.8, 10.1, 9.2, 9.7, 9.8, 8.8]","[193.0, 194.0, 223.0, 219.0, 214.0, 210.0, 207.0, 209.0, 212.0, 213.0, 213.0, 213.0, 213.0, 210.0, 233.0, 230.0, 222.0, 210.0, 198.0, 190.0, 183.0, 177.0, 172.0, 170.0, 172.0, 176.0, 191.0, 195.0, 188.0, 189.0]"
17-7,Bronte,east,110,2016-08-12,0,12.0,8,2016,"[8.7, 10.5, 11.4, 11.8, 11.8, 11.8, 11.8, 10.9, 10.1, 9.0, 8.6, 9.4, 7.9, 7.2, 8.5, 6.6, 6.2, 6.4, 7.3, 7.9, 8.4, 8.3, 8.1, 10.0, 12.2, 12.7, 7.3, 9.2, 13.0, 12.8]","[246.0, 243.0, 242.0, 247.0, 247.0, 250.0, 258.0, 262.0, 264.0, 270.0, 272.0, 268.0, 267.0, 273.0, 282.0, 283.0, 280.0, 286.0, 303.0, 321.0, 340.0, 5.0, 32.0, 41.0, 34.0, 15.0, 327.0, 291.0, 275.0, 280.0]"
17-8,Bronte,east,110,2024-12-22,1,,12,2024,"[20.7, 17.4, 13.6, 14.3, 13.2, 13.9, 14.1, 13.6, 12.6, 10.8, 8.3, 6.7, 5.4, 4.6, 1.0, 3.6, 5.9, 8.1, 10.0, 14.7, 17.3, 19.0, 19.7, 19.3, 18.1, 13.4, 11.0, 7.8, 5.1, 3.1]","[149.0, 144.0, 148.0, 151.0, 158.0, 156.0, 159.0, 165.0, 169.0, 169.0, 162.0, 153.0, 140.0, 108.0, 59.0, 70.0, 47.0, 39.0, 49.0, 67.0, 70.0, 67.0, 67.0, 60.0, 47.0, 40.0, 30.0, 22.0, 356.0, 273.0]"
17-8,Bronte,east,110,2023-10-24,0,,10,2023,"[12.0, 10.2, 5.6, 5.8, 6.2, 6.5, 4.8, 4.3, 3.4, 0.4, 2.3, 3.6, 5.1, 3.6, 3.1, 5.7, 8.3, 10.6, 12.1, 13.0, 15.3, 17.1, 17.4, 16.6, 16.0, 13.7, 4.6, 6.0, 5.4, 5.9]","[99.0, 100.0, 105.0, 94.0, 100.0, 109.0, 132.0, 156.0, 148.0, 270.0, 288.0, 276.0, 266.0, 276.0, 306.0, 342.0, 355.0, 10.0, 17.0, 28.0, 41.0, 49.0, 50.0, 48.0, 44.0, 35.0, 45.0, 25.0, 20.0, 14.0]"
17-8,Bronte,east,110,2026-03-31,0,,3,2026,"[11.3, 9.2, 7.3, 7.7, 7.2, 7.1, 6.1, 4.5, 3.3, 3.2, 4.0, 4.4, 4.2, 5.1, 5.6, 3.7, 4.6, 9.2, 10.5, 10.5, 10.1, 10.6, 14.0, 15.1, 13.4, 12.5, 8.4, 7.8, 8.0, 6.6]","[77.0, 73.0, 74.0, 57.0, 39.0, 21.0, 5.0, 344.0, 319.0, 304.0, 297.0, 282.0, 260.0, 262.0, 249.0, 256.0, 13.0, 28.0, 31.0, 35.0, 39.0, 43.0, 54.0, 57.0, 53.0, 46.0, 35.0, 26.0, 9.0, 347.0]"
17-8,Bronte,east,110,2023-11-13,0,,11,2023,"[7.1, 13.8, 20.5, 22.7, 24.0, 24.2, 21.7, 18.9, 15.6, 14.9, 14.0, 13.6, 15.1, 16.7, 12.8, 13.2, 14.2, 11.8, 10.7, 10.7, 10.8, 11.8, 11.8, 11.0, 9.7, 8.7, 7.1, 8.4, 8.2, 7.2]","[114.0, 160.0, 170.0, 170.0, 167.0, 165.0, 165.0, 162.0, 161.0, 160.0, 162.0, 163.0, 162.0, 161.0, 158.0, 154.0, 150.0, 142.0, 132.0, 130.0, 127.0, 121.0, 113.0, 109.0, 105.0, 85.0, 66.0, 43.0, 23.0, 360.0]"
17-9,Bronte,east,110,2025-03-29,1,16.0,3,2025,"[8.4, 7.8, 5.7, 6.5, 8.0, 6.3, 3.7, 5.0, 6.5, 4.7, 3.3, 3.5, 2.3, 3.0, 10.7, 11.9, 12.8, 13.6, 14.3, 15.4, 13.4, 10.7, 11.2, 15.1, 17.3, 18.5, 17.4, 20.0, 19.9, 21.8]","[79.0, 81.0, 108.0, 96.0, 85.0, 77.0, 101.0, 131.0, 109.0, 99.0, 84.0, 35.0, 119.0, 115.0, 188.0, 184.0, 181.0, 197.0, 221.0, 229.0, 228.0, 220.0, 220.0, 219.0, 219.0, 218.0, 235.0, 228.0, 235.0, 228.0]"
17-9,Bronte,east,110,2022-07-05,0,16.0,7,2022,"[26.8, 30.6, 34.5, 32.0, 29.9, 30.0, 31.2, 31.6, 31.9, 32.2, 32.1, 31.0, 30.3, 28.8, 28.3, 25.2, 21.9, 21.9, 23.3, 23.7, 25.6, 24.4, 22.1, 21.7, 22.2, 21.9, 19.0, 19.5, 18.9, 19.2]","[171.0, 167.0, 165.0, 170.0, 173.0, 171.0, 171.0, 168.0, 169.0, 168.0, 169.0, 169.0, 167.0, 163.0, 166.0, 164.0, 162.0, 164.0, 161.0, 156.0, 156.0, 158.0, 159.0, 157.0, 154.0, 152.0, 157.0, 157.0, 158.0, 160.0]"
17-9,Bronte,east,110,2009-10-22,0,16.0,10,2009,"[23.2, 23.3, 22.3, 19.4, 17.4, 17.3, 18.3, 17.9, 17.2, 15.4, 13.2, 10.9, 9.5, 11.0, 6.4, 6.8, 6.3, 6.5, 8.3, 11.9, 13.7, 14.8, 14.9, 12.6, 12.6, 10.6, 5.5, 5.4, 5.4, 5.1]","[164.0, 167.0, 166.0, 165.0, 167.0, 168.0, 170.0, 171.0, 169.0, 169.0, 169.0, 171.0, 169.0, 161.0, 137.0, 122.0, 103.0, 87.0, 92.0, 90.0, 92.0, 93.0, 97.0, 93.0, 85.0, 80.0, 79.0, 86.0, 70.0, 45.0]"
17-9,Bronte,east,110,2020-10-11,0,16.0,10,2020,"[2.1, 3.6, 8.4, 8.8, 8.6, 8.2, 7.8, 7.2, 6.4, 6.3, 6.3, 6.1, 5.5, 5.4, 5.6, 6.2, 8.2, 7.1, 4.4, 4.3, 7.8, 10.2, 9.7, 8.1, 7.4, 9.5, 15.9, 17.1, 16.7, 15.5]","[239.0, 270.0, 260.0, 279.0, 285.0, 285.0, 283.0, 288.0, 297.0, 301.0, 301.0, 298.0, 302.0, 312.0, 310.0, 324.0, 322.0, 311.0, 325.0, 24.0, 56.0, 72.0, 86.0, 111.0, 137.0, 155.0, 176.0, 173.0, 166.0, 158.0]"
17-10,Bronte,east,110,2025-03-30,1,12.0,3,2025,"[17.3, 18.5, 17.4, 20.0, 19.9, 21.8, 24.9, 26.3, 27.8, 29.4, 33.4, 34.3, 35.0, 32.9, 21.3, 24.9, 26.4, 32.2, 32.5, 32.5, 31.5, 30.6, 29.3, 26.1, 26.0, 26.0, 24.0, 25.5, 25.8, 27.2]","[219.0, 218.0, 235.0, 228.0, 235.0, 228.0, 220.0, 219.0, 221.0, 225.0, 226.0, 221.0, 211.0, 206.0, 218.0, 200.0, 186.0, 182.0, 184.0, 184.0, 186.0, 189.0, 189.0, 191.0, 192.0, 193.0, 191.0, 189.0, 193.0, 196.0]"
17-10,Bronte,east,110,2007-11-26,0,12.0,11,2007,"[11.7, 9.4, 7.1, 7.0, 6.8, 5.8, 6.1, 5.1, 5.4, 6.2, 6.9, 7.7, 9.1, 8.7, 9.3, 7.7, 6.9, 7.9, 10.8, 12.5, 15.0, 16.6, 16.2, 16.3, 16.3, 14.0, 13.6, 12.8, 14.1, 13.5]","[124.0, 130.0, 150.0, 159.0, 162.0, 173.0, 177.0, 172.0, 184.0, 187.0, 189.0, 191.0, 187.0, 175.0, 167.0, 152.0, 141.0, 133.0, 127.0, 129.0, 132.0, 139.0, 148.0, 149.0, 149.0, 154.0, 140.0, 140.0, 142.0, 151.0]"
17-10,Bronte,east,110,2012-05-13,0,12.0,5,2012,"[9.7, 13.4, 14.9, 15.5, 15.5, 14.4, 15.5, 17.5, 18.1, 19.1, 20.2, 20.9, 21.6, 22.7, 23.1, 25.2, 27.4, 27.9, 28.7, 29.0, 29.9, 26.6, 23.2, 21.6, 19.4, 17.5, 17.9, 17.1, 16.1, 15.5]","[248.0, 256.0, 262.0, 267.0, 273.0, 273.0, 266.0, 262.0, 264.0, 266.0, 270.0, 273.0, 271.0, 267.0, 267.0, 269.0, 265.0, 264.0, 262.0, 259.0, 255.0, 261.0, 264.0, 252.0, 239.0, 238.0, 240.0, 245.0, 246.0, 245.0]"
17-10,Bronte,east,110,2017-07-24,0,12.0,7,2017,"[15.0, 13.3, 10.0, 10.0, 11.0, 9.5, 9.7, 8.1, 8.2, 7.9, 7.0, 6.7, 8.0, 9.3, 4.3, 8.8, 10.6, 13.7, 13.1, 12.3, 11.5, 9.6, 6.5, 7.3, 9.9, 11.7, 12.6, 11.2, 10.7, 10.7]","[333.0, 327.0, 339.0, 330.0, 319.0, 307.0, 292.0, 291.0, 293.0, 294.0, 305.0, 306.0, 297.0, 286.0, 294.0, 282.0, 280.0, 267.0, 261.0, 255.0, 250.0, 250.0, 251.0, 250.0, 251.0, 252.0, 267.0, 272.0, 282.0, 282.0]"
17-11,Bronte,east,110,2026-02-20,1,14.0,2,2026,"[16.8, 14.8, 11.0, 11.0, 12.5, 13.0, 12.1, 10.4, 8.7, 6.9, 5.6, 5.1, 5.0, 6.1, 11.2, 14.0, 13.9, 15.4, 16.3, 16.3, 16.1, 16.9, 18.4, 19.6, 19.6, 16.5, 9.3, 9.5, 9.5, 8.4]","[87.0, 87.0, 86.0, 84.0, 83.0, 80.0, 78.0, 75.0, 69.0, 65.0, 63.0, 67.0, 69.0, 62.0, 44.0, 41.0, 41.0, 43.0, 44.0, 41.0, 37.0, 45.0, 48.0, 49.0, 46.0, 37.0, 22.0, 19.0, 15.0, 10.0]"
17-11,Bronte,east,110,2020-11-21,0,14.0,11,2020,"[8.9, 3.1, 28.1, 28.5, 24.1, 21.6, 20.3, 18.5, 16.8, 16.1, 15.0, 13.4, 14.8, 15.1, 14.4, 13.9, 14.0, 14.5, 14.3, 14.5, 13.5, 13.8, 14.5, 14.3, 11.0, 9.6, 5.6, 7.3, 7.8, 7.4]","[21.0, 201.0, 178.0, 176.0, 181.0, 183.0, 186.0, 188.0, 190.0, 190.0, 190.0, 186.0, 181.0, 179.0, 180.0, 170.0, 154.0, 145.0, 141.0, 138.0, 132.0, 133.0, 134.0, 131.0, 142.0, 146.0, 153.0, 171.0, 193.0, 203.0]"
17-11,Bronte,east,110,2020-03-13,0,14.0,3,2020,"[10.5, 9.8, 9.4, 9.0, 8.9, 9.2, 8.6, 7.4, 6.9, 7.6, 7.6, 7.9, 7.9, 7.0, 4.0, 6.0, 6.9, 8.0, 10.5, 12.4, 13.6, 14.5, 16.1, 17.3, 15.8, 14.4, 11.4, 10.9, 11.5, 10.7]","[68.0, 66.0, 58.0, 53.0, 40.0, 21.0, 2.0, 331.0, 298.0, 275.0, 262.0, 254.0, 254.0, 258.0, 280.0, 303.0, 321.0, 350.0, 16.0, 30.0, 32.0, 35.0, 40.0, 45.0, 43.0, 37.0, 28.0, 17.0, 358.0, 340.0]"
17-11,Bronte,east,110,2019-11-21,0,14.0,11,2019,"[13.8, 11.5, 7.4, 6.4, 7.1, 7.2, 7.3, 7.1, 7.1, 7.7, 7.9, 8.2, 8.0, 10.8, 11.7, 12.3, 13.0, 14.7, 15.7, 16.8, 19.2, 21.1, 22.1, 21.5, 20.1, 17.6, 8.1, 5.7, 3.8, 5.4]","[83.0, 76.0, 61.0, 43.0, 24.0, 357.0, 327.0, 315.0, 311.0, 311.0, 313.0, 319.0, 333.0, 356.0, 9.0, 21.0, 28.0, 31.0, 37.0, 43.0, 50.0, 53.0, 53.0, 52.0, 47.0, 41.0, 32.0, 18.0, 49.0, 37.0]"
18-0,Clovelly,east,90,2017-04-07,1,14.0,4,2017,"[8.4, 8.6, 6.1, 5.7, 4.3, 4.2, 4.3, 3.8, 3.3, 3.4, 2.1, 1.3, 2.8, 1.8, 2.0, 2.1, 3.1, 6.1, 7.2, 8.3, 8.7, 8.7, 9.0, 8.5, 7.9, 9.0, 9.2, 7.9, 7.8, 6.4]","[83.0, 75.0, 62.0, 72.0, 95.0, 110.0, 114.0, 107.0, 103.0, 108.0, 121.0, 214.0, 220.0, 233.0, 225.0, 211.0, 111.0, 87.0, 90.0, 92.0, 97.0, 95.0, 88.0, 78.0, 66.0, 53.0, 31.0, 360.0, 326.0, 308.0]"
18-0,Clovelly,east,90,2013-07-08,0,14.0,7,2013,"[9.4, 8.8, 8.9, 8.4, 9.0, 9.4, 9.4, 9.8, 9.4, 9.1, 9.2, 8.5, 8.6, 8.2, 8.7, 8.0, 7.6, 9.0, 10.4, 9.7, 8.7, 8.3, 6.6, 8.7, 8.9, 8.6, 7.2, 8.5, 8.2, 8.9]","[247.0, 251.0, 256.0, 260.0, 270.0, 272.0, 274.0, 276.0, 277.0, 279.0, 281.0, 282.0, 285.0, 285.0, 287.0, 280.0, 275.0, 265.0, 250.0, 228.0, 204.0, 182.0, 158.0, 142.0, 148.0, 158.0, 177.0, 192.0, 195.0, 194.0]"
18-0,Clovelly,east,90,2008-02-05,0,14.0,2,2008,"[17.3, 16.2, 17.3, 18.4, 20.4, 23.6, 25.2, 23.7, 20.2, 19.6, 20.1, 17.8, 15.3, 13.1, 11.9, 9.0, 6.1, 5.7, 3.8, 9.5, 17.9, 20.9, 18.9, 15.5, 15.8, 12.8, 16.8, 14.0, 13.1, 12.7]","[88.0, 93.0, 88.0, 88.0, 82.0, 71.0, 68.0, 66.0, 55.0, 41.0, 29.0, 21.0, 19.0, 16.0, 3.0, 358.0, 357.0, 342.0, 287.0, 233.0, 205.0, 199.0, 204.0, 216.0, 221.0, 232.0, 225.0, 241.0, 249.0, 262.0]"
18-0,Clovelly,east,90,2024-05-20,0,14.0,5,2024,"[9.1, 9.8, 10.2, 12.2, 13.9, 14.7, 15.0, 15.1, 15.0, 14.5, 13.9, 13.5, 13.2, 13.8, 12.3, 11.8, 13.1, 15.0, 17.8, 20.7, 21.2, 19.4, 18.4, 17.1, 17.1, 17.7, 12.5, 14.2, 16.2, 17.5]","[236.0, 242.0, 247.0, 251.0, 253.0, 253.0, 253.0, 252.0, 249.0, 247.0, 245.0, 245.0, 244.0, 242.0, 249.0, 243.0, 233.0, 215.0, 201.0, 193.0, 190.0, 191.0, 191.0, 195.0, 198.0, 200.0, 213.0, 216.0, 212.0, 212.0]"
18-1,Clovelly,east,90,2020-09-10,1,21.0,9,2020,"[14.1, 13.4, 8.0, 8.5, 10.3, 10.9, 9.8, 10.1, 11.2, 12.1, 12.9, 13.8, 13.9, 14.1, 13.4, 15.5, 15.5, 16.8, 17.4, 17.1, 16.9, 16.8, 15.6, 13.0, 11.0, 10.1, 11.2, 10.4, 9.8, 8.5]","[176.0, 174.0, 188.0, 192.0, 192.0, 188.0, 186.0, 180.0, 174.0, 170.0, 167.0, 165.0, 163.0, 165.0, 172.0, 162.0, 158.0, 157.0, 153.0, 152.0, 151.0, 149.0, 151.0, 156.0, 161.0, 163.0, 159.0, 160.0, 152.0, 144.0]"
18-1,Clovelly,east,90,2022-11-11,0,21.0,11,2022,"[13.9, 11.9, 10.1, 10.5, 10.5, 9.5, 8.1, 8.5, 6.8, 7.3, 7.7, 6.1, 5.8, 5.8, 4.5, 9.1, 11.7, 11.6, 11.7, 12.4, 12.6, 12.3, 10.7, 9.6, 8.1, 7.3, 5.2, 5.4, 6.2, 5.7]","[47.0, 42.0, 44.0, 38.0, 29.0, 25.0, 3.0, 333.0, 342.0, 350.0, 342.0, 355.0, 360.0, 9.0, 5.0, 34.0, 37.0, 33.0, 29.0, 36.0, 22.0, 357.0, 355.0, 354.0, 347.0, 340.0, 329.0, 352.0, 322.0, 316.0]"
18-1,Clovelly,east,90,2011-04-09,0,21.0,4,2011,"[9.1, 7.4, 4.2, 5.0, 6.1, 4.9, 5.6, 6.4, 6.3, 6.2, 6.5, 5.8, 5.1, 5.9, 6.1, 7.5, 10.2, 11.6, 10.2, 8.7, 8.1, 10.2, 13.8, 15.3, 15.4, 14.7, 13.1, 13.8, 13.7, 13.3]","[81.0, 67.0, 59.0, 339.0, 315.0, 306.0, 297.0, 286.0, 283.0, 277.0, 276.0, 277.0, 278.0, 284.0, 298.0, 305.0, 321.0, 334.0, 342.0, 353.0, 13.0, 32.0, 41.0, 43.0, 37.0, 28.0, 21.0, 15.0, 5.0, 360.0]"
18-1,Clovelly,east,90,2021-02-05,0,21.0,2,2021,"[18.5, 16.8, 15.8, 14.3, 15.3, 16.4, 14.5, 11.1, 9.0, 8.4, 8.2, 9.4, 10.7, 15.8, 18.7, 20.4, 22.4, 24.6, 26.0, 26.5, 25.5, 24.2, 23.9, 23.9, 23.2, 22.2, 22.9, 21.0, 19.7, 18.3]","[53.0, 47.0, 43.0, 41.0, 43.0, 40.0, 30.0, 29.0, 37.0, 40.0, 41.0, 43.0, 40.0, 30.0, 30.0, 32.0, 37.0, 39.0, 43.0, 45.0, 44.0, 47.0, 53.0, 56.0, 54.0, 50.0, 45.0, 39.0, 35.0, 32.0]"
18-2,Clovelly,east,90,2020-11-02,1,14.0,11,2020,"[24.7, 23.7, 23.4, 22.2, 20.9, 19.7, 18.1, 17.3, 17.1, 17.4, 16.4, 17.1, 16.9, 19.1, 18.2, 19.2, 18.7, 17.3, 17.4, 16.9, 16.6, 16.3, 15.5, 14.7, 11.5, 9.3, 7.6, 6.5, 6.2, 5.7]","[193.0, 194.0, 190.0, 193.0, 195.0, 198.0, 201.0, 203.0, 202.0, 198.0, 195.0, 195.0, 191.0, 181.0, 166.0, 167.0, 164.0, 159.0, 156.0, 153.0, 156.0, 155.0, 152.0, 149.0, 141.0, 144.0, 161.0, 174.0, 190.0, 198.0]"
18-2,Clovelly,east,90,2012-12-17,0,14.0,12,2012,"[2.8, 4.6, 11.5, 28.1, 33.6, 27.8, 25.2, 23.4, 22.0, 20.1, 19.6, 18.6, 18.1, 17.5, 18.1, 16.3, 15.5, 14.8, 14.0, 13.5, 12.9, 12.2, 12.7, 12.3, 12.1, 11.7, 9.8, 8.3, 8.0, 7.6]","[130.0, 129.0, 180.0, 180.0, 175.0, 175.0, 178.0, 178.0, 175.0, 171.0, 166.0, 165.0, 167.0, 166.0, 159.0, 155.0, 144.0, 139.0, 138.0, 134.0, 126.0, 124.0, 125.0, 122.0, 113.0, 108.0, 98.0, 85.0, 72.0, 59.0]"
18-2,Clovelly,east,90,2011-01-15,0,14.0,1,2011,"[21.2, 20.6, 20.1, 17.6, 14.7, 14.0, 12.2, 10.7, 10.0, 7.5, 5.9, 5.0, 6.0, 5.3, 3.5, 4.8, 4.7, 5.8, 6.6, 6.4, 5.5, 3.9, 4.3, 7.6, 9.7, 9.4, 8.7, 7.4, 8.4, 10.1]","[50.0, 44.0, 36.0, 31.0, 22.0, 23.0, 19.0, 20.0, 21.0, 17.0, 11.0, 30.0, 33.0, 28.0, 24.0, 13.0, 351.0, 338.0, 331.0, 333.0, 349.0, 22.0, 85.0, 121.0, 129.0, 130.0, 138.0, 157.0, 173.0, 184.0]"
18-2,Clovelly,east,90,2024-02-12,0,14.0,2,2024,"[13.9, 13.6, 11.2, 10.0, 8.5, 7.8, 7.6, 7.6, 7.6, 7.5, 7.4, 7.2, 6.1, 6.6, 6.0, 10.8, 12.1, 13.2, 14.5, 13.8, 13.3, 14.4, 15.6, 16.9, 15.7, 15.1, 13.0, 11.8, 8.4, 7.1]","[53.0, 53.0, 48.0, 38.0, 28.0, 13.0, 8.0, 360.0, 352.0, 343.0, 331.0, 323.0, 315.0, 315.0, 335.0, 4.0, 17.0, 26.0, 27.0, 28.0, 41.0, 53.0, 56.0, 56.0, 53.0, 52.0, 46.0, 38.0, 25.0, 24.0]"
18-3,Clovelly,east,90,2021-02-21,1,11.0,2,2021,"[14.7, 12.1, 10.8, 4.8, 3.6, 2.5, 3.1, 1.5, 2.6, 1.8, 1.8, 2.7, 3.1, 6.2, 6.6, 6.6, 7.2, 9.2, 10.9, 12.2, 13.9, 14.0, 13.9, 12.8, 10.4, 6.9, 3.8, 3.9, 3.2, 2.0]","[68.0, 63.0, 53.0, 42.0, 6.0, 270.0, 225.0, 104.0, 74.0, 79.0, 101.0, 157.0, 201.0, 216.0, 193.0, 171.0, 153.0, 138.0, 134.0, 133.0, 121.0, 116.0, 107.0, 106.0, 110.0, 118.0, 139.0, 124.0, 117.0, 225.0]"
18-3,Clovelly,east,90,2010-06-20,0,11.0,6,2010,"[10.8, 10.9, 11.3, 11.9, 11.9, 11.7, 11.4, 11.9, 11.6, 11.3, 11.2, 11.2, 11.4, 11.4, 11.0, 9.8, 10.6, 11.4, 10.4, 8.8, 8.0, 6.6, 5.6, 5.7, 5.2, 3.4, 2.7, 2.4, 3.9, 6.4]","[274.0, 276.0, 277.0, 272.0, 265.0, 261.0, 257.0, 256.0, 254.0, 253.0, 255.0, 255.0, 257.0, 259.0, 259.0, 262.0, 260.0, 252.0, 236.0, 215.0, 190.0, 167.0, 130.0, 108.0, 106.0, 122.0, 157.0, 207.0, 236.0, 254.0]"
18-3,Clovelly,east,90,2009-04-22,0,11.0,4,2009,"[14.4, 12.8, 11.2, 11.0, 12.4, 12.7, 12.4, 11.7, 10.5, 10.0, 9.3, 9.1, 8.6, 9.0, 8.1, 10.1, 11.9, 13.8, 16.1, 17.9, 18.4, 17.6, 15.1, 11.9, 9.7, 8.6, 7.9, 7.3, 7.6, 7.6]","[143.0, 148.0, 147.0, 148.0, 144.0, 145.0, 144.0, 146.0, 153.0, 159.0, 164.0, 173.0, 180.0, 185.0, 193.0, 180.0, 166.0, 152.0, 146.0, 142.0, 140.0, 139.0, 142.0, 145.0, 149.0, 158.0, 150.0, 160.0, 175.0, 180.0]"
18-3,Clovelly,east,90,2006-07-20,0,11.0,7,2006,"[16.0, 17.3, 13.7, 14.7, 16.4, 17.1, 17.7, 18.0, 17.7, 17.9, 18.2, 18.1, 18.1, 18.1, 16.8, 17.9, 21.5, 24.6, 24.5, 23.8, 23.2, 22.5, 19.6, 17.9, 17.0, 16.8, 13.4, 12.9, 12.0, 11.3]","[203.0, 201.0, 210.0, 211.0, 209.0, 205.0, 207.0, 209.0, 209.0, 208.0, 205.0, 203.0, 203.0, 203.0, 208.0, 210.0, 198.0, 187.0, 183.0, 184.0, 186.0, 186.0, 187.0, 190.0, 193.0, 195.0, 194.0, 198.0, 201.0, 197.0]"
18-4,Clovelly,east,90,2021-12-28,1,13.0,12,2021,"[16.8, 16.9, 14.1, 15.9, 16.1, 18.2, 18.7, 18.1, 17.1, 16.0, 16.2, 16.6, 17.6, 18.8, 16.9, 20.6, 22.3, 22.3, 21.3, 20.3, 19.6, 19.8, 21.4, 22.0, 21.9, 18.8, 14.9, 13.5, 13.1, 11.9]","[137.0, 128.0, 148.0, 147.0, 146.0, 146.0, 150.0, 157.0, 165.0, 172.0, 176.0, 179.0, 179.0, 176.0, 181.0, 175.0, 170.0, 170.0, 169.0, 168.0, 166.0, 164.0, 163.0, 162.0, 163.0, 163.0, 173.0, 171.0, 172.0, 177.0]"
18-4,Clovelly,east,90,2007-01-14,0,13.0,1,2007,"[22.4, 18.4, 15.5, 15.5, 15.0, 14.3, 13.0, 12.2, 10.9, 10.0, 8.9, 8.0, 8.3, 8.6, 7.6, 7.4, 8.7, 10.0, 11.0, 11.9, 13.1, 14.3, 14.9, 14.9, 15.2, 13.7, 10.4, 8.0, 6.9, 5.8]","[154.0, 152.0, 155.0, 158.0, 163.0, 168.0, 177.0, 182.0, 188.0, 193.0, 201.0, 207.0, 214.0, 202.0, 185.0, 151.0, 138.0, 131.0, 122.0, 115.0, 106.0, 102.0, 98.0, 97.0, 95.0, 95.0, 88.0, 85.0, 84.0, 83.0]"
18-4,Clovelly,east,90,2011-06-29,0,13.0,6,2011,"[13.8, 14.1, 12.2, 14.0, 13.8, 12.7, 12.0, 10.9, 10.8, 11.2, 11.2, 10.8, 9.6, 8.6, 9.0, 8.6, 9.2, 11.1, 14.8, 14.3, 14.6, 12.5, 9.2, 6.9, 6.9, 6.7, 6.6, 6.4, 7.1, 7.4]","[173.0, 174.0, 180.0, 179.0, 174.0, 172.0, 173.0, 174.0, 176.0, 174.0, 165.0, 159.0, 167.0, 180.0, 185.0, 180.0, 169.0, 151.0, 137.0, 131.0, 128.0, 129.0, 135.0, 141.0, 133.0, 126.0, 119.0, 117.0, 114.0, 113.0]"
18-4,Clovelly,east,90,2016-08-28,0,13.0,8,2016,"[9.3, 8.2, 6.5, 5.8, 9.5, 11.3, 10.2, 10.1, 10.4, 10.9, 10.2, 9.8, 10.2, 10.2, 8.8, 8.5, 9.4, 9.6, 8.7, 7.7, 6.7, 6.4, 5.5, 5.2, 7.0, 5.8, 5.3, 5.6, 5.8, 7.1]","[36.0, 23.0, 357.0, 292.0, 261.0, 253.0, 260.0, 264.0, 270.0, 279.0, 293.0, 298.0, 293.0, 293.0, 289.0, 282.0, 270.0, 257.0, 240.0, 229.0, 216.0, 196.0, 169.0, 146.0, 145.0, 158.0, 242.0, 255.0, 274.0, 285.0]"
18-5,Clovelly,east,90,2022-12-31,1,10.0,12,2022,"[13.0, 11.2, 6.7, 7.0, 6.7, 6.0, 5.8, 5.1, 4.3, 4.4, 2.4, 1.9, 2.3, 2.5, 1.8, 6.2, 9.8, 10.4, 11.6, 11.3, 13.7, 14.1, 14.2, 14.9, 14.4, 12.6, 12.0, 11.0, 9.7, 9.8]","[84.0, 86.0, 87.0, 90.0, 87.0, 83.0, 97.0, 108.0, 112.0, 120.0, 132.0, 197.0, 212.0, 111.0, 84.0, 68.0, 64.0, 62.0, 66.0, 70.0, 69.0, 71.0, 72.0, 71.0, 72.0, 73.0, 66.0, 64.0, 63.0, 60.0]"
18-5,Clovelly,east,90,2019-09-18,0,10.0,9,2019,"[24.3, 26.1, 24.2, 22.9, 22.9, 20.3, 19.6, 19.1, 19.1, 18.1, 18.4, 20.9, 23.3, 25.0, 24.2, 24.9, 23.9, 23.0, 26.5, 23.1, 19.9, 17.0, 13.4, 9.7, 9.7, 8.8, 8.3, 7.3, 10.6, 10.8]","[142.0, 142.0, 150.0, 156.0, 164.0, 167.0, 174.0, 179.0, 177.0, 174.0, 179.0, 178.0, 171.0, 165.0, 176.0, 176.0, 173.0, 171.0, 173.0, 176.0, 174.0, 175.0, 175.0, 176.0, 178.0, 189.0, 198.0, 200.0, 204.0, 195.0]"
18-5,Clovelly,east,90,2025-02-04,0,10.0,2,2025,"[20.4, 18.5, 12.8, 11.8, 11.4, 10.5, 9.5, 8.7, 7.9, 6.9, 6.4, 4.7, 4.1, 3.9, 8.7, 10.0, 9.8, 9.9, 10.7, 11.1, 12.2, 15.3, 18.0, 17.7, 16.2, 14.8, 12.8, 11.0, 8.3, 8.3]","[54.0, 50.0, 42.0, 38.0, 35.0, 31.0, 22.0, 13.0, 360.0, 343.0, 335.0, 328.0, 322.0, 336.0, 17.0, 17.0, 23.0, 32.0, 37.0, 42.0, 47.0, 51.0, 48.0, 44.0, 41.0, 36.0, 24.0, 11.0, 6.0, 18.0]"
18-5,Clovelly,east,90,2023-04-03,0,10.0,4,2023,"[6.2, 6.3, 3.0, 5.1, 4.7, 4.3, 3.5, 3.2, 3.4, 2.5, 2.3, 2.5, 3.4, 4.7, 5.9, 3.4, 2.6, 4.3, 8.1, 10.7, 12.9, 14.8, 14.8, 12.3, 9.2, 7.6, 7.1, 5.9, 6.2, 7.2]","[126.0, 114.0, 166.0, 176.0, 203.0, 204.0, 204.0, 180.0, 162.0, 188.0, 219.0, 270.0, 252.0, 247.0, 232.0, 198.0, 146.0, 90.0, 77.0, 78.0, 77.0, 76.0, 64.0, 58.0, 51.0, 45.0, 41.0, 52.0, 54.0, 53.0]"
18-6,Clovelly,east,90,2023-10-20,1,9.0,10,2023,"[17.3, 15.3, 11.2, 9.2, 8.4, 8.7, 8.3, 7.9, 6.8, 5.8, 4.9, 5.1, 4.1, 4.3, 3.9, 6.3, 9.0, 9.8, 10.5, 13.0, 16.8, 19.9, 20.3, 18.4, 13.6, 10.4, 5.6, 4.9, 4.9, 6.1]","[59.0, 51.0, 40.0, 26.0, 7.0, 355.0, 342.0, 330.0, 328.0, 330.0, 324.0, 315.0, 308.0, 336.0, 338.0, 13.0, 29.0, 36.0, 49.0, 62.0, 67.0, 68.0, 65.0, 62.0, 58.0, 46.0, 40.0, 54.0, 54.0, 62.0]"
18-6,Clovelly,east,90,2007-08-20,0,9.0,8,2007,"[17.7, 17.9, 16.0, 15.0, 14.7, 15.4, 18.3, 17.8, 19.4, 20.4, 22.4, 22.7, 22.4, 20.9, 19.9, 18.9, 17.3, 17.6, 19.1, 19.7, 20.0, 18.6, 15.7, 13.5, 13.0, 12.1, 11.8, 11.4, 10.9, 10.5]","[147.0, 142.0, 134.0, 132.0, 126.0, 127.0, 126.0, 132.0, 133.0, 136.0, 135.0, 134.0, 134.0, 134.0, 138.0, 138.0, 138.0, 137.0, 136.0, 130.0, 128.0, 126.0, 127.0, 134.0, 146.0, 157.0, 168.0, 169.0, 171.0, 172.0]"
18-6,Clovelly,east,90,2016-03-19,0,9.0,3,2016,"[19.1, 19.0, 16.8, 13.8, 14.0, 14.0, 13.1, 13.5, 13.7, 14.5, 13.6, 14.0, 14.0, 15.4, 14.7, 16.3, 15.5, 13.5, 10.8, 10.6, 12.4, 15.3, 18.5, 19.7, 17.9, 14.8, 10.0, 9.0, 9.1, 10.2]","[258.0, 255.0, 261.0, 279.0, 296.0, 299.0, 291.0, 279.0, 270.0, 263.0, 258.0, 252.0, 244.0, 237.0, 239.0, 227.0, 208.0, 189.0, 176.0, 162.0, 154.0, 150.0, 143.0, 142.0, 146.0, 154.0, 159.0, 185.0, 187.0, 190.0]"
18-6,Clovelly,east,90,2015-04-19,0,9.0,4,2015,"[15.9, 15.5, 15.6, 15.0, 13.6, 10.9, 9.5, 9.8, 9.6, 7.9, 6.2, 6.5, 9.3, 11.0, 10.8, 14.1, 15.0, 16.2, 17.3, 20.5, 24.1, 26.8, 28.0, 27.7, 26.8, 25.3, 20.6, 19.1, 20.2, 22.2]","[6.0, 1.0, 353.0, 339.0, 328.0, 326.0, 335.0, 354.0, 347.0, 330.0, 306.0, 276.0, 257.0, 247.0, 244.0, 230.0, 215.0, 197.0, 185.0, 178.0, 170.0, 169.0, 173.0, 181.0, 186.0, 191.0, 196.0, 200.0, 202.0, 200.0]"
18-7,Clovelly,east,90,2023-11-01,1,15.0,11,2023,"[21.1, 19.2, 12.5, 10.4, 9.9, 8.1, 5.8, 4.2, 4.2, 5.1, 5.4, 5.4, 5.6, 8.7, 7.1, 5.6, 6.1, 10.7, 14.0, 16.8, 17.6, 18.3, 16.9, 15.8, 14.1, 12.4, 11.7, 12.2, 12.4, 12.6]","[137.0, 142.0, 147.0, 146.0, 147.0, 159.0, 184.0, 200.0, 200.0, 188.0, 180.0, 172.0, 165.0, 150.0, 150.0, 153.0, 140.0, 130.0, 134.0, 135.0, 131.0, 135.0, 146.0, 145.0, 148.0, 154.0, 162.0, 166.0, 172.0, 180.0]"
18-7,Clovelly,east,90,2025-12-03,0,15.0,12,2025,"[20.4, 18.3, 11.2, 9.2, 8.1, 6.6, 4.8, 4.3, 4.0, 4.1, 4.4, 4.1, 4.0, 5.9, 8.9, 9.0, 7.5, 7.6, 8.4, 9.8, 12.1, 15.7, 18.4, 19.7, 17.7, 14.9, 11.2, 10.7, 10.5, 9.6]","[155.0, 161.0, 175.0, 182.0, 192.0, 201.0, 225.0, 255.0, 280.0, 285.0, 279.0, 272.0, 288.0, 337.0, 335.0, 338.0, 345.0, 357.0, 9.0, 23.0, 38.0, 49.0, 55.0, 55.0, 52.0, 47.0, 40.0, 33.0, 22.0, 9.0]"
18-7,Clovelly,east,90,2020-02-17,0,15.0,2,2020,"[12.6, 10.7, 7.2, 6.8, 6.4, 5.5, 4.7, 3.7, 3.7, 3.4, 2.9, 3.1, 2.9, 2.2, 2.8, 6.2, 4.8, 4.1, 3.3, 3.8, 6.5, 9.0, 10.3, 10.8, 8.7, 5.8, 4.3, 4.0, 4.7, 5.4]","[156.0, 160.0, 162.0, 162.0, 164.0, 157.0, 157.0, 169.0, 151.0, 162.0, 210.0, 216.0, 180.0, 171.0, 220.0, 190.0, 167.0, 135.0, 139.0, 107.0, 96.0, 92.0, 78.0, 69.0, 66.0, 60.0, 66.0, 63.0, 58.0, 42.0]"
18-7,Clovelly,east,90,2018-11-30,0,15.0,11,2018,"[20.6, 18.8, 17.3, 14.5, 12.9, 11.9, 11.5, 10.9, 10.7, 10.2, 9.4, 8.2, 8.4, 8.9, 6.0, 3.7, 3.7, 3.6, 5.8, 10.7, 13.6, 12.9, 12.1, 13.8, 11.4, 8.0, 5.8, 5.2, 5.6, 6.3]","[174.0, 175.0, 176.0, 186.0, 198.0, 209.0, 219.0, 226.0, 230.0, 231.0, 230.0, 232.0, 239.0, 230.0, 205.0, 169.0, 119.0, 96.0, 83.0, 78.0, 68.0, 77.0, 80.0, 75.0, 72.0, 72.0, 97.0, 102.0, 105.0, 103.0]"
18-8,Clovelly,east,90,2024-01-02,1,19.0,1,2024,"[12.7, 14.0, 12.7, 11.7, 10.7, 10.6, 9.9, 9.5, 8.6, 6.8, 5.7, 4.7, 4.1, 8.9, 13.9, 15.6, 17.1, 16.4, 16.6, 18.4, 20.2, 20.9, 21.2, 19.5, 16.0, 15.0, 14.3, 12.8, 10.0, 8.3]","[47.0, 46.0, 47.0, 45.0, 42.0, 35.0, 33.0, 29.0, 22.0, 18.0, 18.0, 356.0, 345.0, 21.0, 25.0, 29.0, 35.0, 38.0, 42.0, 48.0, 50.0, 54.0, 58.0, 56.0, 59.0, 60.0, 51.0, 40.0, 30.0, 34.0]"
18-8,Clovelly,east,90,2010-05-12,0,19.0,5,2010,"[13.3, 17.3, 21.4, 24.0, 22.3, 20.2, 20.4, 19.2, 20.3, 20.6, 19.7, 19.2, 18.5, 18.1, 19.0, 19.0, 18.6, 19.0, 18.1, 17.6, 17.8, 18.1, 15.9, 13.1, 12.0, 11.9, 12.0, 12.0, 11.2, 11.6]","[257.0, 247.0, 243.0, 244.0, 249.0, 251.0, 249.0, 247.0, 245.0, 241.0, 242.0, 242.0, 241.0, 239.0, 241.0, 237.0, 227.0, 217.0, 211.0, 206.0, 198.0, 197.0, 198.0, 196.0, 201.0, 205.0, 219.0, 226.0, 237.0, 248.0]"
18-8,Clovelly,east,90,2022-02-15,0,19.0,2,2022,"[20.3, 19.0, 14.7, 13.6, 12.2, 11.1, 9.4, 7.9, 5.9, 4.1, 2.6, 2.6, 2.9, 2.3, 1.9, 5.7, 9.6, 12.3, 13.9, 14.3, 15.4, 18.8, 21.5, 21.8, 19.6, 16.2, 11.9, 10.2, 8.5, 6.6]","[50.0, 44.0, 37.0, 30.0, 24.0, 16.0, 4.0, 349.0, 337.0, 319.0, 304.0, 295.0, 292.0, 288.0, 292.0, 18.0, 28.0, 35.0, 41.0, 48.0, 55.0, 61.0, 60.0, 56.0, 52.0, 47.0, 42.0, 39.0, 36.0, 33.0]"
18-8,Clovelly,east,90,2021-08-18,0,19.0,8,2021,"[7.1, 5.8, 6.9, 7.0, 7.7, 7.5, 7.6, 8.4, 8.6, 8.5, 8.7, 8.7, 8.7, 9.2, 9.2, 8.9, 6.7, 2.8, 1.6, 4.6, 6.8, 7.2, 9.0, 10.6, 12.5, 12.5, 8.3, 8.0, 8.3, 7.9]","[150.0, 173.0, 189.0, 215.0, 229.0, 235.0, 239.0, 239.0, 237.0, 234.0, 232.0, 225.0, 222.0, 222.0, 225.0, 223.0, 216.0, 230.0, 333.0, 18.0, 25.0, 37.0, 53.0, 62.0, 57.0, 46.0, 34.0, 18.0, 2.0, 344.0]"
18-9,Clovelly,east,90,2024-03-27,1,16.0,3,2024,"[11.3, 10.3, 7.3, 6.9, 7.9, 9.0, 10.2, 11.8, 12.8, 13.4, 13.0, 12.6, 12.3, 12.0, 10.0, 10.1, 9.9, 9.7, 10.0, 9.7, 10.1, 11.4, 13.1, 13.1, 10.7, 9.2, 5.9, 5.5, 4.9, 4.8]","[127.0, 144.0, 160.0, 174.0, 177.0, 182.0, 188.0, 192.0, 190.0, 185.0, 180.0, 177.0, 175.0, 171.0, 167.0, 163.0, 161.0, 153.0, 139.0, 132.0, 125.0, 118.0, 111.0, 106.0, 104.0, 101.0, 128.0, 157.0, 163.0, 167.0]"
18-9,Clovelly,east,90,2014-08-12,0,16.0,8,2014,"[17.5, 17.3, 8.5, 9.0, 10.2, 11.4, 13.6, 15.3, 17.0, 17.0, 17.0, 16.1, 15.6, 15.5, 12.4, 14.2, 16.2, 18.7, 18.4, 20.3, 22.0, 20.9, 18.8, 16.1, 14.4, 14.3, 10.0, 11.2, 11.9, 11.0]","[172.0, 175.0, 192.0, 196.0, 203.0, 204.0, 202.0, 199.0, 197.0, 197.0, 197.0, 200.0, 203.0, 202.0, 216.0, 207.0, 193.0, 182.0, 177.0, 173.0, 170.0, 165.0, 163.0, 164.0, 167.0, 168.0, 193.0, 195.0, 194.0, 191.0]"
18-9,Clovelly,east,90,2017-02-01,0,16.0,2,2017,"[22.0, 19.1, 16.8, 17.6, 17.7, 17.8, 17.3, 16.7, 15.3, 15.1, 14.0, 12.3, 9.9, 8.9, 5.6, 8.2, 8.2, 8.7, 7.7, 6.8, 8.3, 7.9, 10.0, 11.5, 8.9, 4.9, 2.5, 6.4, 6.0, 5.1]","[165.0, 168.0, 170.0, 165.0, 156.0, 166.0, 175.0, 173.0, 172.0, 162.0, 154.0, 148.0, 147.0, 140.0, 153.0, 157.0, 157.0, 150.0, 127.0, 90.0, 72.0, 90.0, 111.0, 131.0, 159.0, 144.0, 315.0, 27.0, 25.0, 8.0]"
18-9,Clovelly,east,90,2014-12-18,0,16.0,12,2014,"[14.8, 12.5, 10.5, 8.2, 7.9, 6.8, 4.7, 5.0, 4.6, 3.6, 2.3, 1.5, 2.1, 2.5, 2.2, 6.1, 8.1, 9.7, 11.5, 12.2, 13.0, 15.4, 14.9, 14.7, 12.7, 9.4, 6.1, 4.8, 6.5, 6.8]","[135.0, 123.0, 117.0, 105.0, 93.0, 87.0, 81.0, 60.0, 51.0, 45.0, 18.0, 315.0, 301.0, 352.0, 351.0, 50.0, 45.0, 42.0, 44.0, 47.0, 48.0, 57.0, 58.0, 54.0, 47.0, 40.0, 50.0, 48.0, 34.0, 357.0]"
18-10,Clovelly,east,90,2024-07-05,1,16.0,7,2024,"[12.6, 12.6, 5.8, 7.2, 8.3, 8.8, 10.5, 11.1, 11.6, 11.7, 12.6, 12.7, 13.1, 13.3, 9.6, 11.1, 13.2, 16.7, 18.3, 19.1, 18.6, 17.0, 15.3, 14.4, 13.6, 12.9, 10.0, 10.5, 12.0, 12.9]","[183.0, 178.0, 194.0, 179.0, 175.0, 182.0, 184.0, 187.0, 187.0, 185.0, 179.0, 172.0, 165.0, 164.0, 177.0, 173.0, 169.0, 162.0, 158.0, 159.0, 160.0, 162.0, 167.0, 172.0, 175.0, 172.0, 193.0, 197.0, 197.0, 198.0]"
18-10,Clovelly,east,90,2011-06-22,0,16.0,6,2011,"[23.8, 24.1, 25.1, 24.2, 24.1, 24.1, 23.8, 23.6, 23.4, 22.5, 22.3, 22.5, 23.2, 23.8, 23.1, 25.2, 27.8, 27.6, 26.0, 24.9, 24.0, 23.1, 19.8, 18.7, 18.4, 18.4, 17.3, 17.3, 18.0, 18.7]","[280.0, 280.0, 277.0, 274.0, 272.0, 272.0, 273.0, 277.0, 280.0, 282.0, 284.0, 282.0, 277.0, 274.0, 274.0, 270.0, 266.0, 263.0, 260.0, 260.0, 262.0, 265.0, 268.0, 269.0, 269.0, 269.0, 274.0, 272.0, 268.0, 268.0]"
18-10,Clovelly,east,90,2009-04-23,0,16.0,4,2009,"[9.7, 8.6, 7.9, 7.3, 7.6, 7.6, 8.3, 7.6, 7.2, 6.2, 6.3, 6.8, 7.5, 7.8, 6.7, 6.5, 7.2, 7.1, 7.7, 7.4, 6.6, 4.3, 4.4, 5.1, 5.8, 6.2, 4.3, 3.2, 6.3, 7.5]","[149.0, 158.0, 150.0, 160.0, 175.0, 180.0, 180.0, 177.0, 180.0, 187.0, 193.0, 198.0, 197.0, 193.0, 196.0, 183.0, 153.0, 139.0, 131.0, 119.0, 112.0, 114.0, 99.0, 86.0, 86.0, 69.0, 95.0, 360.0, 329.0, 325.0]"
18-10,Clovelly,east,90,2020-09-20,0,16.0,9,2020,"[15.8, 16.5, 17.9, 16.9, 17.3, 17.4, 16.3, 13.7, 12.8, 12.1, 12.2, 13.2, 14.3, 14.1, 13.9, 15.9, 16.8, 17.7, 18.9, 19.4, 17.4, 18.1, 16.2, 13.1, 11.3, 11.9, 9.4, 9.1, 9.0, 8.1]","[63.0, 58.0, 56.0, 52.0, 47.0, 34.0, 28.0, 30.0, 32.0, 27.0, 28.0, 29.0, 25.0, 19.0, 31.0, 39.0, 42.0, 39.0, 35.0, 31.0, 30.0, 23.0, 13.0, 21.0, 22.0, 14.0, 358.0, 353.0, 344.0, 339.0]"
18-11,Clovelly,east,90,2024-10-24,1,15.0,10,2024,"[11.7, 6.3, 2.7, 3.3, 3.4, 5.6, 5.1, 6.3, 9.5, 14.3, 14.4, 13.0, 15.1, 17.7, 17.7, 17.4, 15.1, 14.3, 16.5, 19.9, 21.6, 20.3, 19.2, 17.4, 14.2, 12.8, 12.6, 12.4, 11.5, 9.8]","[139.0, 145.0, 70.0, 36.0, 288.0, 266.0, 264.0, 252.0, 245.0, 243.0, 238.0, 222.0, 195.0, 176.0, 171.0, 159.0, 163.0, 147.0, 135.0, 127.0, 124.0, 127.0, 129.0, 140.0, 148.0, 149.0, 178.0, 178.0, 182.0, 193.0]"
18-11,Clovelly,east,90,2021-06-08,0,15.0,6,2021,"[12.0, 13.2, 11.2, 11.2, 11.7, 11.7, 12.6, 13.7, 14.4, 14.1, 14.0, 13.0, 11.6, 12.3, 11.2, 12.1, 11.6, 14.0, 16.6, 18.0, 15.1, 14.5, 15.5, 16.7, 12.6, 10.1, 4.0, 3.7, 5.6, 6.3]","[21.0, 11.0, 358.0, 356.0, 351.0, 351.0, 355.0, 357.0, 356.0, 357.0, 360.0, 358.0, 355.0, 357.0, 356.0, 350.0, 355.0, 1.0, 5.0, 358.0, 359.0, 14.0, 22.0, 7.0, 358.0, 360.0, 297.0, 61.0, 15.0, 13.0]"
18-11,Clovelly,east,90,2006-02-15,0,15.0,2,2006,"[13.6, 13.2, 10.4, 9.9, 9.6, 9.4, 9.3, 9.8, 9.4, 9.5, 9.3, 9.1, 9.3, 9.8, 18.1, 18.0, 18.2, 19.5, 20.1, 21.6, 21.9, 22.7, 23.1, 21.2, 18.8, 16.9, 17.4, 13.2, 12.6, 14.4]","[73.0, 73.0, 70.0, 71.0, 70.0, 67.0, 62.0, 54.0, 43.0, 37.0, 36.0, 34.0, 28.0, 24.0, 23.0, 29.0, 34.0, 34.0, 33.0, 37.0, 44.0, 49.0, 51.0, 50.0, 47.0, 40.0, 22.0, 17.0, 27.0, 32.0]"
18-11,Clovelly,east,90,2026-01-26,0,15.0,1,2026,"[10.2, 14.3, 3.0, 11.2, 21.5, 27.8, 24.9, 22.5, 22.3, 21.4, 21.8, 21.0, 20.6, 21.1, 17.5, 16.8, 16.0, 18.0, 20.9, 22.7, 24.0, 24.3, 23.6, 22.1, 20.1, 16.8, 13.8, 13.0, 12.7, 11.5]","[13.0, 15.0, 76.0, 175.0, 168.0, 170.0, 177.0, 182.0, 182.0, 181.0, 184.0, 186.0, 185.0, 182.0, 184.0, 178.0, 172.0, 164.0, 165.0, 163.0, 158.0, 159.0, 159.0, 158.0, 158.0, 157.0, 156.0, 155.0, 157.0, 153.0]"
18-12,Clovelly,east,90,2024-12-28,1,16.0,12,2024,"[30.7, 31.0, 29.9, 23.0, 22.1, 20.0, 18.6, 17.8, 16.4, 13.2, 10.4, 8.8, 9.7, 9.3, 6.7, 7.3, 7.3, 5.6, 6.9, 12.4, 18.1, 21.7, 21.1, 20.1, 16.8, 13.6, 11.4, 9.9, 7.9, 7.2]","[175.0, 169.0, 179.0, 180.0, 179.0, 177.0, 174.0, 178.0, 181.0, 184.0, 179.0, 175.0, 176.0, 167.0, 177.0, 144.0, 130.0, 107.0, 81.0, 73.0, 71.0, 65.0, 58.0, 54.0, 49.0, 46.0, 41.0, 29.0, 30.0, 37.0]"
18-12,Clovelly,east,90,2022-11-09,0,16.0,11,2022,"[12.4, 11.0, 7.5, 7.3, 6.8, 6.4, 6.3, 5.9, 4.5, 4.5, 2.7, 2.9, 2.7, 2.6, 2.0, 6.3, 8.4, 11.0, 13.4, 16.0, 17.9, 18.4, 18.6, 16.9, 12.6, 9.6, 8.4, 8.6, 7.8, 7.1]","[56.0, 49.0, 53.0, 57.0, 65.0, 63.0, 59.0, 47.0, 43.0, 37.0, 20.0, 330.0, 312.0, 335.0, 27.0, 35.0, 47.0, 58.0, 64.0, 69.0, 72.0, 69.0, 63.0, 59.0, 56.0, 53.0, 67.0, 68.0, 67.0, 75.0]"
18-12,Clovelly,east,90,2025-05-06,0,16.0,5,2025,"[11.7, 12.0, 6.5, 7.0, 7.6, 8.6, 8.8, 7.7, 6.0, 5.3, 5.2, 5.7, 5.6, 5.0, 4.8, 4.1, 4.5, 5.2, 5.9, 7.0, 7.6, 8.7, 9.0, 9.2, 9.6, 10.1, 8.9, 9.6, 9.7, 9.2]","[41.0, 32.0, 357.0, 356.0, 3.0, 2.0, 359.0, 349.0, 335.0, 315.0, 316.0, 323.0, 320.0, 314.0, 297.0, 304.0, 313.0, 326.0, 337.0, 342.0, 356.0, 14.0, 26.0, 28.0, 23.0, 17.0, 7.0, 3.0, 357.0, 353.0]"
18-12,Clovelly,east,90,2023-04-16,0,16.0,4,2023,"[16.7, 16.7, 15.2, 15.6, 16.6, 16.6, 15.3, 14.5, 14.8, 14.1, 12.4, 10.9, 9.0, 8.1, 13.0, 14.6, 16.2, 15.2, 15.3, 21.7, 23.6, 18.4, 18.4, 17.4, 15.9, 14.8, 9.0, 9.5, 11.3, 11.4]","[37.0, 33.0, 31.0, 29.0, 27.0, 18.0, 9.0, 6.0, 1.0, 357.0, 352.0, 351.0, 360.0, 13.0, 14.0, 9.0, 357.0, 355.0, 326.0, 277.0, 262.0, 269.0, 266.0, 252.0, 252.0, 252.0, 272.0, 261.0, 261.0, 259.0]"
18-13,Clovelly,east,90,2025-03-06,1,14.0,3,2025,"[12.3, 10.8, 7.8, 7.0, 6.8, 6.8, 7.6, 7.9, 8.2, 8.4, 8.3, 8.4, 9.2, 11.2, 9.4, 12.6, 16.0, 17.4, 18.1, 19.1, 20.1, 21.0, 21.0, 18.8, 16.2, 16.4, 11.6, 12.5, 13.3, 13.9]","[151.0, 159.0, 146.0, 145.0, 153.0, 168.0, 172.0, 169.0, 172.0, 165.0, 164.0, 165.0, 160.0, 154.0, 137.0, 136.0, 134.0, 135.0, 137.0, 139.0, 141.0, 141.0, 139.0, 139.0, 146.0, 147.0, 172.0, 168.0, 161.0, 157.0]"
18-13,Clovelly,east,90,2025-11-27,0,14.0,11,2025,"[14.2, 7.7, 8.6, 6.7, 7.9, 8.6, 7.6, 5.8, 5.1, 2.6, 2.0, 3.8, 5.3, 5.6, 7.5, 12.5, 18.0, 20.1, 20.0, 19.2, 18.2, 17.8, 17.3, 14.7, 12.9, 12.2, 14.9, 15.8, 15.6, 14.3]","[258.0, 261.0, 244.0, 254.0, 235.0, 211.0, 205.0, 194.0, 163.0, 146.0, 260.0, 267.0, 278.0, 292.0, 310.0, 303.0, 289.0, 275.0, 267.0, 262.0, 256.0, 252.0, 250.0, 252.0, 251.0, 243.0, 200.0, 179.0, 165.0, 155.0]"
18-13,Clovelly,east,90,2008-05-23,0,14.0,5,2008,"[8.1, 7.4, 5.7, 6.2, 5.5, 4.8, 5.9, 6.6, 7.1, 6.9, 6.9, 7.7, 7.4, 7.7, 9.7, 8.6, 8.9, 7.6, 5.4, 4.8, 6.3, 9.7, 12.2, 11.3, 11.3, 10.7, 10.1, 9.8, 10.0, 10.1]","[148.0, 151.0, 162.0, 187.0, 212.0, 222.0, 227.0, 225.0, 225.0, 223.0, 223.0, 221.0, 219.0, 221.0, 219.0, 213.0, 201.0, 188.0, 176.0, 167.0, 156.0, 141.0, 137.0, 143.0, 153.0, 168.0, 180.0, 188.0, 193.0, 197.0]"
18-13,Clovelly,east,90,2023-06-23,0,14.0,6,2023,"[5.6, 8.3, 5.8, 6.9, 7.1, 9.7, 10.0, 9.3, 9.2, 10.0, 8.2, 6.1, 5.8, 6.4, 8.4, 9.8, 11.8, 16.0, 16.1, 16.6, 16.5, 15.2, 14.2, 14.3, 12.1, 11.4, 9.9, 8.0, 9.4, 11.3]","[15.0, 18.0, 338.0, 321.0, 336.0, 329.0, 330.0, 332.0, 339.0, 334.0, 319.0, 320.0, 330.0, 313.0, 335.0, 336.0, 322.0, 314.0, 310.0, 300.0, 290.0, 292.0, 297.0, 295.0, 293.0, 294.0, 327.0, 355.0, 2.0, 353.0]"
18-14,Clovelly,east,90,2025-03-12,1,17.0,3,2025,"[8.7, 6.5, 5.5, 4.1, 4.6, 4.5, 5.3, 5.9, 6.1, 6.1, 4.7, 4.1, 3.9, 5.7, 5.2, 4.7, 3.9, 2.6, 2.3, 3.1, 5.0, 7.6, 9.4, 9.9, 9.7, 8.4, 5.0, 5.5, 6.4, 6.7]","[108.0, 109.0, 101.0, 119.0, 132.0, 140.0, 156.0, 168.0, 175.0, 182.0, 187.0, 193.0, 202.0, 212.0, 229.0, 212.0, 204.0, 192.0, 162.0, 118.0, 103.0, 97.0, 91.0, 85.0, 74.0, 62.0, 64.0, 38.0, 22.0, 8.0]"
18-14,Clovelly,east,90,2015-07-15,0,17.0,7,2015,"[11.2, 11.2, 11.9, 12.4, 10.1, 8.2, 6.3, 7.1, 9.3, 8.3, 7.3, 6.1, 6.5, 7.6, 6.5, 5.4, 5.4, 4.9, 4.6, 3.5, 3.1, 4.9, 5.5, 6.1, 6.1, 7.1, 6.8, 6.8, 6.6, 6.3]","[266.0, 270.0, 272.0, 278.0, 297.0, 299.0, 301.0, 319.0, 324.0, 326.0, 340.0, 357.0, 360.0, 352.0, 326.0, 323.0, 312.0, 306.0, 315.0, 336.0, 21.0, 54.0, 79.0, 93.0, 118.0, 139.0, 177.0, 180.0, 193.0, 193.0]"
18-14,Clovelly,east,90,2010-11-28,0,17.0,11,2010,"[24.2, 24.5, 24.6, 21.5, 18.0, 15.8, 13.5, 12.4, 11.6, 11.2, 10.7, 10.8, 11.9, 12.3, 9.8, 12.2, 13.3, 14.1, 12.6, 12.6, 11.2, 9.7, 10.1, 12.0, 11.6, 11.6, 9.7, 9.5, 9.0, 6.4]","[44.0, 40.0, 35.0, 31.0, 29.0, 27.0, 29.0, 30.0, 26.0, 21.0, 12.0, 4.0, 2.0, 3.0, 8.0, 2.0, 357.0, 356.0, 358.0, 2.0, 6.0, 15.0, 27.0, 33.0, 30.0, 30.0, 27.0, 37.0, 37.0, 43.0]"
18-14,Clovelly,east,90,2009-12-11,0,17.0,12,2009,"[19.6, 18.1, 15.5, 16.6, 17.3, 19.0, 18.1, 15.6, 13.6, 11.3, 9.0, 8.2, 10.6, 12.8, 13.4, 14.5, 15.5, 15.5, 14.0, 11.5, 8.3, 7.6, 11.7, 16.1, 18.0, 17.7, 12.8, 11.2, 9.4, 5.9]","[354.0, 347.0, 283.0, 269.0, 282.0, 295.0, 293.0, 278.0, 259.0, 248.0, 247.0, 255.0, 260.0, 259.0, 246.0, 256.0, 257.0, 248.0, 235.0, 221.0, 198.0, 155.0, 133.0, 124.0, 119.0, 117.0, 128.0, 132.0, 130.0, 133.0]"
18-15,Clovelly,east,90,2025-03-22,1,17.0,3,2025,"[7.9, 17.0, 13.3, 14.5, 14.1, 13.2, 12.6, 11.9, 11.5, 11.1, 11.8, 12.3, 12.7, 13.0, 11.5, 11.5, 10.1, 10.3, 10.4, 10.6, 11.0, 11.2, 13.0, 14.3, 13.4, 12.7, 9.0, 9.4, 9.1, 10.6]","[176.0, 187.0, 189.0, 188.0, 184.0, 192.0, 200.0, 200.0, 200.0, 197.0, 196.0, 192.0, 187.0, 181.0, 194.0, 188.0, 184.0, 176.0, 169.0, 156.0, 140.0, 131.0, 129.0, 131.0, 139.0, 145.0, 154.0, 150.0, 153.0, 150.0]"
18-15,Clovelly,east,90,2024-01-23,0,17.0,1,2024,"[17.9, 16.4, 12.4, 11.8, 10.5, 9.5, 9.5, 8.9, 9.2, 8.0, 7.0, 5.3, 5.0, 4.7, 5.8, 9.2, 9.7, 10.5, 10.5, 10.7, 12.2, 13.3, 14.8, 15.6, 14.7, 13.0, 12.2, 13.2, 13.6, 13.3]","[152.0, 147.0, 154.0, 149.0, 153.0, 151.0, 155.0, 148.0, 149.0, 144.0, 125.0, 118.0, 120.0, 113.0, 83.0, 79.0, 75.0, 74.0, 74.0, 76.0, 76.0, 71.0, 67.0, 64.0, 59.0, 51.0, 34.0, 26.0, 17.0, 13.0]"
18-15,Clovelly,east,90,2021-08-14,0,17.0,8,2021,"[4.7, 5.6, 6.0, 7.9, 10.0, 11.3, 11.6, 11.0, 9.7, 9.0, 7.9, 7.4, 7.1, 7.1, 6.9, 5.5, 5.9, 3.7, 3.3, 5.8, 7.1, 8.3, 9.8, 9.8, 10.8, 9.9, 7.6, 7.6, 7.1, 6.3]","[32.0, 345.0, 287.0, 270.0, 257.0, 248.0, 244.0, 247.0, 248.0, 247.0, 246.0, 247.0, 246.0, 246.0, 261.0, 259.0, 259.0, 281.0, 354.0, 30.0, 45.0, 56.0, 66.0, 73.0, 69.0, 57.0, 25.0, 360.0, 330.0, 301.0]"
18-15,Clovelly,east,90,2017-08-15,0,17.0,8,2017,"[8.0, 8.9, 8.7, 8.0, 6.7, 7.0, 6.6, 6.2, 6.0, 6.3, 6.3, 7.9, 6.3, 6.8, 8.6, 8.9, 5.9, 3.9, 8.3, 12.2, 15.1, 11.2, 9.0, 10.5, 13.4, 15.5, 12.3, 15.3, 16.8, 19.5]","[355.0, 333.0, 322.0, 297.0, 286.0, 282.0, 292.0, 291.0, 295.0, 294.0, 294.0, 294.0, 294.0, 302.0, 292.0, 297.0, 308.0, 338.0, 2.0, 358.0, 359.0, 356.0, 2.0, 4.0, 8.0, 359.0, 3.0, 9.0, 10.0, 4.0]"
18-16,Clovelly,east,90,2025-03-25,1,13.0,3,2025,"[6.8, 6.3, 5.1, 5.2, 4.9, 5.0, 5.6, 6.1, 6.7, 5.9, 5.9, 6.5, 7.2, 8.9, 8.8, 9.5, 11.7, 12.2, 11.1, 10.1, 8.0, 6.9, 5.8, 6.1, 4.6, 4.6, 4.6, 4.6, 4.8, 7.4]","[73.0, 70.0, 86.0, 96.0, 126.0, 139.0, 151.0, 161.0, 156.0, 160.0, 168.0, 177.0, 179.0, 174.0, 181.0, 179.0, 159.0, 142.0, 129.0, 119.0, 108.0, 99.0, 81.0, 67.0, 69.0, 64.0, 99.0, 81.0, 75.0, 68.0]"
18-16,Clovelly,east,90,2016-06-02,0,13.0,6,2016,"[4.9, 4.5, 5.8, 5.9, 7.2, 7.2, 6.1, 4.7, 4.3, 3.7, 4.5, 6.5, 7.4, 7.8, 6.9, 7.0, 7.3, 8.1, 7.7, 7.9, 9.2, 11.0, 11.8, 9.4, 9.2, 8.4, 7.5, 6.8, 7.6, 8.8]","[197.0, 209.0, 248.0, 218.0, 186.0, 183.0, 177.0, 171.0, 175.0, 209.0, 241.0, 236.0, 223.0, 214.0, 227.0, 215.0, 213.0, 201.0, 191.0, 180.0, 169.0, 161.0, 160.0, 162.0, 169.0, 173.0, 197.0, 183.0, 185.0, 192.0]"
18-16,Clovelly,east,90,2007-02-16,0,13.0,2,2007,"[16.1, 13.0, 9.0, 7.2, 6.5, 6.1, 6.2, 5.2, 4.1, 5.4, 5.3, 4.9, 5.2, 6.6, 6.4, 6.4, 7.9, 9.1, 11.4, 14.0, 14.7, 15.3, 12.4, 12.9, 13.1, 12.6, 13.1, 13.3, 11.5, 8.2]","[63.0, 56.0, 53.0, 53.0, 56.0, 50.0, 36.0, 25.0, 38.0, 53.0, 62.0, 54.0, 34.0, 29.0, 16.0, 27.0, 43.0, 56.0, 62.0, 67.0, 65.0, 63.0, 60.0, 60.0, 58.0, 53.0, 53.0, 49.0, 44.0, 41.0]"
18-16,Clovelly,east,90,2018-07-04,0,13.0,7,2018,"[7.1, 7.4, 6.1, 6.0, 5.2, 5.6, 6.3, 5.8, 6.5, 6.5, 6.5, 6.6, 6.2, 5.2, 7.4, 6.5, 6.4, 6.9, 8.6, 11.2, 14.1, 13.8, 11.6, 11.9, 12.9, 12.6, 11.7, 10.4, 8.7, 8.3]","[49.0, 29.0, 332.0, 287.0, 295.0, 297.0, 283.0, 270.0, 270.0, 270.0, 276.0, 279.0, 280.0, 286.0, 284.0, 289.0, 297.0, 313.0, 338.0, 358.0, 6.0, 15.0, 30.0, 35.0, 30.0, 20.0, 11.0, 360.0, 343.0, 326.0]"
18-17,Clovelly,east,90,2026-01-02,1,8.0,1,2026,"[18.5, 16.8, 12.3, 11.4, 11.0, 10.1, 9.1, 7.6, 6.2, 6.1, 6.7, 6.2, 6.8, 8.8, 5.4, 7.0, 8.9, 11.0, 11.9, 11.8, 11.2, 11.2, 11.2, 10.8, 10.4, 9.1, 8.1, 7.4, 6.5, 7.4]","[152.0, 154.0, 151.0, 155.0, 157.0, 156.0, 155.0, 162.0, 172.0, 175.0, 174.0, 173.0, 169.0, 139.0, 138.0, 130.0, 124.0, 120.0, 117.0, 115.0, 112.0, 108.0, 108.0, 108.0, 111.0, 107.0, 93.0, 94.0, 77.0, 61.0]"
18-17,Clovelly,east,90,2011-08-04,0,8.0,8,2011,"[8.6, 8.4, 8.5, 9.0, 8.8, 7.6, 7.3, 7.2, 6.8, 7.4, 7.3, 7.0, 7.1, 6.8, 7.8, 6.0, 5.4, 5.7, 6.2, 6.9, 9.1, 10.3, 10.6, 11.7, 12.7, 12.9, 11.0, 9.8, 8.6, 8.4]","[15.0, 353.0, 348.0, 323.0, 305.0, 295.0, 290.0, 288.0, 288.0, 284.0, 281.0, 282.0, 285.0, 288.0, 292.0, 303.0, 312.0, 325.0, 339.0, 354.0, 9.0, 25.0, 35.0, 34.0, 29.0, 23.0, 19.0, 8.0, 358.0, 350.0]"
18-17,Clovelly,east,90,2025-01-23,0,8.0,1,2025,"[26.2, 25.5, 20.5, 20.9, 22.0, 22.5, 21.8, 21.1, 19.6, 18.8, 16.4, 14.7, 14.6, 16.8, 15.3, 14.9, 14.4, 14.1, 14.0, 13.1, 12.1, 11.4, 10.1, 8.6, 9.0, 9.7, 9.3, 7.3, 4.2, 3.2]","[171.0, 174.0, 179.0, 182.0, 181.0, 180.0, 179.0, 177.0, 174.0, 168.0, 165.0, 165.0, 164.0, 162.0, 143.0, 146.0, 149.0, 152.0, 145.0, 139.0, 133.0, 129.0, 136.0, 147.0, 154.0, 151.0, 167.0, 163.0, 149.0, 117.0]"
18-17,Clovelly,east,90,2008-09-21,0,8.0,9,2008,"[13.1, 10.3, 9.7, 6.6, 4.8, 7.1, 8.4, 8.4, 7.7, 7.8, 7.1, 6.0, 5.0, 4.7, 2.2, 2.9, 5.1, 8.7, 11.4, 13.4, 15.0, 17.7, 19.7, 18.9, 17.3, 16.2, 12.0, 8.2, 6.5, 6.8]","[286.0, 299.0, 309.0, 283.0, 243.0, 240.0, 227.0, 200.0, 191.0, 193.0, 195.0, 197.0, 201.0, 203.0, 171.0, 83.0, 51.0, 38.0, 35.0, 36.0, 42.0, 52.0, 59.0, 55.0, 45.0, 37.0, 33.0, 15.0, 354.0, 342.0]"
18-18,Clovelly,east,90,2026-04-24,1,7.0,4,2026,"[9.0, 8.5, 7.5, 5.8, 4.6, 4.2, 4.7, 4.5, 4.7, 5.0, 5.4, 5.8, 6.6, 8.1, 7.5, 7.3, 9.4, 9.7, 10.0, 10.0, 10.6, 11.4, 11.2, 8.7, 6.7, 5.7, 6.4, 3.5, 1.1, 0.8]","[149.0, 148.0, 153.0, 158.0, 169.0, 173.0, 187.0, 196.0, 196.0, 201.0, 210.0, 214.0, 217.0, 219.0, 197.0, 191.0, 178.0, 145.0, 120.0, 113.0, 113.0, 116.0, 118.0, 120.0, 121.0, 114.0, 101.0, 102.0, 162.0, 207.0]"
18-18,Clovelly,east,90,2016-03-28,0,7.0,3,2016,"[7.0, 6.0, 4.0, 4.2, 1.5, 3.1, 4.3, 3.3, 2.3, 2.3, 4.2, 5.2, 6.6, 7.6, 11.6, 12.6, 11.4, 10.0, 10.2, 9.6, 9.7, 9.7, 11.0, 11.2, 9.2, 9.3, 8.9, 7.6, 8.3, 10.8]","[102.0, 107.0, 63.0, 70.0, 135.0, 225.0, 228.0, 221.0, 198.0, 198.0, 211.0, 205.0, 193.0, 185.0, 185.0, 167.0, 152.0, 139.0, 122.0, 124.0, 129.0, 132.0, 131.0, 135.0, 149.0, 164.0, 166.0, 175.0, 198.0, 195.0]"
18-18,Clovelly,east,90,2008-12-28,0,7.0,12,2008,"[9.3, 7.1, 6.7, 0.4, 6.0, 9.7, 11.9, 11.9, 10.3, 8.8, 7.8, 6.6, 7.3, 7.5, 6.0, 5.0, 4.1, 4.0, 5.0, 9.4, 13.0, 15.0, 16.5, 18.6, 19.2, 18.8, 15.0, 12.5, 11.0, 7.9]","[242.0, 225.0, 196.0, 180.0, 343.0, 2.0, 5.0, 358.0, 348.0, 341.0, 347.0, 351.0, 351.0, 343.0, 287.0, 300.0, 322.0, 355.0, 21.0, 40.0, 46.0, 44.0, 44.0, 44.0, 40.0, 32.0, 27.0, 18.0, 11.0, 360.0]"
18-18,Clovelly,east,90,2023-12-31,0,7.0,12,2023,"[21.2, 18.1, 14.6, 14.5, 15.0, 15.3, 16.1, 15.6, 14.6, 13.0, 10.4, 10.4, 11.2, 12.1, 9.3, 11.1, 12.3, 10.9, 11.2, 11.5, 11.1, 11.4, 11.2, 10.8, 10.7, 9.0, 6.7, 7.6, 8.4, 9.5]","[125.0, 134.0, 130.0, 132.0, 134.0, 139.0, 146.0, 157.0, 164.0, 166.0, 166.0, 166.0, 165.0, 163.0, 167.0, 155.0, 142.0, 136.0, 130.0, 122.0, 115.0, 108.0, 111.0, 111.0, 104.0, 106.0, 106.0, 115.0, 110.0, 101.0]"
18-19,Clovelly,east,90,2026-05-13,1,13.0,5,2026,"[14.7, 14.3, 15.1, 15.2, 13.9, 12.5, 11.7, 11.5, 10.5, 10.3, 10.1, 9.8, 9.1, 8.4, 7.6, 10.1, 12.5, 13.6, 13.4, 13.7, 12.6, 13.7, 11.5, 12.5, 13.2, 10.6, 9.6, 7.5, 6.1, 6.4]","[163.0, 161.0, 155.0, 156.0, 157.0, 160.0, 160.0, 158.0, 156.0, 153.0, 153.0, 154.0, 158.0, 164.0, 162.0, 149.0, 141.0, 137.0, 143.0, 140.0, 143.0, 140.0, 140.0, 131.0, 122.0, 122.0, 127.0, 132.0, 133.0, 133.0]"
18-19,Clovelly,east,90,2016-06-03,0,13.0,6,2016,"[9.2, 8.4, 7.5, 6.8, 7.6, 8.8, 9.3, 9.4, 9.2, 9.3, 9.0, 9.4, 9.3, 9.2, 10.7, 9.4, 8.8, 8.0, 8.0, 8.9, 8.7, 8.7, 7.2, 5.8, 5.6, 5.4, 6.0, 5.2, 5.0, 5.1]","[169.0, 173.0, 197.0, 183.0, 185.0, 192.0, 193.0, 203.0, 206.0, 208.0, 203.0, 203.0, 208.0, 211.0, 228.0, 223.0, 215.0, 198.0, 172.0, 153.0, 142.0, 138.0, 143.0, 150.0, 153.0, 143.0, 163.0, 115.0, 120.0, 94.0]"
18-19,Clovelly,east,90,2020-12-24,0,13.0,12,2020,"[13.0, 8.8, 5.2, 4.7, 2.9, 1.3, 2.3, 2.6, 3.8, 3.3, 4.1, 5.6, 6.6, 9.2, 11.3, 12.4, 13.0, 13.0, 13.3, 13.0, 14.8, 17.9, 19.6, 19.4, 14.5, 8.2, 9.7, 14.8, 16.9, 17.7]","[134.0, 125.0, 115.0, 113.0, 83.0, 304.0, 288.0, 304.0, 319.0, 319.0, 315.0, 320.0, 331.0, 349.0, 343.0, 350.0, 358.0, 6.0, 13.0, 19.0, 34.0, 40.0, 43.0, 43.0, 48.0, 75.0, 132.0, 157.0, 169.0, 174.0]"
18-19,Clovelly,east,90,2017-12-01,0,13.0,12,2017,"[20.2, 18.3, 15.9, 14.8, 14.1, 13.4, 11.1, 10.2, 10.4, 9.7, 9.7, 10.0, 12.9, 15.2, 8.1, 11.8, 14.3, 16.1, 18.7, 22.1, 23.9, 25.2, 25.5, 25.1, 25.5, 27.0, 25.6, 21.8, 17.7, 14.8]","[51.0, 47.0, 39.0, 39.0, 38.0, 36.0, 25.0, 32.0, 34.0, 27.0, 22.0, 21.0, 18.0, 14.0, 21.0, 38.0, 41.0, 39.0, 40.0, 44.0, 46.0, 48.0, 48.0, 51.0, 50.0, 43.0, 38.0, 31.0, 27.0, 23.0]"
18-20,Clovelly,east,90,2026-05-23,1,9.0,5,2026,"[14.1, 13.6, 12.2, 12.0, 11.8, 11.7, 11.8, 11.0, 10.1, 8.8, 9.1, 9.9, 9.3, 9.0, 8.6, 9.2, 11.3, 13.3, 16.1, 14.1, 12.8, 13.0, 10.2, 7.9, 8.1, 8.0, 6.3, 6.0, 6.0, 5.2]","[166.0, 163.0, 158.0, 158.0, 156.0, 153.0, 153.0, 155.0, 158.0, 168.0, 166.0, 159.0, 164.0, 175.0, 192.0, 184.0, 170.0, 159.0, 151.0, 148.0, 154.0, 147.0, 141.0, 135.0, 119.0, 106.0, 114.0, 131.0, 136.0, 136.0]"
18-20,Clovelly,east,90,2018-07-16,0,9.0,7,2018,"[8.8, 9.2, 8.1, 8.9, 9.2, 8.8, 8.0, 7.6, 7.5, 7.6, 7.9, 9.4, 9.0, 8.0, 9.3, 7.9, 9.0, 11.7, 14.1, 14.0, 13.7, 14.8, 12.6, 11.4, 10.6, 9.8, 6.7, 7.7, 7.0, 6.6]","[258.0, 249.0, 257.0, 249.0, 249.0, 258.0, 278.0, 289.0, 287.0, 278.0, 273.0, 274.0, 286.0, 306.0, 306.0, 300.0, 293.0, 288.0, 276.0, 269.0, 267.0, 266.0, 275.0, 288.0, 294.0, 294.0, 324.0, 307.0, 305.0, 311.0]"
18-20,Clovelly,east,90,2019-05-11,0,9.0,5,2019,"[17.9, 20.1, 18.2, 15.8, 17.1, 16.8, 17.4, 16.9, 17.0, 17.6, 20.8, 21.8, 20.3, 21.6, 21.3, 22.7, 21.4, 21.6, 22.6, 23.2, 20.1, 17.4, 14.0, 13.8, 16.1, 16.5, 16.4, 17.7, 17.3, 16.3]","[304.0, 299.0, 304.0, 311.0, 311.0, 305.0, 300.0, 294.0, 283.0, 269.0, 256.0, 248.0, 250.0, 255.0, 259.0, 260.0, 253.0, 244.0, 239.0, 228.0, 224.0, 220.0, 224.0, 237.0, 246.0, 247.0, 244.0, 241.0, 247.0, 252.0]"
18-20,Clovelly,east,90,2013-02-12,0,9.0,2,2013,"[17.1, 16.9, 15.0, 14.5, 13.7, 12.7, 12.2, 12.5, 11.6, 10.8, 10.8, 10.4, 10.4, 10.7, 14.4, 14.1, 14.1, 14.7, 15.1, 15.6, 15.9, 16.3, 15.3, 14.3, 13.6, 12.0, 10.0, 10.8, 10.7, 11.4]","[165.0, 169.0, 163.0, 161.0, 162.0, 165.0, 166.0, 162.0, 154.0, 150.0, 154.0, 160.0, 160.0, 166.0, 167.0, 161.0, 161.0, 155.0, 152.0, 146.0, 142.0, 139.0, 137.0, 139.0, 140.0, 147.0, 159.0, 159.0, 160.0, 162.0]"
18-21,Clovelly,east,90,2026-05-29,1,16.0,5,2026,"[17.1, 18.7, 22.0, 21.3, 21.5, 21.6, 21.2, 20.6, 20.0, 20.9, 22.6, 23.8, 25.3, 26.5, 21.2, 21.9, 21.3, 20.9, 20.5, 18.4, 15.8, 12.8, 12.5, 10.8, 9.4, 8.9, 8.7, 10.4, 12.2, 12.3]","[178.0, 182.0, 178.0, 183.0, 189.0, 190.0, 189.0, 190.0, 191.0, 197.0, 200.0, 201.0, 203.0, 207.0, 206.0, 210.0, 209.0, 205.0, 203.0, 206.0, 197.0, 171.0, 162.0, 176.0, 204.0, 228.0, 233.0, 249.0, 246.0, 239.0]"
18-21,Clovelly,east,90,2022-12-15,0,16.0,12,2022,"[19.2, 14.3, 14.4, 10.4, 5.9, 7.3, 9.8, 13.2, 14.6, 14.9, 13.9, 13.0, 14.2, 16.5, 19.4, 17.5, 15.0, 14.4, 19.0, 19.8, 19.5, 20.1, 24.4, 27.0, 27.3, 26.9, 23.8, 22.5, 21.3, 20.9]","[235.0, 237.0, 233.0, 212.0, 227.0, 247.0, 252.0, 253.0, 249.0, 243.0, 246.0, 253.0, 261.0, 256.0, 228.0, 220.0, 223.0, 206.0, 190.0, 182.0, 175.0, 170.0, 160.0, 165.0, 170.0, 173.0, 179.0, 184.0, 189.0, 188.0]"
18-21,Clovelly,east,90,2026-01-16,0,16.0,1,2026,"[20.8, 19.6, 16.0, 12.1, 2.7, 12.7, 8.9, 8.9, 5.7, 0.6, 3.2, 7.3, 9.5, 11.0, 11.2, 10.5, 10.1, 14.5, 17.4, 19.6, 20.3, 21.8, 23.6, 24.3, 22.3, 17.9, 15.4, 14.7, 13.4, 12.1]","[52.0, 42.0, 35.0, 15.0, 302.0, 193.0, 162.0, 135.0, 122.0, 342.0, 267.0, 240.0, 238.0, 247.0, 184.0, 188.0, 184.0, 169.0, 160.0, 161.0, 161.0, 165.0, 168.0, 173.0, 177.0, 174.0, 191.0, 188.0, 185.0, 183.0]"
18-21,Clovelly,east,90,2015-12-05,0,16.0,12,2015,"[15.8, 12.5, 9.2, 7.1, 7.6, 7.6, 6.3, 5.4, 4.5, 5.1, 4.7, 4.0, 3.7, 5.0, 10.1, 10.1, 9.1, 9.6, 11.8, 14.0, 15.9, 17.0, 17.0, 16.5, 15.1, 11.8, 10.4, 10.0, 8.2, 6.6]","[63.0, 57.0, 51.0, 41.0, 25.0, 8.0, 347.0, 323.0, 299.0, 274.0, 266.0, 260.0, 281.0, 330.0, 343.0, 354.0, 9.0, 34.0, 50.0, 55.0, 57.0, 58.0, 58.0, 58.0, 57.0, 52.0, 46.0, 38.0, 29.0, 22.0]"
19-0,Coogee,east,105,2015-09-26,1,12.0,9,2015,"[18.3, 17.2, 13.4, 13.0, 13.0, 12.6, 11.2, 12.1, 13.1, 12.0, 10.2, 8.7, 7.6, 8.3, 9.6, 11.9, 14.2, 15.2, 15.8, 16.3, 16.2, 16.5, 16.5, 15.3, 15.2, 16.2, 10.1, 9.4, 10.0, 10.7]","[170.0, 170.0, 174.0, 174.0, 175.0, 177.0, 184.0, 197.0, 201.0, 196.0, 190.0, 185.0, 185.0, 185.0, 193.0, 175.0, 159.0, 158.0, 159.0, 158.0, 159.0, 160.0, 164.0, 171.0, 176.0, 179.0, 176.0, 187.0, 195.0, 200.0]"
19-0,Coogee,east,105,2019-09-30,0,12.0,9,2019,"[10.8, 9.4, 6.7, 6.8, 5.9, 5.8, 5.8, 5.1, 4.1, 4.8, 5.3, 4.9, 3.6, 1.5, 4.3, 4.4, 6.1, 11.0, 16.7, 20.3, 21.4, 20.3, 17.4, 13.7, 11.0, 11.7, 10.0, 10.0, 10.3, 9.1]","[120.0, 137.0, 144.0, 162.0, 166.0, 173.0, 173.0, 172.0, 165.0, 153.0, 152.0, 163.0, 174.0, 194.0, 185.0, 145.0, 140.0, 142.0, 147.0, 150.0, 153.0, 155.0, 153.0, 153.0, 157.0, 162.0, 167.0, 167.0, 168.0, 171.0]"
19-0,Coogee,east,105,2024-05-01,0,12.0,5,2024,"[22.0, 22.7, 19.2, 19.2, 19.3, 18.3, 17.3, 16.1, 16.3, 17.8, 19.7, 20.8, 21.8, 20.3, 15.0, 13.5, 16.9, 20.6, 22.6, 23.8, 23.0, 21.2, 19.9, 17.1, 16.9, 16.4, 13.8, 15.1, 15.3, 15.0]","[178.0, 177.0, 188.0, 188.0, 189.0, 190.0, 192.0, 190.0, 186.0, 188.0, 188.0, 190.0, 188.0, 187.0, 201.0, 209.0, 204.0, 196.0, 189.0, 183.0, 181.0, 180.0, 184.0, 188.0, 192.0, 189.0, 200.0, 198.0, 199.0, 201.0]"
19-0,Coogee,east,105,2022-02-27,0,12.0,2,2022,"[6.6, 5.1, 6.3, 5.1, 3.1, 3.8, 4.3, 4.8, 4.5, 6.1, 7.5, 6.9, 5.8, 5.0, 8.3, 8.8, 7.2, 5.8, 6.6, 7.5, 9.6, 11.7, 11.9, 9.4, 8.7, 7.9, 6.8, 7.0, 5.2, 4.5]","[69.0, 84.0, 95.0, 96.0, 118.0, 155.0, 156.0, 155.0, 146.0, 161.0, 169.0, 171.0, 164.0, 142.0, 202.0, 191.0, 186.0, 171.0, 147.0, 130.0, 123.0, 119.0, 108.0, 93.0, 69.0, 55.0, 50.0, 35.0, 34.0, 56.0]"
19-1,Coogee,east,105,2018-01-06,1,11.0,1,2018,"[16.3, 12.1, 9.5, 7.5, 6.0, 4.9, 4.5, 4.9, 5.6, 5.1, 4.1, 3.6, 4.7, 7.4, 7.0, 8.0, 8.9, 10.4, 12.8, 15.5, 18.9, 21.0, 21.3, 20.0, 17.8, 15.5, 10.1, 11.5, 11.2, 10.7]","[68.0, 63.0, 61.0, 55.0, 65.0, 73.0, 76.0, 73.0, 63.0, 45.0, 38.0, 37.0, 23.0, 23.0, 21.0, 18.0, 27.0, 34.0, 40.0, 48.0, 55.0, 55.0, 53.0, 51.0, 48.0, 44.0, 55.0, 46.0, 40.0, 40.0]"
19-1,Coogee,east,105,2026-02-14,0,11.0,2,2026,"[12.8, 11.5, 6.2, 5.6, 4.7, 6.1, 6.3, 6.1, 4.6, 5.2, 5.9, 6.3, 7.2, 7.1, 6.6, 9.4, 10.9, 12.0, 13.1, 13.7, 14.2, 14.1, 13.7, 13.6, 11.6, 9.9, 7.5, 7.8, 7.0, 7.0]","[141.0, 139.0, 131.0, 121.0, 113.0, 109.0, 105.0, 109.0, 116.0, 124.0, 135.0, 143.0, 141.0, 133.0, 158.0, 133.0, 117.0, 104.0, 98.0, 93.0, 91.0, 92.0, 95.0, 97.0, 96.0, 92.0, 114.0, 127.0, 134.0, 130.0]"
19-1,Coogee,east,105,2017-04-29,0,11.0,4,2017,"[5.1, 5.0, 2.0, 4.8, 6.5, 5.8, 6.1, 6.5, 6.8, 7.2, 7.2, 7.2, 7.6, 8.0, 7.6, 8.0, 8.1, 6.6, 6.5, 5.8, 5.7, 7.1, 7.4, 6.5, 6.8, 6.1, 7.2, 7.7, 7.8, 7.6]","[129.0, 150.0, 225.0, 257.0, 264.0, 270.0, 270.0, 267.0, 267.0, 267.0, 267.0, 264.0, 262.0, 262.0, 262.0, 260.0, 249.0, 225.0, 199.0, 180.0, 162.0, 150.0, 133.0, 124.0, 122.0, 135.0, 180.0, 191.0, 202.0, 205.0]"
19-1,Coogee,east,105,2015-07-28,0,11.0,7,2015,"[16.9, 18.0, 18.4, 19.6, 20.3, 19.9, 19.9, 19.6, 18.8, 18.2, 17.8, 17.3, 16.9, 16.9, 14.2, 13.8, 14.8, 12.9, 11.1, 10.5, 10.9, 10.8, 7.3, 8.1, 8.0, 6.6, 3.7, 4.1, 6.4, 7.6]","[259.0, 258.0, 259.0, 253.0, 250.0, 250.0, 250.0, 250.0, 250.0, 252.0, 252.0, 253.0, 254.0, 254.0, 263.0, 261.0, 257.0, 252.0, 241.0, 218.0, 197.0, 180.0, 160.0, 148.0, 144.0, 158.0, 209.0, 232.0, 223.0, 211.0]"
19-2,Coogee,east,105,2019-10-13,1,14.0,10,2019,"[10.4, 8.4, 7.2, 6.2, 7.6, 6.9, 7.2, 7.6, 5.9, 4.8, 4.8, 5.2, 6.9, 6.9, 4.4, 5.4, 6.2, 6.3, 6.6, 7.0, 11.1, 12.7, 11.5, 11.9, 9.0, 5.5, 5.4, 6.6, 7.0, 7.3]","[160.0, 170.0, 198.0, 190.0, 180.0, 174.0, 183.0, 188.0, 194.0, 207.0, 228.0, 236.0, 231.0, 219.0, 235.0, 172.0, 159.0, 149.0, 139.0, 125.0, 103.0, 97.0, 90.0, 88.0, 90.0, 67.0, 48.0, 22.0, 12.0, 9.0]"
19-2,Coogee,east,105,2024-09-06,0,14.0,9,2024,"[9.7, 10.7, 10.3, 9.0, 9.1, 9.0, 9.2, 9.2, 9.1, 9.5, 10.2, 9.7, 9.8, 11.2, 9.9, 10.5, 12.0, 14.5, 15.0, 14.8, 14.6, 13.4, 13.1, 11.3, 13.1, 14.8, 12.5, 11.3, 11.6, 11.8]","[1.0, 337.0, 319.0, 314.0, 319.0, 325.0, 325.0, 329.0, 330.0, 333.0, 328.0, 325.0, 324.0, 328.0, 335.0, 344.0, 346.0, 333.0, 320.0, 314.0, 316.0, 319.0, 319.0, 323.0, 326.0, 331.0, 333.0, 335.0, 336.0, 336.0]"
19-2,Coogee,east,105,2026-06-19,0,14.0,6,2026,"[17.8, 18.3, 16.5, 16.9, 17.3, 17.1, 17.1, 18.6, 19.6, 19.5, 18.8, 17.8, 17.9, 18.3, 20.2, 19.1, 17.4, 16.8, 19.2, 18.4, 16.3, 14.8, 13.8, 13.3, 14.6, 14.6, 11.1, 12.7, 13.5, 13.0]","[1.0, 354.0, 352.0, 351.0, 352.0, 352.0, 348.0, 344.0, 340.0, 337.0, 333.0, 330.0, 331.0, 334.0, 342.0, 337.0, 340.0, 345.0, 338.0, 337.0, 340.0, 339.0, 340.0, 339.0, 333.0, 327.0, 346.0, 339.0, 335.0, 331.0]"
19-2,Coogee,east,105,2018-04-18,0,14.0,4,2018,"[16.8, 16.3, 11.6, 10.7, 9.7, 7.6, 6.5, 6.3, 5.9, 5.6, 4.6, 4.1, 4.0, 4.7, 4.5, 5.9, 7.0, 7.9, 8.7, 8.5, 9.2, 9.7, 11.2, 12.3, 12.5, 11.9, 8.7, 7.0, 6.5, 5.8]","[152.0, 152.0, 150.0, 147.0, 149.0, 155.0, 161.0, 167.0, 169.0, 165.0, 162.0, 165.0, 170.0, 171.0, 166.0, 101.0, 78.0, 74.0, 66.0, 54.0, 45.0, 39.0, 45.0, 50.0, 57.0, 55.0, 48.0, 21.0, 354.0, 353.0]"
19-3,Coogee,east,105,2021-01-24,1,16.0,1,2021,"[12.9, 8.4, 5.1, 6.2, 6.3, 6.2, 5.2, 4.4, 4.3, 5.2, 4.6, 2.9, 3.7, 6.7, 7.2, 8.0, 8.6, 9.7, 11.8, 13.5, 16.0, 18.6, 20.1, 20.0, 18.4, 16.6, 11.4, 14.5, 16.1, 13.4]","[60.0, 59.0, 129.0, 144.0, 156.0, 159.0, 164.0, 171.0, 180.0, 192.0, 198.0, 180.0, 29.0, 16.0, 3.0, 5.0, 15.0, 27.0, 38.0, 42.0, 46.0, 46.0, 43.0, 38.0, 35.0, 30.0, 35.0, 27.0, 20.0, 14.0]"
19-3,Coogee,east,105,2016-01-02,0,16.0,1,2016,"[13.4, 11.3, 9.4, 8.1, 6.2, 5.5, 5.6, 3.3, 1.8, 1.3, 2.3, 3.1, 3.3, 1.8, 2.1, 3.4, 4.8, 7.6, 10.0, 11.9, 12.6, 12.9, 13.0, 12.5, 12.2, 11.5, 12.3, 11.3, 9.5, 8.5]","[66.0, 63.0, 67.0, 69.0, 69.0, 58.0, 45.0, 354.0, 307.0, 236.0, 231.0, 249.0, 257.0, 259.0, 31.0, 58.0, 77.0, 98.0, 111.0, 119.0, 121.0, 126.0, 132.0, 139.0, 146.0, 148.0, 148.0, 149.0, 151.0, 152.0]"
19-3,Coogee,east,105,2026-03-30,0,16.0,3,2026,"[12.7, 10.3, 6.4, 5.4, 4.6, 4.0, 4.1, 4.6, 5.1, 4.7, 5.2, 5.6, 6.4, 7.0, 4.5, 4.3, 1.2, 4.0, 5.8, 7.0, 8.0, 9.7, 11.5, 12.6, 11.3, 9.2, 7.3, 7.7, 7.2, 7.1]","[147.0, 144.0, 158.0, 194.0, 206.0, 216.0, 221.0, 225.0, 228.0, 238.0, 245.0, 248.0, 243.0, 244.0, 247.0, 248.0, 141.0, 98.0, 90.0, 89.0, 85.0, 86.0, 80.0, 79.0, 77.0, 73.0, 74.0, 57.0, 39.0, 21.0]"
19-3,Coogee,east,105,2009-07-27,0,16.0,7,2009,"[6.5, 5.5, 3.4, 3.3, 5.1, 7.6, 10.5, 12.6, 13.4, 13.6, 15.3, 17.6, 18.2, 17.4, 16.3, 15.4, 15.0, 14.1, 13.5, 12.4, 13.0, 14.9, 14.6, 15.4, 15.0, 14.5, 14.8, 15.9, 17.3, 18.7]","[34.0, 32.0, 288.0, 264.0, 266.0, 273.0, 278.0, 270.0, 265.0, 258.0, 251.0, 247.0, 245.0, 246.0, 245.0, 249.0, 249.0, 251.0, 254.0, 260.0, 264.0, 263.0, 260.0, 259.0, 260.0, 263.0, 269.0, 265.0, 258.0, 254.0]"
19-4,Coogee,east,105,2021-02-04,1,8.0,2,2021,"[14.0, 11.7, 10.7, 11.7, 10.7, 9.0, 9.1, 8.6, 7.6, 8.3, 8.0, 7.6, 6.2, 7.6, 9.0, 13.2, 17.3, 19.9, 20.9, 20.6, 20.6, 21.0, 19.4, 18.8, 18.5, 16.8, 15.8, 14.3, 15.3, 16.4]","[91.0, 79.0, 48.0, 43.0, 33.0, 16.0, 7.0, 358.0, 352.0, 360.0, 10.0, 8.0, 353.0, 5.0, 16.0, 35.0, 42.0, 42.0, 42.0, 43.0, 47.0, 52.0, 55.0, 54.0, 53.0, 47.0, 43.0, 41.0, 43.0, 40.0]"
19-4,Coogee,east,105,2022-09-16,0,8.0,9,2022,"[12.1, 12.3, 7.2, 6.9, 4.3, 5.7, 7.4, 11.1, 14.0, 12.1, 9.8, 8.7, 9.5, 10.2, 11.0, 11.6, 15.7, 18.0, 16.9, 16.2, 16.6, 14.7, 11.5, 11.3, 12.1, 11.5, 11.2, 11.9, 13.7, 14.8]","[32.0, 38.0, 6.0, 354.0, 332.0, 316.0, 328.0, 338.0, 323.0, 298.0, 290.0, 287.0, 289.0, 296.0, 304.0, 302.0, 300.0, 295.0, 287.0, 282.0, 283.0, 289.0, 293.0, 297.0, 298.0, 309.0, 328.0, 350.0, 355.0, 359.0]"
19-4,Coogee,east,105,2025-06-06,0,8.0,6,2025,"[6.3, 5.9, 3.6, 4.5, 6.3, 5.8, 5.8, 6.1, 5.5, 5.4, 5.4, 5.6, 5.8, 5.4, 5.8, 5.7, 4.8, 5.4, 6.3, 7.1, 6.7, 6.1, 5.8, 7.4, 6.6, 6.8, 6.4, 6.2, 6.1, 5.6]","[145.0, 162.0, 210.0, 247.0, 257.0, 266.0, 274.0, 282.0, 281.0, 284.0, 290.0, 295.0, 296.0, 300.0, 292.0, 298.0, 312.0, 320.0, 321.0, 326.0, 341.0, 355.0, 358.0, 354.0, 347.0, 338.0, 328.0, 327.0, 330.0, 331.0]"
19-4,Coogee,east,105,2016-08-25,0,8.0,8,2016,"[13.7, 14.1, 23.5, 23.7, 21.6, 18.7, 16.7, 18.5, 22.6, 25.2, 23.8, 21.9, 20.9, 20.2, 15.9, 16.4, 18.5, 17.4, 15.5, 12.7, 11.6, 11.3, 9.7, 5.9, 3.3, 7.0, 8.3, 11.9, 13.1, 13.4]","[157.0, 176.0, 191.0, 202.0, 206.0, 214.0, 233.0, 243.0, 236.0, 226.0, 219.0, 221.0, 224.0, 229.0, 245.0, 244.0, 237.0, 232.0, 226.0, 215.0, 206.0, 202.0, 202.0, 191.0, 193.0, 235.0, 272.0, 267.0, 249.0, 234.0]"
19-5,Coogee,east,105,2021-02-11,1,8.0,2,2021,"[13.0, 11.2, 8.0, 6.6, 5.5, 4.3, 3.4, 3.2, 3.3, 2.5, 3.2, 5.2, 5.7, 6.6, 4.7, 5.9, 7.4, 10.0, 10.7, 12.0, 15.4, 18.7, 20.4, 19.6, 17.3, 15.4, 14.8, 14.4, 15.3, 15.3]","[96.0, 92.0, 100.0, 99.0, 101.0, 95.0, 72.0, 27.0, 6.0, 8.0, 360.0, 348.0, 342.0, 347.0, 328.0, 349.0, 14.0, 26.0, 33.0, 46.0, 53.0, 52.0, 46.0, 43.0, 42.0, 37.0, 34.0, 32.0, 30.0, 24.0]"
19-5,Coogee,east,105,2016-02-05,0,8.0,2,2016,"[32.1, 29.9, 25.6, 25.2, 24.9, 25.7, 25.0, 24.3, 23.6, 23.3, 22.9, 22.9, 23.0, 25.0, 25.7, 26.7, 28.1, 28.2, 27.6, 26.9, 27.0, 25.9, 24.6, 24.1, 21.7, 19.9, 17.8, 17.3, 17.0, 16.5]","[177.0, 177.0, 181.0, 179.0, 177.0, 174.0, 174.0, 173.0, 172.0, 172.0, 172.0, 172.0, 170.0, 168.0, 165.0, 164.0, 161.0, 161.0, 160.0, 160.0, 159.0, 159.0, 159.0, 158.0, 159.0, 158.0, 159.0, 159.0, 159.0, 160.0]"
19-5,Coogee,east,105,2011-10-25,0,8.0,10,2011,"[10.2, 9.6, 10.5, 8.7, 8.0, 6.7, 6.0, 5.4, 3.6, 4.8, 6.4, 8.9, 10.8, 13.7, 17.5, 17.7, 20.5, 24.9, 24.5, 24.4, 24.5, 25.7, 25.5, 24.3, 21.1, 20.1, 18.9, 19.1, 17.1, 17.3]","[350.0, 340.0, 333.0, 336.0, 333.0, 324.0, 287.0, 278.0, 233.0, 153.0, 153.0, 153.0, 159.0, 166.0, 172.0, 175.0, 181.0, 178.0, 177.0, 166.0, 160.0, 158.0, 157.0, 156.0, 157.0, 159.0, 156.0, 158.0, 158.0, 157.0]"
19-5,Coogee,east,105,2022-11-24,0,8.0,11,2022,"[8.2, 9.7, 8.1, 6.6, 8.4, 9.7, 8.3, 6.4, 4.7, 5.1, 6.0, 5.0, 7.7, 6.3, 8.5, 6.2, 3.2, 2.7, 5.9, 11.2, 15.5, 18.7, 18.1, 15.7, 13.2, 8.3, 4.7, 4.3, 5.3, 4.7]","[251.0, 252.0, 219.0, 223.0, 217.0, 207.0, 191.0, 190.0, 196.0, 207.0, 226.0, 251.0, 254.0, 252.0, 263.0, 249.0, 218.0, 160.0, 117.0, 108.0, 110.0, 106.0, 99.0, 92.0, 83.0, 72.0, 67.0, 75.0, 82.0, 74.0]"
19-6,Coogee,east,105,2021-10-28,1,8.0,10,2021,"[9.2, 5.4, 3.8, 3.0, 2.5, 3.3, 4.4, 4.3, 4.3, 5.4, 5.4, 5.8, 5.4, 3.0, 4.0, 7.1, 5.4, 6.4, 3.7, 2.6, 4.9, 9.6, 12.3, 11.5, 9.4, 10.1, 9.2, 10.8, 12.4, 11.2]","[69.0, 70.0, 139.0, 166.0, 172.0, 193.0, 215.0, 222.0, 246.0, 266.0, 266.0, 266.0, 262.0, 284.0, 297.0, 294.0, 307.0, 322.0, 331.0, 16.0, 73.0, 77.0, 69.0, 58.0, 40.0, 27.0, 31.0, 15.0, 30.0, 4.0]"
19-6,Coogee,east,105,2011-07-19,0,8.0,7,2011,"[7.4, 11.1, 15.9, 14.9, 13.4, 11.5, 12.3, 12.7, 13.0, 13.4, 14.8, 16.0, 15.8, 15.0, 16.0, 16.2, 16.3, 17.3, 19.2, 20.9, 20.5, 20.1, 20.8, 23.8, 25.3, 24.9, 24.0, 25.5, 28.5, 31.7]","[247.0, 245.0, 252.0, 255.0, 262.0, 266.0, 265.0, 263.0, 265.0, 264.0, 264.0, 262.0, 258.0, 253.0, 261.0, 257.0, 252.0, 247.0, 244.0, 246.0, 255.0, 261.0, 252.0, 241.0, 237.0, 239.0, 234.0, 222.0, 212.0, 206.0]"
19-6,Coogee,east,105,2024-11-29,0,8.0,11,2024,"[8.0, 5.2, 3.8, 3.3, 4.8, 8.9, 11.5, 12.3, 11.5, 11.0, 10.8, 11.6, 11.5, 11.4, 13.3, 13.8, 13.5, 12.1, 12.0, 13.3, 14.4, 16.7, 17.3, 16.8, 13.1, 11.1, 11.9, 15.4, 17.9, 20.4]","[110.0, 96.0, 349.0, 292.0, 169.0, 155.0, 141.0, 142.0, 146.0, 154.0, 175.0, 184.0, 184.0, 173.0, 178.0, 167.0, 166.0, 175.0, 172.0, 164.0, 162.0, 164.0, 170.0, 182.0, 171.0, 124.0, 87.0, 69.0, 62.0, 53.0]"
19-6,Coogee,east,105,2020-04-23,0,8.0,4,2020,"[2.4, 0.7, 2.3, 3.5, 4.8, 6.4, 7.2, 9.4, 9.9, 10.5, 10.2, 9.7, 9.1, 8.4, 7.7, 6.1, 6.9, 8.7, 10.2, 11.3, 10.8, 10.2, 9.4, 11.5, 12.7, 10.1, 7.3, 6.4, 6.9, 6.7]","[117.0, 360.0, 342.0, 336.0, 318.0, 308.0, 288.0, 266.0, 251.0, 248.0, 252.0, 255.0, 261.0, 260.0, 281.0, 298.0, 309.0, 322.0, 342.0, 351.0, 358.0, 8.0, 32.0, 49.0, 43.0, 27.0, 9.0, 333.0, 317.0, 324.0]"
19-7,Coogee,east,105,2022-01-25,1,15.0,1,2022,"[13.5, 12.3, 9.9, 9.1, 8.4, 7.3, 5.7, 5.4, 5.5, 5.7, 5.2, 5.8, 4.9, 6.6, 7.3, 7.8, 7.1, 6.9, 10.3, 13.7, 14.0, 13.5, 15.9, 16.2, 16.3, 14.6, 9.9, 8.5, 7.3, 6.6]","[90.0, 86.0, 78.0, 72.0, 65.0, 57.0, 46.0, 50.0, 38.0, 13.0, 6.0, 4.0, 4.0, 13.0, 16.0, 29.0, 27.0, 39.0, 55.0, 58.0, 60.0, 60.0, 68.0, 71.0, 67.0, 63.0, 65.0, 62.0, 57.0, 53.0]"
19-7,Coogee,east,105,2012-03-21,0,15.0,3,2012,"[9.4, 8.8, 8.4, 7.9, 7.2, 7.0, 6.1, 6.3, 5.6, 5.4, 6.5, 7.1, 7.8, 7.9, 11.6, 13.3, 14.6, 14.5, 13.0, 11.1, 13.4, 15.8, 15.7, 13.8, 11.5, 10.3, 7.7, 6.8, 6.8, 6.4]","[58.0, 55.0, 59.0, 47.0, 37.0, 21.0, 3.0, 347.0, 345.0, 352.0, 354.0, 345.0, 338.0, 330.0, 334.0, 341.0, 350.0, 353.0, 360.0, 13.0, 31.0, 35.0, 37.0, 39.0, 39.0, 36.0, 37.0, 18.0, 3.0, 317.0]"
19-7,Coogee,east,105,2023-03-20,0,15.0,3,2023,"[9.7, 11.9, 12.7, 12.4, 11.1, 11.7, 14.2, 14.8, 14.9, 17.3, 18.4, 19.8, 19.8, 21.3, 18.6, 22.1, 24.1, 25.4, 26.8, 25.4, 23.7, 22.9, 21.9, 19.2, 17.3, 15.6, 12.0, 12.3, 13.8, 15.4]","[149.0, 166.0, 165.0, 163.0, 167.0, 171.0, 173.0, 174.0, 173.0, 168.0, 168.0, 168.0, 168.0, 168.0, 162.0, 158.0, 160.0, 164.0, 165.0, 164.0, 163.0, 161.0, 160.0, 163.0, 163.0, 157.0, 159.0, 148.0, 147.0, 143.0]"
19-7,Coogee,east,105,2023-06-25,0,15.0,6,2023,"[9.5, 13.0, 11.4, 10.8, 9.4, 8.7, 9.4, 9.8, 9.6, 9.3, 10.3, 10.9, 12.0, 11.8, 11.4, 10.7, 9.3, 8.7, 9.9, 14.7, 17.1, 16.6, 14.2, 12.7, 12.8, 14.5, 10.7, 9.9, 9.7, 12.7]","[351.0, 326.0, 325.0, 323.0, 328.0, 336.0, 342.0, 343.0, 340.0, 344.0, 348.0, 352.0, 353.0, 348.0, 347.0, 346.0, 344.0, 353.0, 341.0, 301.0, 285.0, 283.0, 291.0, 299.0, 302.0, 300.0, 315.0, 316.0, 315.0, 305.0]"
19-8,Coogee,east,105,2022-01-28,1,8.0,1,2022,"[16.8, 15.4, 14.3, 15.0, 13.8, 12.6, 11.9, 11.7, 10.8, 10.0, 9.8, 9.1, 9.2, 9.6, 13.4, 13.2, 13.8, 14.4, 13.8, 13.2, 14.9, 18.0, 20.0, 18.7, 17.0, 14.4, 16.2, 15.7, 14.8, 13.3]","[47.0, 45.0, 44.0, 44.0, 41.0, 37.0, 29.0, 23.0, 15.0, 14.0, 13.0, 14.0, 12.0, 13.0, 18.0, 24.0, 36.0, 40.0, 42.0, 44.0, 49.0, 52.0, 52.0, 48.0, 51.0, 49.0, 47.0, 46.0, 44.0, 38.0]"
19-8,Coogee,east,105,2017-09-11,0,8.0,9,2017,"[12.2, 8.3, 4.6, 3.9, 3.6, 4.0, 5.9, 6.1, 5.9, 6.3, 6.6, 6.6, 6.5, 5.8, 4.3, 5.6, 6.9, 7.4, 6.6, 6.6, 6.1, 4.6, 3.2, 3.3, 5.6, 5.8, 4.3, 4.8, 6.1, 7.0]","[88.0, 85.0, 39.0, 338.0, 323.0, 297.0, 281.0, 273.0, 281.0, 294.0, 292.0, 279.0, 273.0, 277.0, 294.0, 310.0, 317.0, 309.0, 315.0, 319.0, 320.0, 342.0, 27.0, 41.0, 27.0, 356.0, 318.0, 318.0, 298.0, 282.0]"
19-8,Coogee,east,105,2016-11-14,0,8.0,11,2016,"[21.7, 21.1, 17.7, 12.2, 12.9, 12.7, 12.5, 13.2, 14.4, 15.3, 17.0, 18.7, 20.3, 22.2, 18.9, 16.3, 15.1, 15.1, 15.3, 16.2, 16.8, 21.4, 23.1, 18.4, 15.9, 15.5, 16.9, 15.8, 14.9, 14.7]","[289.0, 284.0, 282.0, 294.0, 306.0, 313.0, 319.0, 325.0, 323.0, 297.0, 275.0, 268.0, 263.0, 253.0, 239.0, 221.0, 213.0, 205.0, 189.0, 176.0, 165.0, 167.0, 176.0, 181.0, 176.0, 180.0, 178.0, 181.0, 188.0, 197.0]"
19-8,Coogee,east,105,2020-01-25,0,8.0,1,2020,"[15.0, 15.0, 12.4, 11.0, 11.6, 11.0, 9.8, 9.2, 8.6, 8.6, 7.7, 6.9, 6.9, 9.4, 9.2, 9.2, 10.2, 13.3, 13.8, 13.5, 13.9, 14.5, 17.0, 16.3, 12.7, 11.6, 7.4, 6.7, 5.1, 4.3]","[79.0, 73.0, 100.0, 109.0, 112.0, 101.0, 96.0, 101.0, 105.0, 105.0, 101.0, 96.0, 84.0, 67.0, 45.0, 42.0, 45.0, 49.0, 49.0, 56.0, 65.0, 67.0, 69.0, 62.0, 65.0, 68.0, 51.0, 54.0, 82.0, 85.0]"
19-9,Coogee,east,105,2022-03-26,1,9.0,3,2022,"[12.3, 11.0, 6.3, 7.3, 11.6, 11.6, 11.1, 12.2, 12.9, 12.7, 12.3, 11.1, 9.8, 9.4, 5.1, 7.0, 11.1, 11.0, 10.9, 11.1, 11.1, 11.6, 11.2, 10.3, 7.6, 7.7, 4.9, 4.6, 4.4, 5.8]","[155.0, 161.0, 165.0, 155.0, 144.0, 144.0, 150.0, 158.0, 159.0, 157.0, 153.0, 153.0, 156.0, 163.0, 174.0, 140.0, 130.0, 128.0, 124.0, 129.0, 130.0, 131.0, 123.0, 121.0, 135.0, 144.0, 180.0, 159.0, 171.0, 182.0]"
19-9,Coogee,east,105,2011-05-14,0,9.0,5,2011,"[17.3, 16.4, 16.5, 18.0, 21.1, 23.0, 23.7, 21.0, 15.3, 15.0, 17.6, 20.8, 22.1, 21.7, 18.8, 21.8, 20.7, 19.8, 20.3, 20.6, 21.1, 22.1, 17.6, 12.5, 11.0, 12.0, 14.1, 14.6, 15.1, 14.9]","[272.0, 279.0, 281.0, 273.0, 262.0, 260.0, 261.0, 264.0, 278.0, 281.0, 269.0, 256.0, 251.0, 251.0, 253.0, 254.0, 250.0, 243.0, 233.0, 226.0, 226.0, 224.0, 223.0, 226.0, 229.0, 229.0, 238.0, 237.0, 237.0, 238.0]"
19-9,Coogee,east,105,2012-02-28,0,9.0,2,2012,"[10.0, 9.2, 8.9, 10.7, 10.1, 8.3, 7.2, 5.6, 5.1, 4.6, 4.7, 4.8, 5.0, 5.5, 6.3, 7.4, 9.4, 10.6, 11.4, 9.0, 7.1, 9.5, 6.2, 5.9, 4.8, 6.1, 5.0, 3.8, 4.4, 6.1]","[30.0, 31.0, 47.0, 40.0, 17.0, 360.0, 342.0, 320.0, 321.0, 321.0, 328.0, 333.0, 330.0, 337.0, 347.0, 337.0, 337.0, 325.0, 298.0, 286.0, 255.0, 217.0, 170.0, 128.0, 132.0, 130.0, 150.0, 131.0, 125.0, 180.0]"
19-9,Coogee,east,105,2015-11-14,0,9.0,11,2015,"[14.4, 14.3, 13.1, 14.9, 15.8, 17.2, 17.2, 15.9, 15.1, 15.5, 15.7, 16.0, 15.9, 14.8, 13.4, 12.8, 12.3, 11.4, 11.9, 11.8, 12.7, 13.0, 13.4, 14.9, 15.4, 14.3, 12.5, 12.2, 12.6, 12.7]","[148.0, 152.0, 148.0, 148.0, 159.0, 160.0, 160.0, 162.0, 162.0, 162.0, 164.0, 166.0, 167.0, 167.0, 166.0, 164.0, 159.0, 156.0, 145.0, 140.0, 145.0, 156.0, 160.0, 160.0, 159.0, 155.0, 162.0, 161.0, 153.0, 151.0]"
19-10,Coogee,east,105,2022-10-01,1,13.0,10,2022,"[15.2, 15.7, 14.9, 14.0, 12.3, 13.1, 13.1, 12.5, 12.3, 12.8, 12.8, 12.8, 12.1, 12.2, 12.7, 14.3, 13.7, 14.2, 14.8, 14.9, 15.4, 16.5, 15.3, 13.8, 11.2, 9.9, 6.7, 6.8, 6.4, 5.8]","[157.0, 150.0, 145.0, 145.0, 151.0, 157.0, 162.0, 168.0, 172.0, 178.0, 179.0, 178.0, 174.0, 172.0, 168.0, 157.0, 153.0, 151.0, 150.0, 148.0, 137.0, 145.0, 146.0, 147.0, 152.0, 159.0, 180.0, 177.0, 172.0, 180.0]"
19-10,Coogee,east,105,2007-09-27,0,13.0,9,2007,"[16.6, 14.5, 15.0, 15.3, 14.8, 16.1, 14.5, 10.7, 9.3, 9.2, 7.9, 7.2, 6.5, 5.6, 5.5, 6.7, 9.5, 11.5, 13.7, 13.8, 12.0, 11.1, 7.8, 6.4, 8.5, 7.8, 7.4, 7.8, 7.6, 8.6]","[60.0, 46.0, 35.0, 19.0, 14.0, 24.0, 27.0, 20.0, 28.0, 31.0, 24.0, 27.0, 6.0, 333.0, 281.0, 286.0, 281.0, 274.0, 267.0, 264.0, 261.0, 257.0, 248.0, 232.0, 216.0, 202.0, 223.0, 257.0, 278.0, 292.0]"
19-10,Coogee,east,105,2022-01-09,0,13.0,1,2022,"[15.8, 12.9, 10.3, 11.6, 13.9, 15.7, 16.5, 16.6, 15.8, 13.8, 12.9, 13.2, 13.7, 15.8, 15.9, 16.0, 13.9, 12.9, 13.8, 13.1, 13.0, 12.9, 13.0, 12.5, 11.2, 8.8, 6.9, 6.4, 4.0, 4.1]","[142.0, 148.0, 173.0, 174.0, 170.0, 169.0, 174.0, 176.0, 173.0, 172.0, 172.0, 175.0, 176.0, 173.0, 170.0, 157.0, 147.0, 150.0, 151.0, 148.0, 147.0, 148.0, 145.0, 134.0, 130.0, 129.0, 150.0, 140.0, 144.0, 157.0]"
19-10,Coogee,east,105,2012-05-29,0,13.0,5,2012,"[15.3, 15.0, 12.9, 12.2, 11.4, 11.2, 11.5, 12.0, 12.4, 11.8, 11.4, 10.8, 10.7, 10.6, 10.9, 11.0, 12.6, 13.5, 13.3, 12.7, 12.4, 11.4, 9.5, 7.7, 7.0, 6.9, 7.2, 6.7, 7.0, 6.3]","[188.0, 190.0, 193.0, 194.0, 198.0, 201.0, 200.0, 196.0, 188.0, 192.0, 193.0, 195.0, 200.0, 204.0, 214.0, 212.0, 204.0, 189.0, 182.0, 173.0, 170.0, 169.0, 169.0, 169.0, 168.0, 171.0, 186.0, 196.0, 192.0, 193.0]"
19-11,Coogee,east,105,2022-10-11,1,8.0,10,2022,"[9.0, 9.9, 5.6, 5.4, 5.3, 4.1, 3.1, 2.3, 2.5, 3.3, 3.6, 4.5, 3.4, 3.6, 1.6, 5.4, 9.7, 11.1, 11.7, 12.4, 12.8, 12.9, 13.1, 11.1, 9.3, 9.4, 6.7, 6.6, 7.1, 7.8]","[92.0, 86.0, 69.0, 75.0, 80.0, 88.0, 111.0, 129.0, 150.0, 158.0, 162.0, 133.0, 108.0, 90.0, 96.0, 76.0, 65.0, 58.0, 59.0, 57.0, 55.0, 55.0, 54.0, 53.0, 53.0, 55.0, 54.0, 49.0, 45.0, 42.0]"
19-11,Coogee,east,105,2011-04-05,0,8.0,4,2011,"[21.0, 20.3, 17.8, 17.5, 16.3, 15.8, 15.8, 14.8, 14.4, 14.8, 14.1, 14.5, 14.2, 15.0, 10.1, 12.3, 16.2, 17.1, 17.2, 16.3, 15.5, 16.1, 15.6, 15.1, 13.2, 14.0, 9.8, 8.5, 9.0, 9.4]","[173.0, 174.0, 172.0, 172.0, 175.0, 180.0, 181.0, 184.0, 183.0, 177.0, 176.0, 174.0, 171.0, 170.0, 186.0, 173.0, 159.0, 152.0, 151.0, 152.0, 152.0, 151.0, 151.0, 152.0, 158.0, 162.0, 156.0, 168.0, 180.0, 184.0]"
19-11,Coogee,east,105,2012-02-04,0,8.0,2,2012,"[1.8, 1.3, 6.4, 7.1, 5.2, 4.3, 5.5, 8.4, 9.7, 9.3, 7.5, 6.4, 6.4, 6.7, 7.7, 7.4, 6.7, 5.8, 6.0, 8.2, 10.4, 12.1, 12.7, 12.2, 10.5, 6.4, 4.8, 5.8, 3.0, 1.6]","[323.0, 304.0, 164.0, 156.0, 155.0, 185.0, 212.0, 220.0, 219.0, 216.0, 215.0, 223.0, 223.0, 216.0, 208.0, 209.0, 196.0, 180.0, 155.0, 131.0, 124.0, 120.0, 125.0, 124.0, 121.0, 117.0, 103.0, 97.0, 104.0, 207.0]"
19-11,Coogee,east,105,2013-07-14,0,8.0,7,2013,"[5.8, 4.7, 2.1, 1.1, 1.1, 1.8, 1.5, 1.6, 1.8, 3.8, 5.9, 5.8, 5.4, 6.2, 6.6, 5.5, 4.7, 4.8, 5.9, 7.6, 9.0, 8.9, 8.9, 8.7, 8.5, 9.0, 7.5, 6.5, 6.9, 6.8]","[97.0, 90.0, 149.0, 198.0, 198.0, 169.0, 194.0, 207.0, 233.0, 253.0, 259.0, 263.0, 262.0, 263.0, 257.0, 259.0, 270.0, 318.0, 346.0, 5.0, 23.0, 32.0, 47.0, 45.0, 36.0, 29.0, 17.0, 357.0, 354.0, 360.0]"
19-12,Coogee,east,105,2022-10-21,1,19.0,10,2022,"[11.0, 12.8, 10.0, 11.2, 11.8, 12.2, 14.2, 16.2, 16.9, 16.2, 16.2, 16.3, 15.6, 17.8, 11.6, 12.6, 10.8, 9.2, 8.5, 10.5, 13.2, 14.5, 15.3, 14.4, 16.3, 18.5, 15.7, 14.3, 12.5, 12.4]","[72.0, 68.0, 64.0, 64.0, 66.0, 66.0, 61.0, 55.0, 57.0, 60.0, 55.0, 47.0, 39.0, 36.0, 30.0, 27.0, 11.0, 11.0, 28.0, 39.0, 40.0, 43.0, 42.0, 41.0, 46.0, 40.0, 34.0, 36.0, 33.0, 30.0]"
19-12,Coogee,east,105,2013-03-04,0,19.0,3,2013,"[16.6, 14.8, 14.3, 14.0, 13.8, 12.5, 12.0, 11.2, 10.3, 9.3, 9.2, 9.3, 8.7, 8.8, 10.8, 14.2, 14.5, 14.1, 14.1, 14.2, 14.6, 15.0, 15.3, 13.6, 11.4, 9.3, 8.6, 6.9, 6.3, 6.2]","[129.0, 131.0, 131.0, 132.0, 133.0, 134.0, 131.0, 130.0, 126.0, 126.0, 121.0, 118.0, 114.0, 109.0, 86.0, 83.0, 84.0, 87.0, 93.0, 97.0, 100.0, 101.0, 99.0, 101.0, 101.0, 103.0, 92.0, 99.0, 103.0, 111.0]"
19-12,Coogee,east,105,2026-02-22,0,19.0,2,2026,"[14.4, 11.3, 8.7, 9.1, 7.5, 7.7, 6.0, 4.6, 3.2, 0.7, 3.6, 3.9, 5.9, 7.9, 6.4, 8.9, 10.6, 10.7, 9.9, 9.1, 8.3, 6.6, 3.3, 2.8, 5.8, 8.8, 6.8, 4.0, 6.7, 9.4]","[156.0, 149.0, 128.0, 128.0, 160.0, 198.0, 209.0, 206.0, 196.0, 104.0, 20.0, 338.0, 320.0, 327.0, 328.0, 339.0, 341.0, 348.0, 350.0, 353.0, 2.0, 9.0, 351.0, 63.0, 51.0, 33.0, 50.0, 72.0, 63.0, 48.0]"
19-12,Coogee,east,105,2018-02-13,0,19.0,2,2018,"[16.6, 12.4, 7.6, 7.7, 8.5, 6.9, 4.6, 3.6, 3.6, 2.3, 3.9, 4.9, 5.4, 5.0, 9.1, 9.8, 9.7, 10.6, 13.0, 14.1, 14.8, 15.9, 17.5, 18.8, 17.9, 15.0, 10.4, 10.2, 8.1, 7.1]","[103.0, 107.0, 82.0, 79.0, 78.0, 81.0, 72.0, 84.0, 84.0, 129.0, 158.0, 163.0, 160.0, 159.0, 171.0, 144.0, 132.0, 118.0, 109.0, 103.0, 93.0, 85.0, 82.0, 78.0, 75.0, 73.0, 70.0, 58.0, 45.0, 30.0]"
19-13,Coogee,east,105,2023-02-17,1,12.0,2,2023,"[15.4, 13.2, 11.5, 9.2, 7.4, 7.4, 6.7, 6.2, 5.9, 5.8, 6.2, 5.1, 4.5, 5.0, 5.6, 7.1, 8.7, 11.2, 13.8, 15.6, 16.9, 18.1, 18.3, 16.9, 14.5, 13.0, 12.1, 11.2, 9.8, 9.8]","[53.0, 45.0, 46.0, 42.0, 39.0, 39.0, 36.0, 36.0, 38.0, 30.0, 7.0, 352.0, 346.0, 360.0, 15.0, 24.0, 38.0, 48.0, 49.0, 50.0, 52.0, 55.0, 54.0, 50.0, 46.0, 44.0, 37.0, 33.0, 28.0, 28.0]"
19-13,Coogee,east,105,2007-10-23,0,12.0,10,2007,"[12.1, 10.6, 4.0, 12.2, 20.9, 20.5, 18.7, 17.7, 16.7, 15.8, 14.1, 12.9, 12.1, 12.6, 11.5, 9.1, 8.3, 8.4, 8.7, 11.0, 14.5, 15.8, 15.5, 13.2, 11.2, 8.4, 5.0, 4.2, 3.4, 6.1]","[30.0, 24.0, 350.0, 199.0, 181.0, 181.0, 191.0, 197.0, 194.0, 192.0, 193.0, 193.0, 190.0, 183.0, 176.0, 162.0, 146.0, 137.0, 132.0, 131.0, 134.0, 133.0, 136.0, 135.0, 132.0, 133.0, 159.0, 160.0, 162.0, 177.0]"
19-13,Coogee,east,105,2009-02-07,0,12.0,2,2009,"[20.9, 19.2, 18.6, 14.7, 10.8, 9.4, 9.0, 8.8, 7.8, 6.5, 5.4, 4.3, 4.6, 5.7, 6.6, 10.0, 12.6, 14.5, 16.3, 19.4, 23.2, 25.7, 26.7, 25.7, 24.7, 23.4, 22.3, 18.8, 15.7, 14.7]","[44.0, 38.0, 36.0, 31.0, 30.0, 43.0, 61.0, 71.0, 77.0, 84.0, 82.0, 66.0, 39.0, 18.0, 22.0, 21.0, 24.0, 23.0, 28.0, 35.0, 42.0, 46.0, 46.0, 44.0, 42.0, 37.0, 31.0, 26.0, 20.0, 22.0]"
19-13,Coogee,east,105,2009-05-20,0,12.0,5,2009,"[11.9, 11.2, 11.9, 7.8, 8.2, 8.4, 9.0, 9.4, 9.4, 11.2, 11.2, 11.2, 11.5, 11.3, 9.0, 8.8, 11.4, 15.7, 18.4, 21.3, 20.3, 19.9, 17.4, 14.9, 13.2, 14.2, 13.0, 13.7, 15.1, 15.9]","[90.0, 84.0, 76.0, 77.0, 75.0, 80.0, 88.0, 92.0, 97.0, 92.0, 94.0, 94.0, 92.0, 97.0, 92.0, 99.0, 103.0, 99.0, 92.0, 93.0, 97.0, 96.0, 96.0, 98.0, 107.0, 114.0, 114.0, 117.0, 115.0, 115.0]"
19-14,Coogee,east,105,2023-10-25,1,18.0,10,2023,"[16.0, 13.7, 4.6, 6.0, 5.4, 5.9, 7.1, 7.6, 8.1, 7.2, 11.1, 17.1, 18.0, 18.9, 20.5, 18.8, 16.1, 13.3, 11.7, 11.6, 13.3, 14.8, 15.9, 18.0, 20.4, 21.9, 16.9, 17.7, 19.0, 20.1]","[44.0, 35.0, 45.0, 25.0, 20.0, 14.0, 345.0, 335.0, 315.0, 288.0, 241.0, 219.0, 209.0, 204.0, 181.0, 173.0, 156.0, 147.0, 135.0, 126.0, 128.0, 137.0, 142.0, 143.0, 144.0, 150.0, 153.0, 156.0, 161.0, 171.0]"
19-14,Coogee,east,105,2011-03-10,0,18.0,3,2011,"[6.2, 7.2, 5.9, 5.8, 6.1, 6.2, 5.8, 5.7, 5.9, 5.1, 4.7, 4.1, 3.4, 3.9, 3.1, 3.8, 6.1, 6.8, 6.2, 4.7, 5.3, 4.0, 4.1, 8.4, 9.9, 8.4, 5.4, 5.4, 3.6, 2.3]","[350.0, 357.0, 349.0, 4.0, 3.0, 350.0, 330.0, 325.0, 317.0, 309.0, 302.0, 308.0, 328.0, 338.0, 324.0, 343.0, 357.0, 357.0, 353.0, 9.0, 28.0, 27.0, 225.0, 190.0, 170.0, 155.0, 200.0, 184.0, 186.0, 231.0]"
19-14,Coogee,east,105,2014-08-04,0,18.0,8,2014,"[9.2, 7.8, 6.2, 3.6, 3.1, 4.7, 5.7, 6.1, 6.6, 4.9, 5.8, 6.3, 6.4, 6.4, 6.8, 5.0, 4.6, 2.3, 4.9, 7.1, 7.2, 7.2, 9.9, 12.2, 11.6, 8.9, 6.2, 5.4, 4.8, 5.0]","[111.0, 103.0, 100.0, 143.0, 201.0, 212.0, 215.0, 220.0, 229.0, 234.0, 240.0, 246.0, 254.0, 254.0, 245.0, 240.0, 252.0, 321.0, 17.0, 24.0, 18.0, 27.0, 57.0, 62.0, 54.0, 40.0, 353.0, 307.0, 283.0, 270.0]"
19-14,Coogee,east,105,2021-07-31,0,18.0,7,2021,"[9.7, 10.2, 7.6, 6.5, 6.1, 7.3, 8.0, 6.9, 6.2, 6.5, 6.6, 6.6, 6.6, 6.8, 6.9, 7.0, 7.7, 9.0, 10.2, 13.1, 15.8, 17.2, 18.2, 18.7, 17.6, 17.3, 15.5, 15.5, 14.3, 12.1]","[42.0, 23.0, 360.0, 341.0, 332.0, 340.0, 333.0, 321.0, 324.0, 326.0, 331.0, 331.0, 331.0, 335.0, 332.0, 339.0, 349.0, 2.0, 10.0, 16.0, 21.0, 29.0, 30.0, 23.0, 11.0, 360.0, 360.0, 356.0, 350.0, 343.0]"
19-15,Coogee,east,105,2023-11-04,1,17.0,11,2023,"[11.9, 8.4, 2.5, 5.1, 6.6, 4.8, 5.2, 5.4, 4.7, 5.6, 7.7, 7.9, 8.4, 10.5, 9.3, 10.2, 10.8, 11.6, 15.6, 16.8, 18.8, 17.3, 15.9, 13.6, 10.9, 9.7, 9.2, 9.8, 10.8, 12.1]","[92.0, 100.0, 98.0, 141.0, 139.0, 138.0, 155.0, 160.0, 189.0, 207.0, 208.0, 196.0, 187.0, 176.0, 164.0, 157.0, 154.0, 150.0, 146.0, 137.0, 137.0, 138.0, 142.0, 140.0, 134.0, 129.0, 121.0, 114.0, 116.0, 117.0]"
19-15,Coogee,east,105,2009-06-05,0,17.0,6,2009,"[6.6, 6.1, 5.2, 5.5, 6.2, 5.4, 5.3, 5.6, 6.0, 5.8, 5.9, 6.5, 7.8, 7.9, 11.0, 9.5, 11.5, 12.2, 11.8, 11.1, 10.2, 8.4, 4.5, 5.9, 6.8, 7.7, 9.2, 9.7, 10.4, 11.2]","[29.0, 40.0, 34.0, 23.0, 339.0, 307.0, 298.0, 297.0, 295.0, 292.0, 281.0, 264.0, 257.0, 254.0, 259.0, 261.0, 256.0, 251.0, 250.0, 245.0, 238.0, 239.0, 241.0, 256.0, 245.0, 242.0, 259.0, 266.0, 270.0, 270.0]"
19-15,Coogee,east,105,2021-11-11,0,17.0,11,2021,"[10.0, 12.1, 7.6, 9.3, 9.2, 9.3, 9.7, 8.7, 7.9, 9.2, 11.3, 18.1, 20.6, 19.7, 17.4, 17.6, 17.9, 18.4, 18.6, 17.3, 16.6, 17.1, 15.5, 14.0, 15.0, 14.8, 14.7, 15.0, 15.0, 16.8]","[26.0, 12.0, 8.0, 13.0, 329.0, 306.0, 301.0, 277.0, 246.0, 228.0, 202.0, 173.0, 164.0, 162.0, 162.0, 154.0, 152.0, 152.0, 148.0, 144.0, 139.0, 138.0, 136.0, 132.0, 134.0, 135.0, 152.0, 150.0, 153.0, 149.0]"
19-15,Coogee,east,105,2010-10-19,0,17.0,10,2010,"[7.2, 10.0, 11.2, 10.3, 11.5, 12.2, 13.2, 14.1, 13.2, 11.4, 10.4, 10.5, 11.9, 13.7, 15.2, 18.0, 19.5, 17.8, 17.3, 16.4, 15.6, 14.5, 12.9, 10.8, 7.5, 5.3, 5.1, 4.3, 4.0, 3.3]","[243.0, 257.0, 255.0, 258.0, 256.0, 251.0, 235.0, 218.0, 206.0, 191.0, 182.0, 176.0, 178.0, 175.0, 175.0, 168.0, 161.0, 159.0, 159.0, 161.0, 157.0, 150.0, 144.0, 143.0, 145.0, 152.0, 172.0, 185.0, 185.0, 193.0]"
19-16,Coogee,east,105,2023-11-08,1,8.0,11,2023,"[17.8, 15.8, 13.4, 11.9, 12.0, 9.8, 6.7, 6.4, 5.5, 6.0, 5.6, 4.3, 3.8, 4.8, 4.6, 6.4, 6.7, 7.9, 11.3, 15.0, 16.7, 17.0, 17.4, 15.3, 12.7, 9.8, 4.2, 6.2, 8.2, 5.6]","[47.0, 41.0, 36.0, 35.0, 39.0, 36.0, 36.0, 47.0, 67.0, 57.0, 27.0, 360.0, 343.0, 13.0, 18.0, 27.0, 36.0, 51.0, 59.0, 60.0, 57.0, 58.0, 56.0, 56.0, 47.0, 36.0, 59.0, 54.0, 41.0, 40.0]"
19-16,Coogee,east,105,2007-06-11,0,8.0,6,2007,"[7.6, 7.2, 5.4, 4.6, 5.2, 5.2, 5.4, 5.4, 6.1, 5.8, 6.1, 6.8, 7.2, 7.6, 8.7, 7.2, 8.1, 10.9, 11.5, 12.0, 11.6, 11.6, 12.3, 12.4, 12.8, 11.5, 12.3, 11.6, 11.7, 12.1]","[183.0, 177.0, 184.0, 231.0, 245.0, 258.0, 266.0, 266.0, 267.0, 263.0, 267.0, 270.0, 270.0, 270.0, 265.0, 273.0, 283.0, 279.0, 268.0, 254.0, 248.0, 248.0, 249.0, 253.0, 260.0, 266.0, 263.0, 263.0, 261.0, 258.0]"
19-16,Coogee,east,105,2015-04-22,0,8.0,4,2015,"[38.6, 39.4, 38.3, 35.9, 34.3, 37.5, 38.6, 38.9, 37.2, 33.8, 30.1, 25.7, 21.1, 18.7, 18.3, 16.6, 17.6, 21.4, 23.2, 28.0, 26.2, 25.1, 21.9, 18.5, 15.4, 15.4, 18.0, 15.7, 14.8, 13.7]","[183.0, 185.0, 189.0, 190.0, 190.0, 189.0, 189.0, 191.0, 195.0, 199.0, 201.0, 202.0, 200.0, 196.0, 190.0, 198.0, 206.0, 209.0, 208.0, 204.0, 207.0, 207.0, 207.0, 201.0, 196.0, 196.0, 196.0, 200.0, 206.0, 210.0]"
19-16,Coogee,east,105,2015-02-22,0,8.0,2,2015,"[9.0, 8.4, 6.8, 8.0, 7.2, 6.3, 4.8, 3.9, 3.3, 3.4, 2.8, 3.2, 3.4, 5.1, 6.9, 9.8, 11.2, 12.1, 12.8, 13.3, 14.8, 15.5, 15.5, 14.9, 13.2, 10.9, 10.2, 9.8, 10.5, 9.3]","[95.0, 83.0, 87.0, 72.0, 63.0, 59.0, 63.0, 68.0, 96.0, 122.0, 130.0, 117.0, 108.0, 98.0, 81.0, 73.0, 69.0, 67.0, 68.0, 71.0, 76.0, 77.0, 77.0, 75.0, 73.0, 73.0, 72.0, 66.0, 63.0, 54.0]"
19-17,Coogee,east,105,2024-02-29,1,14.0,2,2024,"[16.6, 15.0, 13.3, 10.9, 10.8, 10.7, 11.2, 10.7, 9.5, 9.3, 8.6, 8.8, 9.5, 11.2, 7.4, 8.8, 8.6, 8.3, 6.0, 5.1, 3.3, 1.5, 2.3, 5.4, 5.1, 5.6, 6.9, 15.1, 21.0, 21.3]","[48.0, 42.0, 41.0, 34.0, 37.0, 33.0, 21.0, 12.0, 9.0, 13.0, 15.0, 19.0, 25.0, 21.0, 14.0, 9.0, 358.0, 342.0, 303.0, 274.0, 257.0, 284.0, 39.0, 70.0, 45.0, 40.0, 186.0, 177.0, 164.0, 156.0]"
19-17,Coogee,east,105,2013-06-03,0,14.0,6,2013,"[27.6, 27.7, 24.9, 23.7, 25.0, 26.4, 25.9, 24.6, 23.3, 22.8, 22.5, 22.3, 22.1, 20.8, 15.1, 15.6, 16.4, 15.5, 13.3, 11.4, 9.7, 7.0, 4.0, 5.7, 7.2, 8.0, 9.3, 9.0, 10.4, 11.1]","[197.0, 196.0, 202.0, 206.0, 208.0, 206.0, 207.0, 212.0, 215.0, 218.0, 220.0, 219.0, 217.0, 217.0, 232.0, 236.0, 232.0, 222.0, 221.0, 215.0, 207.0, 201.0, 175.0, 145.0, 153.0, 190.0, 208.0, 233.0, 236.0, 234.0]"
19-17,Coogee,east,105,2018-03-06,0,14.0,3,2018,"[17.9, 17.4, 17.3, 19.3, 19.6, 19.5, 20.9, 22.5, 24.1, 24.5, 22.7, 21.7, 22.4, 20.5, 20.9, 24.9, 25.3, 25.1, 24.8, 25.5, 26.2, 26.0, 25.2, 22.4, 17.0, 14.7, 12.5, 9.8, 10.0, 9.8]","[155.0, 156.0, 149.0, 156.0, 160.0, 164.0, 169.0, 173.0, 177.0, 182.0, 184.0, 186.0, 186.0, 180.0, 179.0, 170.0, 165.0, 167.0, 171.0, 167.0, 164.0, 163.0, 158.0, 150.0, 148.0, 144.0, 141.0, 152.0, 154.0, 156.0]"
19-17,Coogee,east,105,2016-06-14,0,14.0,6,2016,"[8.0, 8.5, 8.6, 8.6, 8.7, 7.7, 6.6, 6.8, 6.1, 6.3, 6.0, 5.5, 5.7, 5.4, 6.9, 5.6, 5.6, 6.1, 6.5, 6.6, 5.6, 3.8, 2.0, 0.8, 3.7, 7.4, 10.5, 10.2, 10.5, 10.7]","[36.0, 28.0, 15.0, 360.0, 343.0, 319.0, 292.0, 288.0, 298.0, 301.0, 295.0, 293.0, 288.0, 290.0, 298.0, 310.0, 310.0, 310.0, 304.0, 299.0, 297.0, 287.0, 315.0, 333.0, 209.0, 203.0, 211.0, 225.0, 232.0, 230.0]"
19-18,Coogee,east,105,2024-04-16,1,15.0,4,2024,"[7.5, 6.4, 6.6, 6.2, 7.1, 8.0, 8.1, 8.3, 8.2, 7.8, 7.6, 7.7, 7.5, 8.6, 5.9, 7.0, 7.1, 4.7, 3.1, 4.3, 6.5, 9.3, 11.7, 11.5, 9.3, 7.1, 6.1, 5.4, 5.5, 6.7]","[125.0, 142.0, 193.0, 201.0, 204.0, 207.0, 201.0, 198.0, 195.0, 202.0, 211.0, 217.0, 215.0, 213.0, 227.0, 215.0, 195.0, 184.0, 159.0, 132.0, 124.0, 126.0, 124.0, 122.0, 126.0, 131.0, 183.0, 188.0, 191.0, 196.0]"
19-18,Coogee,east,105,2015-04-30,0,15.0,4,2015,"[8.7, 8.6, 5.9, 5.8, 6.1, 6.2, 6.9, 7.0, 7.1, 7.7, 7.1, 7.1, 8.0, 8.6, 11.4, 13.0, 14.1, 14.9, 15.5, 14.5, 13.1, 12.4, 12.1, 10.4, 10.0, 11.6, 8.0, 8.4, 7.8, 8.7]","[163.0, 165.0, 166.0, 176.0, 180.0, 187.0, 186.0, 192.0, 204.0, 208.0, 204.0, 204.0, 198.0, 195.0, 193.0, 178.0, 167.0, 160.0, 152.0, 145.0, 148.0, 150.0, 143.0, 146.0, 150.0, 150.0, 172.0, 160.0, 158.0, 150.0]"
19-18,Coogee,east,105,2007-05-26,0,15.0,5,2007,"[3.9, 1.4, 1.8, 4.0, 6.4, 6.9, 6.5, 5.9, 5.4, 5.8, 6.2, 5.9, 5.2, 5.6, 4.7, 3.8, 2.4, 2.6, 3.8, 5.5, 6.9, 7.7, 6.1, 7.8, 7.6, 7.7, 7.4, 7.9, 7.5, 7.6]","[124.0, 180.0, 307.0, 297.0, 286.0, 279.0, 270.0, 259.0, 262.0, 266.0, 277.0, 281.0, 282.0, 285.0, 279.0, 287.0, 297.0, 344.0, 17.0, 32.0, 39.0, 37.0, 45.0, 56.0, 59.0, 53.0, 47.0, 30.0, 17.0, 355.0]"
19-18,Coogee,east,105,2010-08-22,0,15.0,8,2010,"[13.3, 14.1, 13.8, 14.8, 15.8, 16.0, 15.9, 15.1, 14.6, 13.9, 13.1, 12.4, 11.5, 11.7, 11.4, 10.4, 8.7, 5.8, 2.0, 5.2, 7.8, 9.6, 11.3, 11.4, 12.6, 12.3, 9.2, 9.2, 8.4, 8.9]","[272.0, 274.0, 277.0, 276.0, 270.0, 262.0, 257.0, 252.0, 250.0, 249.0, 249.0, 253.0, 256.0, 259.0, 259.0, 256.0, 246.0, 210.0, 135.0, 65.0, 56.0, 56.0, 53.0, 55.0, 53.0, 50.0, 42.0, 39.0, 25.0, 21.0]"
19-19,Coogee,east,105,2024-09-28,1,11.0,9,2024,"[14.4, 12.9, 10.3, 9.4, 9.2, 8.0, 7.8, 7.5, 7.4, 6.4, 6.3, 6.9, 6.5, 7.0, 5.1, 9.1, 12.3, 15.4, 15.9, 14.6, 13.8, 13.8, 13.6, 11.3, 9.2, 8.2, 4.5, 3.2, 4.5, 4.2]","[151.0, 150.0, 142.0, 142.0, 145.0, 142.0, 140.0, 136.0, 135.0, 142.0, 149.0, 150.0, 146.0, 138.0, 138.0, 120.0, 112.0, 104.0, 99.0, 99.0, 102.0, 103.0, 101.0, 98.0, 97.0, 99.0, 113.0, 180.0, 157.0, 126.0]"
19-19,Coogee,east,105,2024-09-25,0,11.0,9,2024,"[13.6, 14.1, 8.6, 9.2, 6.7, 6.3, 7.8, 7.4, 9.0, 9.6, 9.9, 11.1, 10.2, 9.5, 9.7, 7.8, 7.2, 10.3, 13.8, 14.1, 9.6, 8.5, 7.7, 9.3, 10.6, 11.8, 4.5, 3.7, 4.9, 7.3]","[44.0, 31.0, 15.0, 7.0, 346.0, 342.0, 338.0, 342.0, 329.0, 320.0, 325.0, 320.0, 306.0, 306.0, 320.0, 341.0, 342.0, 354.0, 348.0, 337.0, 323.0, 287.0, 259.0, 241.0, 230.0, 223.0, 304.0, 67.0, 66.0, 42.0]"
19-19,Coogee,east,105,2015-06-04,0,11.0,6,2015,"[2.9, 2.7, 5.6, 6.3, 6.1, 6.3, 6.6, 7.9, 8.1, 8.4, 8.7, 8.7, 8.0, 7.4, 7.9, 6.8, 5.8, 5.7, 5.9, 6.6, 7.6, 7.6, 5.8, 8.3, 9.5, 9.9, 7.9, 6.6, 6.0, 7.6]","[187.0, 203.0, 255.0, 246.0, 242.0, 239.0, 241.0, 246.0, 249.0, 250.0, 253.0, 253.0, 252.0, 256.0, 270.0, 273.0, 277.0, 288.0, 313.0, 338.0, 360.0, 8.0, 22.0, 34.0, 29.0, 10.0, 360.0, 338.0, 303.0, 273.0]"
19-19,Coogee,east,105,2014-09-26,0,11.0,9,2014,"[19.0, 18.0, 16.5, 16.7, 17.1, 16.5, 16.6, 16.6, 16.1, 15.2, 13.2, 12.2, 12.7, 13.4, 15.5, 16.6, 15.6, 13.5, 12.1, 13.2, 12.5, 11.5, 11.9, 13.1, 12.5, 12.6, 9.4, 8.0, 8.0, 8.4]","[190.0, 196.0, 203.0, 205.0, 205.0, 203.0, 204.0, 207.0, 209.0, 211.0, 209.0, 208.0, 209.0, 207.0, 193.0, 181.0, 173.0, 171.0, 157.0, 135.0, 129.0, 131.0, 125.0, 127.0, 136.0, 149.0, 162.0, 170.0, 172.0, 173.0]"
19-20,Coogee,east,105,2024-10-12,1,10.0,10,2024,"[10.9, 8.4, 2.9, 9.3, 16.6, 21.3, 24.5, 26.5, 26.8, 23.3, 24.0, 24.0, 24.3, 25.1, 23.4, 24.6, 25.1, 25.7, 24.8, 22.7, 21.1, 20.9, 21.1, 20.9, 18.7, 16.6, 14.0, 12.1, 9.7, 8.8]","[70.0, 67.0, 94.0, 164.0, 170.0, 177.0, 179.0, 180.0, 178.0, 176.0, 169.0, 165.0, 165.0, 166.0, 168.0, 169.0, 169.0, 170.0, 171.0, 170.0, 169.0, 165.0, 161.0, 161.0, 163.0, 163.0, 173.0, 175.0, 182.0, 191.0]"
19-20,Coogee,east,105,2026-06-03,0,10.0,6,2026,"[16.3, 16.2, 14.7, 15.3, 14.2, 14.8, 15.2, 14.2, 13.9, 14.4, 15.8, 16.8, 17.2, 17.7, 17.5, 16.7, 17.2, 19.1, 21.4, 22.2, 21.5, 19.3, 16.5, 16.2, 14.7, 14.1, 10.6, 9.5, 10.6, 11.4]","[344.0, 343.0, 352.0, 347.0, 324.0, 319.0, 320.0, 324.0, 330.0, 338.0, 346.0, 351.0, 355.0, 358.0, 350.0, 346.0, 335.0, 314.0, 302.0, 295.0, 293.0, 294.0, 301.0, 300.0, 305.0, 310.0, 313.0, 323.0, 328.0, 333.0]"
19-20,Coogee,east,105,2023-04-22,0,10.0,4,2023,"[8.8, 7.9, 6.8, 6.6, 6.5, 6.5, 7.2, 7.6, 8.7, 9.2, 9.4, 9.4, 10.0, 10.0, 8.7, 8.4, 8.9, 13.1, 14.0, 13.7, 12.5, 11.0, 9.4, 5.5, 6.0, 5.5, 1.9, 4.7, 5.9, 5.8]","[168.0, 177.0, 198.0, 202.0, 199.0, 199.0, 198.0, 199.0, 204.0, 211.0, 212.0, 212.0, 210.0, 210.0, 228.0, 220.0, 207.0, 171.0, 157.0, 150.0, 147.0, 142.0, 133.0, 122.0, 115.0, 113.0, 292.0, 270.0, 259.0, 248.0]"
19-20,Coogee,east,105,2019-02-08,0,10.0,2,2019,"[20.4, 17.8, 17.6, 13.8, 10.2, 5.5, 2.3, 2.6, 3.5, 3.7, 4.7, 4.6, 5.1, 4.4, 2.2, 5.2, 6.2, 6.2, 7.0, 8.4, 12.9, 14.1, 5.9, 9.5, 12.8, 3.8, 10.7, 1.0, 6.5, 13.6]","[49.0, 48.0, 46.0, 43.0, 39.0, 23.0, 39.0, 56.0, 24.0, 11.0, 351.0, 342.0, 352.0, 9.0, 360.0, 335.0, 353.0, 7.0, 12.0, 31.0, 60.0, 52.0, 11.0, 79.0, 74.0, 49.0, 168.0, 45.0, 341.0, 338.0]"
19-21,Coogee,east,105,2024-10-25,1,11.0,10,2024,"[14.2, 12.8, 12.6, 12.4, 11.5, 9.8, 8.9, 7.4, 6.9, 5.3, 4.4, 5.2, 7.3, 6.3, 8.5, 9.6, 7.3, 5.7, 9.1, 15.2, 22.2, 25.8, 24.2, 22.9, 20.5, 19.7, 17.4, 15.5, 15.7, 15.9]","[148.0, 149.0, 178.0, 178.0, 182.0, 193.0, 201.0, 214.0, 223.0, 225.0, 240.0, 250.0, 259.0, 265.0, 275.0, 267.0, 254.0, 217.0, 172.0, 163.0, 152.0, 150.0, 152.0, 156.0, 162.0, 168.0, 169.0, 178.0, 186.0, 189.0]"
19-21,Coogee,east,105,2021-08-13,0,11.0,8,2021,"[5.7, 6.1, 3.6, 4.7, 8.3, 9.6, 9.2, 9.5, 8.8, 8.1, 7.6, 7.6, 7.6, 8.0, 9.0, 8.7, 9.4, 9.3, 8.1, 7.1, 6.4, 5.1, 1.8, 3.1, 4.7, 5.6, 6.0, 7.9, 10.0, 11.3]","[125.0, 135.0, 233.0, 238.0, 236.0, 236.0, 239.0, 245.0, 251.0, 257.0, 262.0, 265.0, 265.0, 265.0, 265.0, 265.0, 268.0, 283.0, 302.0, 311.0, 308.0, 309.0, 307.0, 45.0, 32.0, 345.0, 287.0, 270.0, 257.0, 248.0]"
19-21,Coogee,east,105,2006-06-10,0,11.0,6,2006,"[5.2, 5.3, 6.6, 5.2, 4.0, 3.6, 2.5, 1.5, 1.1, 2.9, 3.6, 4.1, 3.6, 3.3, 3.0, 1.1, 1.6, 1.4, 2.9, 3.4, 3.1, 3.1, 3.6, 4.2, 7.6, 6.6, 5.3, 6.7, 4.3, 6.0]","[164.0, 152.0, 171.0, 155.0, 153.0, 135.0, 90.0, 346.0, 252.0, 210.0, 225.0, 232.0, 225.0, 174.0, 166.0, 90.0, 63.0, 90.0, 97.0, 32.0, 21.0, 69.0, 90.0, 70.0, 3.0, 338.0, 298.0, 286.0, 270.0, 287.0]"
19-21,Coogee,east,105,2025-04-28,0,11.0,4,2025,"[18.4, 19.3, 22.1, 20.9, 22.5, 24.0, 24.1, 21.5, 20.8, 21.9, 23.3, 23.4, 23.2, 22.0, 20.4, 19.5, 21.4, 21.0, 20.2, 20.0, 19.6, 17.8, 14.4, 12.3, 10.5, 10.0, 7.3, 7.7, 7.3, 6.6]","[178.0, 183.0, 189.0, 197.0, 200.0, 196.0, 192.0, 192.0, 192.0, 192.0, 195.0, 199.0, 199.0, 195.0, 198.0, 198.0, 195.0, 194.0, 196.0, 194.0, 190.0, 186.0, 184.0, 186.0, 199.0, 210.0, 240.0, 234.0, 228.0, 225.0]"
19-22,Coogee,east,105,2024-10-30,1,12.0,10,2024,"[12.8, 9.5, 5.9, 5.2, 4.2, 4.2, 4.1, 3.2, 2.9, 2.6, 2.9, 4.8, 6.8, 10.1, 11.7, 11.0, 11.1, 11.3, 11.5, 12.7, 14.9, 17.5, 19.5, 18.5, 15.4, 12.6, 5.1, 3.8, 4.1, 4.2]","[112.0, 123.0, 142.0, 146.0, 144.0, 144.0, 135.0, 133.0, 112.0, 74.0, 43.0, 13.0, 360.0, 358.0, 351.0, 354.0, 7.0, 9.0, 17.0, 31.0, 42.0, 49.0, 52.0, 49.0, 43.0, 38.0, 45.0, 98.0, 128.0, 162.0]"
19-22,Coogee,east,105,2025-11-12,0,12.0,11,2025,"[25.8, 24.5, 18.7, 15.2, 14.6, 13.3, 12.5, 10.9, 9.4, 7.9, 7.3, 8.0, 10.3, 12.7, 9.7, 6.8, 4.5, 2.7, 1.1, 4.0, 8.7, 14.1, 17.6, 19.0, 16.7, 13.2, 6.9, 7.9, 8.5, 9.2]","[242.0, 219.0, 193.0, 194.0, 198.0, 201.0, 207.0, 216.0, 232.0, 246.0, 254.0, 262.0, 259.0, 243.0, 241.0, 238.0, 241.0, 266.0, 360.0, 63.0, 76.0, 79.0, 76.0, 73.0, 65.0, 51.0, 31.0, 12.0, 2.0, 356.0]"
19-22,Coogee,east,105,2023-03-18,0,12.0,3,2023,"[11.5, 9.7, 5.6, 6.6, 8.3, 9.0, 8.4, 7.4, 7.4, 7.4, 5.4, 3.7, 3.0, 5.1, 4.3, 7.2, 8.0, 8.9, 9.8, 10.8, 13.2, 15.7, 17.2, 15.8, 13.0, 10.6, 6.2, 5.6, 5.7, 6.3]","[76.0, 59.0, 45.0, 29.0, 18.0, 2.0, 353.0, 346.0, 337.0, 337.0, 340.0, 349.0, 14.0, 8.0, 360.0, 3.0, 8.0, 14.0, 24.0, 37.0, 45.0, 53.0, 57.0, 55.0, 48.0, 35.0, 21.0, 27.0, 18.0, 13.0]"
19-22,Coogee,east,105,2018-12-02,0,12.0,12,2018,"[14.7, 12.2, 9.8, 7.9, 8.4, 7.2, 5.4, 3.6, 5.4, 7.0, 6.9, 8.2, 10.0, 12.0, 16.3, 18.1, 24.0, 30.4, 31.9, 30.0, 27.8, 26.6, 22.6, 22.1, 22.1, 21.6, 22.5, 17.8, 13.7, 10.8]","[62.0, 56.0, 36.0, 39.0, 43.0, 27.0, 8.0, 360.0, 356.0, 348.0, 332.0, 331.0, 330.0, 339.0, 346.0, 337.0, 313.0, 301.0, 294.0, 286.0, 275.0, 261.0, 236.0, 199.0, 173.0, 165.0, 160.0, 159.0, 157.0, 154.0]"
19-23,Coogee,east,105,2024-11-01,1,16.0,11,2024,"[14.3, 13.4, 7.6, 10.1, 11.9, 11.5, 12.1, 14.0, 13.4, 11.7, 9.8, 7.6, 8.4, 9.9, 9.2, 7.8, 7.2, 8.0, 9.8, 11.8, 15.1, 17.7, 18.4, 17.7, 16.6, 17.6, 14.9, 17.1, 17.5, 17.2]","[152.0, 148.0, 153.0, 156.0, 157.0, 166.0, 170.0, 171.0, 166.0, 162.0, 157.0, 161.0, 164.0, 158.0, 141.0, 134.0, 125.0, 121.0, 116.0, 115.0, 118.0, 120.0, 123.0, 123.0, 129.0, 137.0, 148.0, 154.0, 158.0, 160.0]"
19-23,Coogee,east,105,2014-07-14,0,16.0,7,2014,"[9.0, 9.2, 7.7, 7.4, 7.7, 8.0, 9.4, 10.0, 9.2, 9.0, 10.1, 11.5, 12.0, 12.0, 12.0, 9.8, 7.8, 7.1, 8.7, 10.6, 12.3, 12.4, 10.6, 8.1, 6.8, 6.0, 3.4, 3.3, 1.6, 1.8]","[209.0, 206.0, 233.0, 241.0, 233.0, 207.0, 203.0, 206.0, 219.0, 233.0, 243.0, 250.0, 254.0, 254.0, 261.0, 253.0, 236.0, 210.0, 175.0, 162.0, 159.0, 158.0, 156.0, 159.0, 162.0, 163.0, 162.0, 186.0, 243.0, 270.0]"
19-23,Coogee,east,105,2016-09-13,0,16.0,9,2016,"[9.1, 5.8, 5.6, 5.4, 6.5, 6.8, 8.3, 11.6, 11.9, 12.0, 11.7, 11.6, 10.4, 9.7, 12.2, 13.1, 14.7, 14.2, 12.3, 10.3, 9.0, 9.2, 7.2, 4.8, 5.2, 5.2, 3.7, 1.5, 3.4, 5.1]","[83.0, 86.0, 153.0, 188.0, 186.0, 180.0, 198.0, 196.0, 175.0, 171.0, 169.0, 164.0, 166.0, 178.0, 180.0, 172.0, 158.0, 156.0, 159.0, 168.0, 185.0, 191.0, 186.0, 167.0, 146.0, 155.0, 169.0, 284.0, 342.0, 4.0]"
19-23,Coogee,east,105,2006-02-18,0,16.0,2,2006,"[13.5, 12.7, 12.7, 11.6, 10.2, 9.0, 7.6, 6.8, 6.2, 5.1, 4.3, 4.2, 3.8, 3.7, 4.1, 4.0, 3.0, 2.6, 5.7, 8.9, 12.5, 12.0, 3.4, 9.5, 10.6, 4.7, 8.3, 6.8, 7.0, 5.9]","[56.0, 47.0, 35.0, 22.0, 8.0, 358.0, 357.0, 3.0, 7.0, 352.0, 336.0, 329.0, 311.0, 299.0, 315.0, 333.0, 346.0, 34.0, 55.0, 63.0, 72.0, 74.0, 18.0, 65.0, 62.0, 99.0, 182.0, 148.0, 111.0, 101.0]"
19-24,Coogee,east,105,2024-11-17,1,13.0,11,2024,"[22.4, 20.6, 17.1, 17.0, 16.0, 15.4, 14.5, 12.8, 11.9, 11.9, 10.0, 10.6, 14.6, 17.1, 12.4, 15.5, 18.3, 20.8, 24.2, 25.2, 22.2, 20.1, 22.7, 20.4, 11.9, 3.6, 5.2, 13.7, 12.6, 14.0]","[48.0, 46.0, 39.0, 36.0, 31.0, 29.0, 30.0, 29.0, 25.0, 22.0, 17.0, 24.0, 20.0, 12.0, 14.0, 25.0, 25.0, 27.0, 30.0, 30.0, 26.0, 33.0, 46.0, 50.0, 25.0, 297.0, 356.0, 34.0, 2.0, 348.0]"
19-24,Coogee,east,105,2013-11-21,0,13.0,11,2013,"[12.4, 10.1, 8.1, 7.7, 8.1, 8.1, 7.9, 7.1, 6.2, 6.2, 6.9, 6.3, 5.8, 11.0, 15.4, 15.1, 16.3, 18.3, 19.9, 20.7, 19.5, 18.2, 19.0, 19.0, 17.6, 15.3, 15.6, 13.6, 16.1, 16.4]","[60.0, 55.0, 45.0, 37.0, 32.0, 32.0, 39.0, 45.0, 54.0, 54.0, 43.0, 24.0, 4.0, 19.0, 21.0, 28.0, 41.0, 47.0, 49.0, 50.0, 51.0, 56.0, 61.0, 61.0, 55.0, 45.0, 52.0, 40.0, 50.0, 38.0]"
19-24,Coogee,east,105,2012-09-12,0,13.0,9,2012,"[11.5, 10.0, 6.9, 6.8, 6.4, 6.0, 5.6, 5.0, 4.8, 5.0, 5.0, 5.3, 5.4, 5.8, 5.1, 4.6, 7.6, 11.8, 14.5, 14.8, 14.5, 15.3, 16.6, 16.1, 16.1, 14.0, 11.8, 10.2, 9.8, 9.7]","[148.0, 159.0, 189.0, 205.0, 207.0, 213.0, 225.0, 240.0, 243.0, 240.0, 240.0, 242.0, 250.0, 263.0, 274.0, 315.0, 3.0, 23.0, 27.0, 26.0, 30.0, 41.0, 49.0, 51.0, 42.0, 26.0, 12.0, 8.0, 6.0, 360.0]"
19-24,Coogee,east,105,2022-12-08,0,13.0,12,2022,"[14.1, 15.4, 9.9, 9.8, 10.0, 10.7, 16.1, 19.3, 18.4, 15.0, 12.9, 14.1, 16.1, 17.6, 14.7, 11.7, 10.3, 10.8, 14.3, 17.1, 15.3, 13.9, 16.7, 18.2, 17.3, 13.9, 7.4, 5.3, 5.4, 6.7]","[302.0, 312.0, 315.0, 319.0, 309.0, 295.0, 276.0, 274.0, 273.0, 266.0, 247.0, 236.0, 235.0, 223.0, 211.0, 185.0, 176.0, 165.0, 153.0, 152.0, 148.0, 150.0, 145.0, 141.0, 144.0, 150.0, 158.0, 168.0, 195.0, 216.0]"
19-25,Coogee,east,105,2024-11-21,1,13.0,11,2024,"[15.9, 14.7, 10.9, 9.1, 8.0, 7.3, 6.5, 6.5, 6.0, 5.6, 4.7, 4.1, 4.0, 4.0, 3.3, 7.2, 10.1, 12.8, 14.7, 16.6, 17.6, 18.5, 19.1, 19.8, 18.8, 17.1, 13.3, 11.2, 9.6, 8.9]","[63.0, 57.0, 56.0, 54.0, 56.0, 59.0, 62.0, 60.0, 46.0, 17.0, 344.0, 308.0, 300.0, 333.0, 338.0, 28.0, 43.0, 50.0, 51.0, 53.0, 55.0, 56.0, 55.0, 55.0, 54.0, 50.0, 49.0, 42.0, 30.0, 18.0]"
19-25,Coogee,east,105,2014-09-30,0,13.0,9,2014,"[9.4, 8.6, 8.6, 9.2, 8.8, 6.3, 3.6, 4.8, 7.4, 6.9, 7.1, 7.5, 7.1, 9.5, 8.2, 10.5, 13.7, 18.8, 21.4, 21.7, 19.9, 23.3, 18.4, 20.1, 15.6, 14.0, 13.8, 11.8, 10.4, 8.4]","[293.0, 270.0, 237.0, 206.0, 192.0, 193.0, 233.0, 297.0, 317.0, 317.0, 311.0, 305.0, 311.0, 323.0, 331.0, 329.0, 337.0, 334.0, 327.0, 324.0, 325.0, 309.0, 301.0, 303.0, 322.0, 334.0, 327.0, 322.0, 314.0, 310.0]"
19-25,Coogee,east,105,2025-04-01,0,13.0,4,2025,"[24.8, 24.3, 19.9, 18.7, 20.3, 21.3, 21.0, 20.3, 20.4, 20.2, 19.7, 19.6, 21.1, 22.2, 19.5, 24.6, 24.7, 25.4, 25.5, 24.6, 24.7, 23.9, 22.0, 19.4, 17.8, 18.0, 15.7, 15.2, 15.3, 14.9]","[201.0, 202.0, 205.0, 215.0, 215.0, 212.0, 210.0, 210.0, 209.0, 208.0, 207.0, 207.0, 209.0, 209.0, 213.0, 205.0, 202.0, 197.0, 194.0, 193.0, 188.0, 186.0, 188.0, 188.0, 188.0, 189.0, 195.0, 194.0, 197.0, 197.0]"
19-25,Coogee,east,105,2026-02-11,0,13.0,2,2026,"[11.3, 9.1, 4.8, 4.5, 6.1, 5.1, 4.0, 3.5, 3.9, 3.9, 3.2, 2.6, 3.2, 5.9, 7.6, 9.6, 9.9, 10.9, 10.5, 9.0, 9.5, 12.0, 13.8, 15.6, 15.7, 14.6, 11.9, 11.4, 11.9, 12.3]","[82.0, 76.0, 59.0, 92.0, 93.0, 80.0, 69.0, 51.0, 13.0, 332.0, 297.0, 282.0, 317.0, 342.0, 341.0, 334.0, 339.0, 351.0, 343.0, 340.0, 10.0, 26.0, 35.0, 40.0, 37.0, 27.0, 31.0, 15.0, 11.0, 3.0]"
19-26,Coogee,east,105,2024-11-25,1,8.0,11,2024,"[15.5, 14.2, 12.0, 11.6, 10.6, 9.6, 7.8, 6.9, 6.9, 6.5, 6.0, 5.6, 6.9, 7.8, 4.0, 7.5, 8.9, 10.5, 13.5, 16.9, 19.6, 21.1, 21.3, 21.1, 18.9, 16.2, 11.4, 10.6, 10.5, 10.6]","[63.0, 58.0, 50.0, 48.0, 46.0, 43.0, 44.0, 47.0, 51.0, 48.0, 41.0, 33.0, 31.0, 40.0, 63.0, 63.0, 52.0, 52.0, 56.0, 57.0, 57.0, 56.0, 55.0, 54.0, 52.0, 48.0, 35.0, 35.0, 33.0, 34.0]"
19-26,Coogee,east,105,2024-10-20,0,8.0,10,2024,"[4.2, 6.2, 5.3, 4.3, 3.4, 3.0, 4.0, 6.4, 8.8, 10.5, 11.4, 12.8, 14.6, 16.4, 13.7, 13.4, 14.7, 16.6, 18.9, 21.1, 21.9, 21.7, 21.3, 22.7, 24.2, 24.5, 21.1, 21.5, 21.9, 22.7]","[149.0, 147.0, 170.0, 165.0, 155.0, 155.0, 162.0, 158.0, 161.0, 168.0, 175.0, 176.0, 176.0, 175.0, 179.0, 176.0, 172.0, 167.0, 162.0, 160.0, 163.0, 165.0, 162.0, 165.0, 171.0, 177.0, 180.0, 186.0, 191.0, 193.0]"
19-26,Coogee,east,105,2015-05-26,0,8.0,5,2015,"[5.8, 6.8, 7.0, 5.8, 7.0, 8.9, 8.8, 8.9, 9.7, 9.7, 9.2, 8.7, 8.2, 8.3, 10.8, 8.9, 7.2, 6.8, 5.3, 4.7, 4.6, 4.2, 2.8, 2.8, 3.0, 1.1, 6.9, 5.9, 4.7, 3.7]","[30.0, 360.0, 291.0, 270.0, 249.0, 238.0, 235.0, 230.0, 225.0, 222.0, 225.0, 228.0, 232.0, 236.0, 255.0, 256.0, 252.0, 238.0, 208.0, 180.0, 162.0, 149.0, 140.0, 130.0, 104.0, 90.0, 276.0, 256.0, 247.0, 259.0]"
19-26,Coogee,east,105,2018-01-29,0,8.0,1,2018,"[18.5, 16.4, 13.3, 10.8, 8.7, 7.0, 6.3, 6.4, 7.9, 7.9, 7.1, 6.4, 6.5, 9.6, 12.0, 14.3, 15.6, 16.7, 18.1, 18.5, 18.9, 19.3, 20.3, 20.8, 19.7, 16.7, 14.5, 12.5, 11.3, 9.8]","[61.0, 61.0, 57.0, 53.0, 52.0, 55.0, 59.0, 63.0, 60.0, 51.0, 45.0, 38.0, 34.0, 34.0, 46.0, 47.0, 50.0, 53.0, 55.0, 57.0, 59.0, 61.0, 63.0, 62.0, 62.0, 57.0, 48.0, 39.0, 27.0, 17.0]"
19-27,Coogee,east,105,2025-01-04,1,,1,2025,"[19.8, 19.2, 15.8, 15.0, 13.9, 12.4, 10.8, 9.3, 9.4, 9.6, 8.5, 8.1, 8.9, 11.7, 8.7, 10.0, 12.2, 14.3, 16.2, 18.1, 19.8, 21.0, 17.9, 16.8, 18.3, 18.6, 15.8, 14.0, 12.0, 10.5]","[57.0, 53.0, 49.0, 46.0, 39.0, 31.0, 21.0, 15.0, 13.0, 12.0, 7.0, 5.0, 6.0, 10.0, 6.0, 21.0, 31.0, 39.0, 44.0, 47.0, 51.0, 53.0, 45.0, 42.0, 44.0, 43.0, 40.0, 32.0, 16.0, 12.0]"
19-27,Coogee,east,105,2022-10-19,0,,10,2022,"[8.9, 6.2, 5.6, 5.3, 4.0, 3.6, 1.0, 4.6, 5.0, 4.4, 3.7, 4.2, 6.4, 5.7, 4.2, 3.6, 1.1, 2.5, 7.5, 12.0, 14.8, 14.1, 12.3, 10.1, 8.3, 8.4, 7.2, 7.5, 8.1, 9.1]","[50.0, 41.0, 42.0, 52.0, 10.0, 41.0, 338.0, 219.0, 218.0, 218.0, 256.0, 265.0, 262.0, 257.0, 277.0, 267.0, 252.0, 86.0, 105.0, 116.0, 124.0, 132.0, 142.0, 155.0, 167.0, 160.0, 148.0, 153.0, 167.0, 172.0]"
19-27,Coogee,east,105,2022-07-04,0,,7,2022,"[30.5, 28.0, 25.7, 27.4, 27.7, 28.4, 28.0, 27.7, 27.4, 27.4, 27.3, 27.6, 26.9, 29.6, 26.4, 27.7, 30.4, 29.2, 27.9, 25.0, 24.9, 26.0, 24.1, 26.0, 26.8, 30.6, 34.5, 32.0, 29.9, 30.0]","[150.0, 160.0, 150.0, 149.0, 155.0, 155.0, 159.0, 163.0, 166.0, 168.0, 167.0, 168.0, 166.0, 168.0, 171.0, 183.0, 180.0, 172.0, 163.0, 157.0, 156.0, 162.0, 167.0, 172.0, 171.0, 167.0, 165.0, 170.0, 173.0, 171.0]"
19-27,Coogee,east,105,2018-04-03,0,,4,2018,"[15.6, 20.3, 21.6, 16.5, 15.5, 18.6, 20.0, 19.2, 18.4, 17.4, 15.6, 14.0, 13.4, 13.4, 11.5, 10.4, 10.8, 10.3, 9.5, 9.7, 10.2, 10.5, 11.2, 12.6, 12.6, 11.4, 7.2, 5.6, 5.8, 5.7]","[161.0, 168.0, 169.0, 164.0, 167.0, 171.0, 172.0, 174.0, 174.0, 173.0, 165.0, 157.0, 149.0, 144.0, 129.0, 124.0, 111.0, 115.0, 127.0, 132.0, 132.0, 131.0, 130.0, 127.0, 121.0, 118.0, 127.0, 140.0, 150.0, 162.0]"
19-28,Coogee,east,105,2025-01-27,1,0.0,1,2025,"[15.5, 13.5, 9.4, 7.8, 9.1, 11.8, 12.2, 11.9, 12.0, 12.1, 12.1, 12.0, 12.6, 16.1, 10.8, 10.7, 11.3, 14.6, 12.7, 14.3, 15.8, 16.4, 14.9, 14.7, 12.4, 7.2, 8.7, 12.3, 12.1, 11.0]","[93.0, 94.0, 89.0, 85.0, 69.0, 54.0, 44.0, 42.0, 41.0, 41.0, 38.0, 32.0, 24.0, 18.0, 11.0, 17.0, 14.0, 346.0, 6.0, 23.0, 38.0, 46.0, 55.0, 57.0, 57.0, 65.0, 72.0, 31.0, 11.0, 360.0]"
19-28,Coogee,east,105,2023-12-27,0,0.0,12,2023,"[17.2, 10.0, 2.5, 4.7, 4.2, 7.6, 2.9, 3.1, 5.7, 12.0, 13.1, 10.7, 11.6, 12.3, 10.5, 9.2, 5.2, 5.2, 7.0, 7.2, 6.6, 4.7, 6.1, 10.7, 7.6, 5.9, 2.6, 1.9, 1.8, 4.2]","[64.0, 60.0, 45.0, 58.0, 301.0, 265.0, 263.0, 111.0, 215.0, 196.0, 188.0, 200.0, 202.0, 195.0, 184.0, 169.0, 164.0, 155.0, 168.0, 177.0, 209.0, 212.0, 320.0, 315.0, 278.0, 256.0, 146.0, 112.0, 53.0, 20.0]"
19-28,Coogee,east,105,2019-07-15,0,0.0,7,2019,"[11.5, 13.0, 11.7, 8.8, 11.2, 14.5, 17.5, 15.7, 13.4, 15.8, 22.4, 25.8, 26.2, 27.0, 18.2, 15.3, 17.9, 21.2, 20.0, 17.8, 17.0, 15.6, 13.1, 13.4, 14.8, 15.6, 12.6, 14.4, 15.8, 16.3]","[302.0, 316.0, 313.0, 325.0, 345.0, 354.0, 351.0, 344.0, 336.0, 291.0, 266.0, 258.0, 254.0, 251.0, 252.0, 255.0, 248.0, 228.0, 219.0, 223.0, 234.0, 247.0, 261.0, 265.0, 266.0, 263.0, 268.0, 270.0, 269.0, 264.0]"
19-28,Coogee,east,105,2026-04-04,0,0.0,4,2026,"[18.9, 17.2, 14.1, 13.0, 12.4, 11.6, 11.3, 11.2, 11.6, 14.8, 16.9, 20.3, 21.6, 21.2, 16.9, 19.5, 20.4, 21.4, 21.5, 20.4, 19.6, 18.7, 17.8, 16.4, 15.6, 15.0, 14.2, 14.3, 13.6, 12.6]","[164.0, 162.0, 159.0, 163.0, 170.0, 175.0, 182.0, 185.0, 187.0, 182.0, 181.0, 179.0, 178.0, 175.0, 181.0, 183.0, 183.0, 177.0, 174.0, 174.0, 178.0, 183.0, 182.0, 177.0, 169.0, 159.0, 168.0, 160.0, 152.0, 149.0]"
19-29,Coogee,east,105,2025-02-01,1,,2,2025,"[12.5, 10.6, 9.1, 9.3, 9.3, 9.0, 7.7, 7.5, 7.2, 7.0, 6.9, 7.1, 8.7, 10.1, 10.5, 11.2, 11.6, 12.6, 13.9, 14.6, 15.1, 15.3, 15.0, 14.8, 13.4, 11.4, 8.7, 7.2, 5.8, 5.9]","[143.0, 146.0, 155.0, 162.0, 167.0, 168.0, 171.0, 170.0, 167.0, 170.0, 173.0, 173.0, 172.0, 163.0, 153.0, 136.0, 125.0, 116.0, 109.0, 103.0, 99.0, 91.0, 86.0, 81.0, 78.0, 75.0, 72.0, 65.0, 64.0, 70.0]"
19-29,Coogee,east,105,2010-12-12,0,,12,2010,"[13.3, 11.3, 7.7, 5.5, 1.1, 4.9, 5.2, 6.1, 6.8, 6.9, 6.9, 8.2, 10.2, 9.2, 6.9, 7.2, 15.2, 15.2, 16.2, 13.9, 11.6, 10.5, 7.1, 4.4, 0.8, 1.1, 1.0, 7.7, 12.1, 16.5]","[57.0, 59.0, 62.0, 58.0, 18.0, 253.0, 258.0, 273.0, 288.0, 298.0, 313.0, 319.0, 318.0, 318.0, 313.0, 307.0, 277.0, 277.0, 282.0, 287.0, 292.0, 297.0, 311.0, 325.0, 27.0, 90.0, 225.0, 217.0, 210.0, 200.0]"
19-29,Coogee,east,105,2016-12-14,0,,12,2016,"[10.1, 9.0, 10.4, 10.7, 10.4, 10.1, 10.9, 11.6, 12.4, 14.0, 15.7, 17.1, 19.6, 20.7, 20.8, 21.1, 24.1, 26.8, 24.7, 23.0, 17.6, 13.9, 14.8, 14.8, 14.3, 16.3, 18.7, 17.3, 13.3, 12.3]","[2.0, 355.0, 360.0, 348.0, 340.0, 333.0, 326.0, 324.0, 324.0, 325.0, 323.0, 319.0, 317.0, 321.0, 326.0, 323.0, 308.0, 292.0, 283.0, 270.0, 270.0, 260.0, 223.0, 184.0, 170.0, 155.0, 140.0, 132.0, 131.0, 140.0]"
19-29,Coogee,east,105,2010-12-03,0,,12,2010,"[15.8, 15.7, 14.5, 15.1, 14.6, 14.3, 14.8, 14.3, 13.5, 12.2, 10.0, 8.2, 7.5, 11.3, 9.4, 8.6, 10.0, 8.4, 10.7, 14.6, 18.7, 20.1, 17.9, 16.7, 14.9, 15.1, 14.3, 13.7, 13.2, 11.8]","[60.0, 58.0, 55.0, 57.0, 50.0, 47.0, 45.0, 43.0, 42.0, 43.0, 41.0, 41.0, 35.0, 22.0, 32.0, 33.0, 41.0, 50.0, 78.0, 81.0, 74.0, 63.0, 60.0, 57.0, 53.0, 50.0, 47.0, 45.0, 45.0, 40.0]"
19-30,Coogee,east,105,2025-02-04,1,6.0,2,2025,"[20.4, 18.5, 12.8, 11.8, 11.4, 10.5, 9.5, 8.7, 7.9, 6.9, 6.4, 4.7, 4.1, 3.9, 8.7, 10.0, 9.8, 9.9, 10.7, 11.1, 12.2, 15.3, 18.0, 17.7, 16.2, 14.8, 12.8, 11.0, 8.3, 8.3]","[54.0, 50.0, 42.0, 38.0, 35.0, 31.0, 22.0, 13.0, 360.0, 343.0, 335.0, 328.0, 322.0, 336.0, 17.0, 17.0, 23.0, 32.0, 37.0, 42.0, 47.0, 51.0, 48.0, 44.0, 41.0, 36.0, 24.0, 11.0, 6.0, 18.0]"
19-30,Coogee,east,105,2012-02-14,0,6.0,2,2012,"[7.2, 5.1, 5.7, 4.0, 5.9, 5.4, 4.4, 5.7, 10.1, 10.1, 10.1, 8.8, 8.8, 9.1, 9.9, 11.2, 11.0, 11.4, 12.1, 12.7, 14.2, 13.6, 14.0, 13.3, 12.0, 10.2, 8.2, 7.0, 5.7, 4.8]","[174.0, 184.0, 125.0, 95.0, 76.0, 90.0, 99.0, 215.0, 215.0, 207.0, 197.0, 192.0, 192.0, 187.0, 161.0, 140.0, 131.0, 125.0, 120.0, 119.0, 114.0, 112.0, 108.0, 109.0, 106.0, 108.0, 113.0, 111.0, 108.0, 117.0]"
19-30,Coogee,east,105,2015-10-12,0,6.0,10,2015,"[8.1, 7.4, 6.9, 11.4, 10.2, 7.7, 8.2, 7.9, 7.0, 6.6, 7.1, 6.6, 8.2, 7.9, 6.5, 5.4, 4.8, 4.7, 5.1, 4.1, 1.6, 6.4, 5.5, 5.3, 6.3, 3.1, 19.5, 24.5, 21.4, 18.6]","[328.0, 299.0, 309.0, 298.0, 302.0, 307.0, 299.0, 300.0, 305.0, 311.0, 315.0, 311.0, 308.0, 309.0, 304.0, 307.0, 318.0, 328.0, 315.0, 315.0, 117.0, 52.0, 58.0, 118.0, 66.0, 54.0, 168.0, 166.0, 167.0, 171.0]"
19-30,Coogee,east,105,2016-11-23,0,6.0,11,2016,"[17.8, 15.2, 17.1, 9.2, 4.3, 6.6, 7.7, 6.6, 5.6, 4.6, 4.5, 0.8, 1.0, 3.3, 1.5, 5.2, 7.6, 4.0, 8.1, 16.2, 22.2, 20.1, 17.9, 15.8, 14.0, 14.5, 8.1, 8.8, 13.1, 15.9]","[43.0, 36.0, 35.0, 42.0, 114.0, 139.0, 139.0, 135.0, 140.0, 135.0, 119.0, 117.0, 315.0, 6.0, 315.0, 12.0, 19.0, 27.0, 159.0, 181.0, 163.0, 170.0, 152.0, 145.0, 162.0, 174.0, 193.0, 189.0, 201.0, 208.0]"
19-31,Coogee,east,105,2025-03-01,1,18.0,3,2025,"[8.4, 6.2, 13.2, 19.2, 19.3, 17.9, 16.4, 15.4, 14.6, 14.2, 12.5, 10.8, 8.8, 7.5, 3.8, 4.1, 5.2, 6.6, 8.6, 10.7, 13.0, 15.0, 16.0, 15.7, 13.7, 12.0, 6.0, 5.5, 5.2, 6.1]","[67.0, 139.0, 166.0, 170.0, 177.0, 185.0, 188.0, 186.0, 183.0, 181.0, 185.0, 191.0, 200.0, 204.0, 275.0, 337.0, 2.0, 26.0, 37.0, 49.0, 56.0, 58.0, 60.0, 58.0, 56.0, 53.0, 57.0, 49.0, 46.0, 47.0]"
19-31,Coogee,east,105,2006-08-26,0,18.0,8,2006,"[26.1, 25.6, 22.4, 21.3, 19.9, 19.3, 18.8, 17.4, 16.5, 15.8, 15.0, 15.5, 15.0, 14.8, 13.5, 17.7, 18.5, 16.9, 16.7, 15.8, 15.1, 14.6, 13.7, 11.4, 9.7, 9.4, 7.9, 6.5, 5.1, 5.1]","[186.0, 184.0, 199.0, 199.0, 200.0, 201.0, 200.0, 202.0, 203.0, 204.0, 207.0, 208.0, 207.0, 209.0, 214.0, 197.0, 187.0, 180.0, 173.0, 168.0, 162.0, 160.0, 157.0, 156.0, 158.0, 157.0, 156.0, 177.0, 184.0, 184.0]"
19-31,Coogee,east,105,2014-09-21,0,18.0,9,2014,"[11.9, 9.6, 7.4, 6.9, 7.7, 8.2, 9.0, 8.5, 8.0, 7.4, 7.7, 8.7, 8.8, 9.7, 10.0, 12.0, 10.9, 9.0, 5.5, 4.0, 5.4, 9.0, 13.8, 14.0, 10.8, 8.7, 5.7, 4.3, 4.9, 6.0]","[155.0, 167.0, 194.0, 208.0, 208.0, 203.0, 203.0, 208.0, 216.0, 223.0, 229.0, 232.0, 235.0, 231.0, 218.0, 189.0, 174.0, 164.0, 157.0, 153.0, 138.0, 119.0, 110.0, 113.0, 120.0, 132.0, 145.0, 180.0, 197.0, 197.0]"
19-31,Coogee,east,105,2013-07-16,0,18.0,7,2013,"[6.4, 7.2, 6.3, 6.8, 5.9, 4.7, 5.4, 5.2, 5.5, 6.0, 5.2, 4.7, 5.9, 5.1, 2.6, 3.1, 4.1, 5.1, 5.9, 5.7, 3.1, 1.8, 0.8, 4.0, 5.4, 5.1, 5.1, 5.4, 5.4, 5.1]","[27.0, 18.0, 336.0, 342.0, 322.0, 328.0, 323.0, 326.0, 328.0, 327.0, 326.0, 328.0, 317.0, 321.0, 304.0, 324.0, 322.0, 321.0, 308.0, 305.0, 306.0, 307.0, 153.0, 63.0, 42.0, 352.0, 321.0, 312.0, 318.0, 321.0]"
19-32,Coogee,east,105,2025-03-02,1,17.0,3,2025,"[13.7, 12.0, 6.0, 5.5, 5.2, 6.1, 7.5, 8.3, 7.6, 4.4, 3.1, 3.5, 5.5, 7.3, 11.4, 12.5, 13.0, 14.5, 16.2, 18.4, 20.8, 23.1, 24.3, 23.9, 23.0, 22.5, 20.2, 20.9, 21.6, 21.8]","[56.0, 53.0, 57.0, 49.0, 46.0, 47.0, 48.0, 42.0, 38.0, 38.0, 90.0, 145.0, 153.0, 144.0, 156.0, 162.0, 163.0, 169.0, 165.0, 156.0, 153.0, 157.0, 164.0, 170.0, 174.0, 177.0, 185.0, 184.0, 181.0, 179.0]"
19-32,Coogee,east,105,2021-01-04,0,17.0,1,2021,"[10.0, 6.3, 9.4, 7.7, 6.3, 4.7, 6.0, 6.2, 5.2, 4.3, 4.1, 3.2, 2.5, 2.6, 3.4, 3.9, 6.6, 7.3, 8.1, 8.3, 5.6, 10.2, 8.2, 9.7, 10.6, 8.4, 6.1, 3.8, 2.5, 2.3]","[41.0, 24.0, 50.0, 28.0, 13.0, 23.0, 25.0, 10.0, 16.0, 42.0, 45.0, 27.0, 360.0, 344.0, 302.0, 34.0, 45.0, 33.0, 13.0, 355.0, 333.0, 302.0, 345.0, 27.0, 24.0, 353.0, 315.0, 343.0, 8.0, 162.0]"
19-32,Coogee,east,105,2021-04-01,0,17.0,4,2021,"[11.6, 11.7, 10.0, 9.8, 9.1, 8.4, 8.1, 7.8, 6.3, 6.4, 7.4, 7.4, 7.2, 8.0, 7.0, 6.3, 5.4, 4.0, 4.7, 5.4, 5.5, 5.8, 7.3, 8.7, 8.2, 7.1, 5.9, 5.9, 6.0, 5.8]","[164.0, 169.0, 195.0, 197.0, 198.0, 200.0, 201.0, 202.0, 211.0, 223.0, 231.0, 231.0, 233.0, 234.0, 249.0, 246.0, 233.0, 153.0, 122.0, 110.0, 101.0, 94.0, 79.0, 73.0, 67.0, 60.0, 47.0, 38.0, 25.0, 353.0]"
19-32,Coogee,east,105,2023-12-13,0,17.0,12,2023,"[15.1, 12.4, 10.0, 9.4, 8.8, 7.8, 7.8, 7.8, 7.0, 6.1, 5.4, 5.2, 9.4, 12.7, 14.0, 13.8, 12.9, 11.9, 12.5, 15.0, 17.5, 18.8, 19.0, 16.9, 14.5, 11.5, 8.6, 5.1, 2.9, 5.3]","[72.0, 64.0, 60.0, 50.0, 35.0, 22.0, 13.0, 13.0, 12.0, 3.0, 8.0, 12.0, 23.0, 25.0, 29.0, 28.0, 27.0, 29.0, 39.0, 48.0, 53.0, 58.0, 57.0, 52.0, 46.0, 39.0, 345.0, 315.0, 30.0, 28.0]"
19-33,Coogee,east,105,2025-03-03,1,21.0,3,2025,"[23.0, 22.5, 20.2, 20.9, 21.6, 21.8, 21.1, 21.1, 21.5, 20.2, 19.8, 19.5, 18.8, 20.7, 22.9, 22.3, 23.6, 23.6, 22.9, 23.2, 23.5, 24.6, 25.1, 24.4, 22.1, 20.4, 18.9, 18.3, 17.8, 17.8]","[174.0, 177.0, 185.0, 184.0, 181.0, 179.0, 178.0, 177.0, 177.0, 180.0, 178.0, 176.0, 177.0, 173.0, 177.0, 181.0, 180.0, 180.0, 181.0, 179.0, 175.0, 174.0, 175.0, 176.0, 179.0, 183.0, 192.0, 191.0, 191.0, 198.0]"
19-33,Coogee,east,105,2015-01-26,0,21.0,1,2015,"[17.6, 22.8, 26.9, 25.2, 23.2, 21.2, 19.8, 19.5, 19.2, 19.3, 19.3, 19.8, 19.6, 20.2, 20.1, 19.4, 18.6, 18.3, 19.8, 19.2, 20.2, 19.1, 19.8, 18.9, 17.8, 16.8, 12.5, 12.0, 11.5, 11.8]","[169.0, 164.0, 168.0, 166.0, 168.0, 170.0, 170.0, 168.0, 167.0, 166.0, 166.0, 164.0, 163.0, 161.0, 165.0, 165.0, 165.0, 164.0, 161.0, 163.0, 161.0, 158.0, 153.0, 149.0, 148.0, 145.0, 147.0, 141.0, 141.0, 140.0]"
19-33,Coogee,east,105,2022-04-09,0,21.0,4,2022,"[13.9, 12.2, 9.1, 9.6, 8.6, 8.3, 8.8, 10.5, 5.5, 6.5, 7.1, 6.3, 6.5, 6.0, 3.3, 6.7, 10.4, 12.3, 13.3, 15.6, 16.1, 15.1, 14.0, 12.5, 11.5, 11.3, 8.1, 7.4, 6.7, 6.4]","[87.0, 88.0, 82.0, 84.0, 90.0, 86.0, 79.0, 73.0, 77.0, 87.0, 84.0, 95.0, 98.0, 93.0, 49.0, 56.0, 56.0, 58.0, 60.0, 59.0, 63.0, 63.0, 64.0, 65.0, 63.0, 57.0, 66.0, 56.0, 46.0, 50.0]"
19-33,Coogee,east,105,2009-09-14,0,21.0,9,2009,"[10.6, 12.4, 12.1, 12.4, 11.9, 12.6, 13.4, 12.4, 8.8, 6.6, 7.2, 5.4, 8.7, 14.0, 20.5, 25.9, 23.6, 21.7, 21.3, 20.0, 19.7, 17.6, 16.0, 14.3, 11.2, 10.2, 4.9, 5.8, 4.3, 4.5]","[342.0, 343.0, 337.0, 334.0, 335.0, 336.0, 340.0, 334.0, 305.0, 299.0, 297.0, 262.0, 225.0, 215.0, 182.0, 166.0, 161.0, 156.0, 152.0, 150.0, 145.0, 139.0, 134.0, 133.0, 132.0, 129.0, 107.0, 94.0, 95.0, 104.0]"
19-34,Coogee,east,105,2025-03-14,1,16.0,3,2025,"[13.0, 13.3, 10.5, 9.6, 7.9, 6.4, 4.5, 3.9, 2.9, 1.0, 0.8, 1.9, 2.2, 0.9, 2.5, 3.5, 5.7, 7.4, 7.9, 7.3, 8.4, 11.5, 13.3, 14.3, 13.0, 11.0, 7.9, 8.1, 1.3, 10.5]","[49.0, 42.0, 39.0, 28.0, 20.0, 18.0, 23.0, 28.0, 47.0, 31.0, 243.0, 236.0, 235.0, 270.0, 291.0, 336.0, 347.0, 353.0, 357.0, 7.0, 25.0, 39.0, 38.0, 29.0, 20.0, 11.0, 16.0, 13.0, 34.0, 173.0]"
19-34,Coogee,east,105,2024-12-04,0,16.0,12,2024,"[12.3, 12.1, 10.6, 10.8, 11.1, 9.8, 8.5, 5.9, 5.6, 5.2, 4.7, 13.9, 18.7, 19.8, 16.2, 15.2, 15.3, 16.1, 15.9, 14.9, 14.5, 13.9, 12.9, 13.8, 13.5, 12.4, 8.1, 6.9, 7.1, 6.6]","[348.0, 345.0, 339.0, 339.0, 324.0, 325.0, 332.0, 320.0, 297.0, 290.0, 162.0, 170.0, 169.0, 167.0, 170.0, 169.0, 164.0, 160.0, 155.0, 149.0, 142.0, 139.0, 140.0, 138.0, 142.0, 147.0, 141.0, 152.0, 165.0, 163.0]"
19-34,Coogee,east,105,2016-06-26,0,16.0,6,2016,"[12.9, 16.2, 17.2, 15.4, 14.5, 13.6, 13.3, 13.1, 12.3, 11.8, 11.4, 10.9, 9.8, 9.1, 9.0, 7.6, 7.2, 6.5, 6.5, 5.4, 3.4, 1.9, 2.2, 3.6, 5.1, 6.6, 7.1, 4.4, 3.7, 4.2]","[247.0, 249.0, 254.0, 254.0, 251.0, 253.0, 257.0, 262.0, 263.0, 258.0, 259.0, 262.0, 262.0, 263.0, 272.0, 270.0, 273.0, 273.0, 273.0, 290.0, 302.0, 338.0, 9.0, 37.0, 8.0, 351.0, 319.0, 305.0, 281.0, 290.0]"
19-34,Coogee,east,105,2008-11-11,0,16.0,11,2008,"[16.2, 12.2, 9.9, 7.1, 6.1, 4.6, 3.6, 2.5, 0.8, 1.9, 4.2, 5.2, 4.2, 3.7, 6.8, 9.1, 10.2, 11.5, 12.6, 14.0, 15.5, 16.1, 15.7, 14.9, 12.9, 10.0, 8.6, 7.4, 7.0, 5.4]","[77.0, 71.0, 57.0, 49.0, 45.0, 45.0, 45.0, 45.0, 333.0, 202.0, 200.0, 196.0, 200.0, 169.0, 122.0, 108.0, 98.0, 94.0, 92.0, 89.0, 85.0, 80.0, 74.0, 70.0, 67.0, 64.0, 68.0, 61.0, 55.0, 37.0]"
19-35,Coogee,east,105,2025-03-18,1,20.0,3,2025,"[20.5, 19.0, 16.7, 15.7, 14.3, 11.5, 9.2, 8.1, 7.2, 7.0, 5.2, 3.8, 3.1, 2.7, 4.5, 4.7, 4.4, 8.0, 9.0, 10.1, 10.7, 11.0, 11.9, 12.9, 12.7, 12.2, 11.3, 12.4, 13.3, 12.2]","[169.0, 171.0, 174.0, 171.0, 165.0, 166.0, 173.0, 177.0, 177.0, 176.0, 186.0, 197.0, 208.0, 203.0, 230.0, 203.0, 145.0, 76.0, 70.0, 66.0, 70.0, 64.0, 59.0, 51.0, 50.0, 45.0, 39.0, 31.0, 25.0, 22.0]"
19-35,Coogee,east,105,2019-12-19,0,20.0,12,2019,"[19.1, 15.8, 10.4, 8.4, 8.9, 10.0, 10.0, 8.8, 7.2, 7.6, 7.5, 7.4, 7.2, 7.0, 7.4, 8.7, 11.4, 12.2, 10.7, 11.8, 21.7, 31.6, 30.5, 28.2, 23.5, 18.0, 11.1, 11.0, 12.7, 14.1]","[46.0, 41.0, 34.0, 25.0, 21.0, 21.0, 21.0, 12.0, 360.0, 355.0, 343.0, 331.0, 323.0, 325.0, 317.0, 315.0, 305.0, 284.0, 258.0, 220.0, 175.0, 165.0, 166.0, 166.0, 174.0, 179.0, 193.0, 191.0, 187.0, 186.0]"
19-35,Coogee,east,105,2017-12-25,0,20.0,12,2017,"[27.1, 26.0, 21.6, 20.7, 22.4, 22.7, 24.6, 22.2, 20.3, 22.9, 22.1, 23.3, 22.6, 21.4, 19.2, 14.8, 19.5, 21.6, 22.9, 22.9, 21.6, 21.2, 20.5, 20.3, 19.9, 16.9, 16.4, 14.6, 12.4, 10.8]","[175.0, 176.0, 162.0, 163.0, 152.0, 165.0, 168.0, 167.0, 174.0, 173.0, 173.0, 171.0, 171.0, 167.0, 175.0, 179.0, 164.0, 162.0, 161.0, 161.0, 162.0, 159.0, 156.0, 153.0, 148.0, 146.0, 130.0, 123.0, 120.0, 127.0]"
19-35,Coogee,east,105,2006-08-09,0,20.0,8,2006,"[7.9, 4.9, 2.3, 5.8, 7.1, 7.6, 7.4, 7.4, 7.9, 8.1, 8.1, 8.2, 9.0, 9.4, 9.3, 6.8, 4.3, 5.6, 8.5, 11.5, 13.7, 11.9, 5.4, 8.8, 14.7, 21.6, 25.7, 24.6, 22.1, 21.6]","[120.0, 126.0, 288.0, 277.0, 285.0, 289.0, 293.0, 293.0, 286.0, 283.0, 283.0, 285.0, 286.0, 288.0, 286.0, 288.0, 312.0, 333.0, 348.0, 358.0, 2.0, 346.0, 312.0, 279.0, 259.0, 255.0, 255.0, 252.0, 246.0, 242.0]"
19-36,Coogee,east,105,2025-03-20,1,10.0,3,2025,"[20.6, 18.9, 14.6, 13.6, 12.5, 11.5, 10.3, 9.4, 9.4, 9.1, 8.5, 6.4, 5.6, 6.1, 3.8, 5.3, 6.4, 6.0, 7.4, 9.4, 11.2, 14.0, 16.2, 16.5, 17.6, 17.7, 17.2, 14.0, 12.0, 10.4]","[52.0, 43.0, 44.0, 37.0, 33.0, 29.0, 23.0, 23.0, 24.0, 17.0, 12.0, 8.0, 2.0, 355.0, 360.0, 12.0, 11.0, 16.0, 29.0, 35.0, 40.0, 48.0, 50.0, 52.0, 49.0, 42.0, 33.0, 20.0, 9.0, 9.0]"
19-36,Coogee,east,105,2026-06-20,0,10.0,6,2026,"[14.6, 14.6, 11.1, 12.7, 13.5, 13.0, 11.8, 11.4, 9.6, 8.3, 8.2, 9.0, 9.7, 10.0, 10.3, 12.0, 13.2, 14.6, 15.2, 15.0, 13.3, 10.7, 6.6, 7.4, 7.2, 8.2, 8.1, 7.4, 7.0, 7.6]","[333.0, 327.0, 346.0, 339.0, 335.0, 331.0, 336.0, 344.0, 346.0, 344.0, 337.0, 330.0, 325.0, 330.0, 337.0, 338.0, 332.0, 314.0, 301.0, 296.0, 291.0, 287.0, 287.0, 288.0, 283.0, 279.0, 275.0, 288.0, 296.0, 292.0]"
19-36,Coogee,east,105,2014-11-02,0,10.0,11,2014,"[23.3, 22.5, 19.0, 18.3, 17.6, 17.1, 15.9, 14.8, 15.6, 17.9, 17.8, 16.7, 17.2, 19.2, 19.2, 16.9, 14.6, 10.5, 8.0, 7.2, 10.2, 15.4, 18.4, 19.1, 16.6, 13.5, 7.9, 7.2, 6.9, 4.5]","[243.0, 243.0, 243.0, 234.0, 227.0, 228.0, 231.0, 231.0, 241.0, 248.0, 252.0, 256.0, 259.0, 257.0, 257.0, 250.0, 237.0, 218.0, 188.0, 153.0, 129.0, 123.0, 116.0, 110.0, 112.0, 124.0, 133.0, 127.0, 129.0, 151.0]"
19-36,Coogee,east,105,2019-04-13,0,10.0,4,2019,"[9.8, 8.7, 4.2, 4.8, 5.4, 6.0, 6.4, 6.8, 6.1, 5.5, 4.8, 5.5, 5.2, 5.7, 4.6, 4.4, 4.9, 4.9, 2.7, 1.8, 5.2, 8.7, 10.0, 11.0, 13.4, 15.1, 8.1, 8.0, 8.3, 8.3]","[62.0, 48.0, 20.0, 333.0, 318.0, 303.0, 297.0, 302.0, 298.0, 293.0, 297.0, 302.0, 304.0, 305.0, 288.0, 305.0, 306.0, 306.0, 337.0, 79.0, 106.0, 107.0, 120.0, 142.0, 160.0, 168.0, 167.0, 172.0, 180.0, 185.0]"
19-37,Coogee,east,105,2025-03-21,1,17.0,3,2025,"[17.6, 17.7, 17.2, 14.0, 12.0, 10.4, 10.0, 10.1, 9.2, 7.0, 5.6, 5.8, 5.2, 4.8, 6.2, 6.6, 2.8, 4.0, 4.3, 5.8, 7.4, 4.9, 4.2, 4.1, 7.9, 17.0, 13.3, 14.5, 14.1, 13.2]","[49.0, 42.0, 33.0, 20.0, 9.0, 9.0, 15.0, 16.0, 2.0, 359.0, 358.0, 355.0, 344.0, 331.0, 280.0, 253.0, 325.0, 342.0, 345.0, 356.0, 357.0, 2.0, 59.0, 92.0, 176.0, 187.0, 189.0, 188.0, 184.0, 192.0]"
19-37,Coogee,east,105,2018-08-31,0,17.0,8,2018,"[9.4, 7.7, 5.8, 5.9, 6.1, 6.8, 7.9, 7.6, 7.6, 7.4, 8.0, 8.3, 8.7, 11.3, 9.0, 10.9, 11.1, 10.8, 9.7, 8.4, 10.5, 17.0, 20.8, 18.5, 16.8, 18.3, 15.2, 12.2, 10.0, 9.3]","[88.0, 79.0, 68.0, 47.0, 50.0, 25.0, 357.0, 360.0, 357.0, 346.0, 342.0, 358.0, 5.0, 7.0, 16.0, 17.0, 13.0, 37.0, 15.0, 20.0, 352.0, 356.0, 332.0, 323.0, 312.0, 302.0, 306.0, 317.0, 322.0, 324.0]"
19-37,Coogee,east,105,2020-11-17,0,17.0,11,2020,"[7.4, 8.7, 8.8, 11.2, 17.4, 21.5, 20.6, 20.1, 18.4, 14.7, 12.1, 11.9, 13.8, 15.6, 10.2, 9.9, 9.7, 12.5, 15.6, 17.5, 19.0, 19.2, 17.1, 15.6, 14.3, 13.0, 9.2, 9.9, 11.0, 11.4]","[223.0, 197.0, 171.0, 159.0, 162.0, 162.0, 168.0, 165.0, 154.0, 155.0, 163.0, 175.0, 160.0, 146.0, 135.0, 136.0, 121.0, 108.0, 105.0, 99.0, 105.0, 113.0, 115.0, 116.0, 118.0, 114.0, 116.0, 123.0, 122.0, 118.0]"
19-37,Coogee,east,105,2006-08-11,0,17.0,8,2006,"[12.1, 10.0, 9.1, 7.7, 7.2, 7.0, 7.6, 7.4, 7.2, 7.1, 7.3, 6.8, 6.7, 7.0, 7.6, 5.1, 4.7, 4.1, 4.0, 3.2, 2.4, 5.4, 10.1, 10.8, 9.0, 7.4, 7.1, 6.8, 6.6, 6.8]","[163.0, 167.0, 187.0, 217.0, 233.0, 235.0, 239.0, 241.0, 243.0, 246.0, 250.0, 252.0, 254.0, 258.0, 265.0, 262.0, 274.0, 308.0, 333.0, 360.0, 63.0, 110.0, 107.0, 111.0, 127.0, 141.0, 156.0, 180.0, 202.0, 212.0]"
19-38,Coogee,east,105,2025-03-28,1,13.0,3,2025,"[9.9, 9.0, 6.9, 7.5, 7.3, 7.1, 7.1, 7.7, 7.9, 8.0, 6.8, 7.5, 9.0, 9.4, 6.0, 12.4, 11.2, 13.3, 14.3, 15.6, 15.5, 12.6, 11.4, 10.2, 8.4, 7.8, 5.7, 6.5, 8.0, 6.3]","[153.0, 158.0, 149.0, 159.0, 149.0, 144.0, 131.0, 123.0, 114.0, 104.0, 107.0, 107.0, 105.0, 102.0, 99.0, 88.0, 87.0, 80.0, 79.0, 76.0, 70.0, 65.0, 72.0, 73.0, 79.0, 81.0, 108.0, 96.0, 85.0, 77.0]"
19-38,Coogee,east,105,2007-11-19,0,13.0,11,2007,"[11.2, 9.0, 7.4, 5.2, 5.5, 5.5, 7.5, 7.4, 6.8, 5.8, 6.3, 5.8, 5.4, 6.0, 4.7, 6.8, 9.9, 12.4, 14.4, 16.8, 17.4, 17.4, 17.4, 18.7, 16.6, 13.8, 14.8, 13.2, 13.8, 13.8]","[69.0, 61.0, 67.0, 74.0, 79.0, 67.0, 55.0, 47.0, 32.0, 22.0, 24.0, 22.0, 20.0, 17.0, 9.0, 32.0, 46.0, 54.0, 58.0, 59.0, 50.0, 50.0, 52.0, 52.0, 48.0, 41.0, 41.0, 43.0, 47.0, 47.0]"
19-38,Coogee,east,105,2020-06-04,0,13.0,6,2020,"[15.8, 17.7, 14.5, 16.3, 17.7, 17.6, 17.3, 17.2, 17.3, 16.8, 16.3, 16.1, 16.0, 15.5, 14.2, 14.3, 14.8, 14.1, 14.0, 14.1, 13.0, 11.5, 9.0, 8.3, 8.3, 8.3, 8.7, 7.6, 7.0, 6.9]","[181.0, 185.0, 199.0, 202.0, 204.0, 206.0, 211.0, 217.0, 222.0, 227.0, 227.0, 228.0, 226.0, 228.0, 243.0, 236.0, 231.0, 220.0, 206.0, 195.0, 186.0, 182.0, 180.0, 180.0, 178.0, 182.0, 197.0, 225.0, 235.0, 242.0]"
19-38,Coogee,east,105,2015-08-13,0,13.0,8,2015,"[21.6, 21.7, 17.9, 17.9, 17.2, 18.1, 20.7, 22.6, 22.7, 22.6, 22.2, 22.0, 23.0, 23.1, 18.9, 19.9, 18.0, 16.4, 16.4, 16.8, 16.5, 16.4, 17.0, 17.1, 17.0, 16.3, 15.0, 14.9, 14.8, 14.2]","[288.0, 289.0, 295.0, 292.0, 290.0, 277.0, 262.0, 256.0, 255.0, 256.0, 257.0, 255.0, 253.0, 252.0, 256.0, 253.0, 254.0, 255.0, 251.0, 247.0, 250.0, 255.0, 257.0, 255.0, 253.0, 252.0, 253.0, 250.0, 247.0, 246.0]"
19-39,Coogee,east,105,2025-08-21,1,14.0,8,2025,"[10.5, 10.7, 5.9, 8.2, 10.3, 13.7, 13.0, 10.5, 6.5, 7.1, 8.0, 10.1, 14.5, 16.9, 7.9, 12.1, 13.9, 15.8, 19.9, 17.0, 15.5, 17.2, 16.9, 15.2, 15.8, 18.1, 9.8, 5.8, 4.1, 1.6]","[128.0, 115.0, 108.0, 104.0, 102.0, 94.0, 86.0, 82.0, 96.0, 117.0, 115.0, 95.0, 76.0, 68.0, 78.0, 79.0, 79.0, 71.0, 58.0, 58.0, 64.0, 67.0, 79.0, 96.0, 92.0, 71.0, 43.0, 56.0, 41.0, 354.0]"
19-39,Coogee,east,105,2009-01-16,0,14.0,1,2009,"[28.6, 26.1, 22.6, 17.9, 15.2, 14.9, 15.5, 14.8, 11.9, 8.4, 6.7, 6.8, 7.2, 7.6, 6.8, 4.3, 2.6, 4.7, 7.6, 11.0, 11.9, 13.7, 23.3, 29.3, 27.7, 24.8, 20.0, 20.1, 21.7, 21.0]","[166.0, 162.0, 171.0, 170.0, 166.0, 172.0, 176.0, 181.0, 183.0, 190.0, 196.0, 198.0, 198.0, 185.0, 162.0, 138.0, 106.0, 58.0, 59.0, 67.0, 76.0, 104.0, 125.0, 137.0, 142.0, 147.0, 157.0, 151.0, 144.0, 142.0]"
19-39,Coogee,east,105,2025-07-20,0,14.0,7,2025,"[6.6, 8.0, 8.1, 6.8, 7.1, 8.7, 8.9, 9.2, 9.7, 10.2, 10.2, 9.7, 9.4, 9.9, 10.1, 9.5, 9.8, 10.3, 11.0, 14.1, 16.2, 16.0, 11.8, 8.5, 8.6, 8.1, 10.8, 8.1, 7.5, 6.9]","[13.0, 8.0, 342.0, 287.0, 264.0, 263.0, 262.0, 263.0, 260.0, 257.0, 256.0, 255.0, 253.0, 251.0, 260.0, 255.0, 246.0, 232.0, 203.0, 178.0, 168.0, 163.0, 160.0, 168.0, 179.0, 184.0, 178.0, 184.0, 197.0, 213.0]"
19-39,Coogee,east,105,2016-05-11,0,14.0,5,2016,"[13.2, 13.7, 14.1, 13.2, 10.6, 11.2, 12.3, 12.6, 13.3, 13.0, 10.2, 4.3, 1.4, 3.8, 5.4, 8.2, 8.3, 8.8, 10.0, 10.9, 13.3, 15.5, 16.9, 18.4, 18.1, 18.9, 14.2, 12.7, 9.9, 10.2]","[287.0, 284.0, 257.0, 253.0, 260.0, 264.0, 265.0, 268.0, 267.0, 264.0, 260.0, 265.0, 360.0, 343.0, 340.0, 311.0, 304.0, 289.0, 285.0, 279.0, 273.0, 273.0, 272.0, 273.0, 277.0, 283.0, 297.0, 305.0, 314.0, 309.0]"
19-40,Coogee,east,105,2025-08-22,1,10.0,8,2025,"[15.8, 18.1, 9.8, 5.8, 4.1, 1.6, 1.0, 3.4, 5.9, 6.2, 6.2, 6.1, 6.1, 5.2, 4.4, 5.6, 6.0, 4.7, 1.7, 1.3, 3.8, 6.1, 6.2, 4.5, 4.5, 5.9, 5.9, 7.2, 8.2, 9.1]","[92.0, 71.0, 43.0, 56.0, 41.0, 354.0, 239.0, 238.0, 225.0, 226.0, 229.0, 230.0, 220.0, 211.0, 207.0, 209.0, 196.0, 176.0, 139.0, 98.0, 93.0, 109.0, 105.0, 104.0, 151.0, 162.0, 215.0, 219.0, 238.0, 236.0]"
19-40,Coogee,east,105,2010-01-28,0,10.0,1,2010,"[13.5, 11.9, 5.8, 7.6, 9.7, 7.3, 6.7, 8.0, 5.7, 3.1, 2.8, 3.4, 4.7, 4.6, 1.4, 0.4, 5.0, 7.6, 10.0, 14.6, 17.6, 15.8, 12.8, 12.1, 12.1, 9.8, 1.1, 2.5, 5.5, 6.8]","[115.0, 95.0, 86.0, 93.0, 90.0, 99.0, 106.0, 108.0, 108.0, 111.0, 140.0, 148.0, 148.0, 141.0, 180.0, 360.0, 69.0, 65.0, 69.0, 70.0, 64.0, 66.0, 52.0, 27.0, 23.0, 17.0, 18.0, 8.0, 23.0, 32.0]"
19-40,Coogee,east,105,2007-02-16,0,10.0,2,2007,"[16.1, 13.0, 9.0, 7.2, 6.5, 6.1, 6.2, 5.2, 4.1, 5.4, 5.3, 4.9, 5.2, 6.6, 6.4, 6.4, 7.9, 9.1, 11.4, 14.0, 14.7, 15.3, 12.4, 12.9, 13.1, 12.6, 13.1, 13.3, 11.5, 8.2]","[63.0, 56.0, 53.0, 53.0, 56.0, 50.0, 36.0, 25.0, 38.0, 53.0, 62.0, 54.0, 34.0, 29.0, 16.0, 27.0, 43.0, 56.0, 62.0, 67.0, 65.0, 63.0, 60.0, 60.0, 58.0, 53.0, 53.0, 49.0, 44.0, 41.0]"
19-40,Coogee,east,105,2011-11-02,0,10.0,11,2011,"[11.5, 9.2, 6.6, 6.0, 5.9, 6.5, 7.2, 8.4, 8.8, 8.6, 6.3, 5.3, 4.2, 4.3, 7.1, 12.0, 14.4, 17.7, 17.6, 18.0, 20.6, 18.8, 16.3, 14.6, 10.9, 8.9, 5.0, 4.8, 4.9, 4.8]","[70.0, 64.0, 68.0, 65.0, 47.0, 19.0, 357.0, 350.0, 348.0, 345.0, 336.0, 332.0, 301.0, 270.0, 221.0, 201.0, 183.0, 168.0, 157.0, 143.0, 126.0, 126.0, 131.0, 130.0, 134.0, 137.0, 120.0, 132.0, 144.0, 153.0]"
19-41,Coogee,east,105,2026-01-21,1,,1,2026,"[14.1, 11.3, 6.9, 7.3, 7.7, 7.9, 8.4, 8.3, 8.0, 8.0, 8.0, 7.7, 7.9, 7.6, 8.3, 6.5, 5.8, 5.4, 7.6, 11.9, 12.3, 12.1, 13.5, 13.4, 12.0, 9.7, 7.6, 6.0, 6.1, 6.8]","[134.0, 138.0, 149.0, 150.0, 171.0, 183.0, 191.0, 193.0, 194.0, 200.0, 207.0, 217.0, 225.0, 218.0, 191.0, 194.0, 194.0, 143.0, 108.0, 94.0, 93.0, 92.0, 88.0, 83.0, 81.0, 86.0, 82.0, 69.0, 56.0, 29.0]"
19-41,Coogee,east,105,2014-07-03,0,,7,2014,"[6.3, 3.1, 2.9, 5.0, 7.5, 9.3, 9.3, 8.9, 8.4, 7.7, 7.4, 7.6, 7.6, 7.5, 7.7, 6.3, 5.2, 3.9, 2.5, 1.5, 3.1, 5.0, 5.2, 7.9, 8.7, 8.4, 5.5, 6.4, 6.4, 6.6]","[121.0, 126.0, 240.0, 249.0, 253.0, 257.0, 254.0, 256.0, 260.0, 259.0, 256.0, 251.0, 251.0, 253.0, 259.0, 246.0, 236.0, 214.0, 172.0, 76.0, 36.0, 21.0, 25.0, 30.0, 24.0, 10.0, 328.0, 322.0, 322.0, 319.0]"
19-41,Coogee,east,105,2013-05-05,0,,5,2013,"[24.2, 23.1, 18.6, 17.0, 17.2, 16.7, 15.5, 14.2, 12.8, 11.8, 11.8, 11.5, 11.0, 10.5, 11.7, 12.9, 12.1, 9.7, 8.7, 8.6, 9.6, 11.2, 13.0, 12.0, 11.7, 12.3, 11.9, 10.6, 10.6, 11.0]","[165.0, 169.0, 170.0, 167.0, 169.0, 173.0, 180.0, 189.0, 202.0, 211.0, 218.0, 221.0, 221.0, 221.0, 214.0, 203.0, 192.0, 184.0, 185.0, 178.0, 167.0, 159.0, 161.0, 164.0, 169.0, 173.0, 183.0, 190.0, 190.0, 191.0]"
19-41,Coogee,east,105,2010-09-30,0,,9,2010,"[17.5, 13.8, 11.0, 10.8, 10.2, 7.9, 6.6, 5.1, 5.2, 5.7, 5.9, 5.8, 6.5, 6.1, 6.2, 4.7, 2.6, 2.2, 2.9, 5.9, 9.4, 12.2, 15.8, 16.9, 13.7, 9.7, 6.5, 5.5, 4.7, 4.2]","[161.0, 171.0, 203.0, 217.0, 228.0, 227.0, 225.0, 231.0, 245.0, 252.0, 256.0, 263.0, 267.0, 273.0, 263.0, 270.0, 304.0, 9.0, 60.0, 76.0, 88.0, 92.0, 91.0, 91.0, 93.0, 94.0, 93.0, 101.0, 122.0, 121.0]"
19-42,Coogee,east,105,2026-03-01,1,10.0,3,2026,"[11.6, 10.3, 8.3, 8.5, 7.2, 5.8, 4.8, 5.2, 6.7, 7.3, 6.6, 7.0, 7.0, 7.8, 6.1, 6.2, 5.6, 5.9, 6.2, 6.7, 6.3, 5.8, 7.3, 8.4, 8.1, 7.8, 6.5, 7.0, 7.2, 7.0]","[120.0, 121.0, 117.0, 118.0, 127.0, 129.0, 135.0, 139.0, 136.0, 142.0, 135.0, 134.0, 130.0, 119.0, 137.0, 136.0, 123.0, 117.0, 107.0, 92.0, 85.0, 92.0, 83.0, 70.0, 59.0, 50.0, 46.0, 32.0, 14.0, 12.0]"
19-42,Coogee,east,105,2016-03-14,0,10.0,3,2016,"[15.3, 13.3, 9.4, 7.1, 6.4, 6.1, 5.4, 5.0, 3.9, 1.6, 1.3, 0.8, 0.5, 1.3, 4.3, 3.7, 2.5, 4.7, 8.4, 12.7, 17.7, 19.9, 18.9, 18.5, 16.0, 16.2, 16.2, 15.6, 16.6, 16.2]","[56.0, 49.0, 47.0, 45.0, 43.0, 45.0, 42.0, 30.0, 22.0, 27.0, 304.0, 297.0, 225.0, 214.0, 265.0, 281.0, 278.0, 176.0, 149.0, 137.0, 151.0, 167.0, 172.0, 167.0, 166.0, 177.0, 193.0, 187.0, 185.0, 184.0]"
19-42,Coogee,east,105,2013-05-01,0,10.0,5,2013,"[7.4, 6.3, 4.9, 0.8, 4.2, 5.0, 4.3, 4.3, 4.4, 4.8, 5.6, 5.4, 5.4, 5.2, 5.4, 4.6, 3.4, 0.5, 3.9, 6.6, 11.3, 15.8, 16.8, 15.5, 15.1, 14.0, 11.2, 13.4, 14.9, 15.9]","[113.0, 121.0, 144.0, 297.0, 290.0, 300.0, 318.0, 312.0, 305.0, 318.0, 315.0, 312.0, 307.0, 304.0, 290.0, 288.0, 288.0, 135.0, 112.0, 131.0, 143.0, 153.0, 145.0, 152.0, 162.0, 162.0, 176.0, 174.0, 173.0, 177.0]"
19-42,Coogee,east,105,2013-07-27,0,10.0,7,2013,"[5.9, 8.3, 8.3, 9.6, 10.5, 11.2, 10.8, 10.3, 10.5, 10.6, 9.6, 8.7, 7.9, 7.4, 8.4, 6.2, 5.1, 4.1, 4.2, 5.5, 7.6, 8.1, 7.1, 7.1, 7.9, 8.4, 8.6, 8.7, 8.6, 7.1]","[137.0, 162.0, 178.0, 193.0, 211.0, 222.0, 233.0, 241.0, 243.0, 246.0, 250.0, 253.0, 254.0, 256.0, 260.0, 260.0, 266.0, 285.0, 329.0, 11.0, 25.0, 32.0, 41.0, 49.0, 51.0, 47.0, 33.0, 24.0, 2.0, 330.0]"
19-43,Coogee,east,105,2026-03-04,1,10.0,3,2026,"[5.4, 7.2, 2.1, 3.6, 3.8, 3.4, 3.0, 2.9, 3.6, 4.0, 1.9, 1.0, 2.9, 4.1, 2.7, 1.3, 5.1, 6.0, 5.8, 8.1, 12.4, 12.3, 10.1, 8.2, 7.6, 8.1, 3.8, 3.4, 2.9, 1.0]","[86.0, 77.0, 105.0, 87.0, 90.0, 72.0, 65.0, 79.0, 81.0, 80.0, 73.0, 248.0, 248.0, 236.0, 228.0, 360.0, 343.0, 343.0, 5.0, 35.0, 40.0, 35.0, 41.0, 38.0, 28.0, 37.0, 8.0, 295.0, 248.0, 31.0]"
19-43,Coogee,east,105,2023-02-09,0,10.0,2,2023,"[14.2, 12.3, 13.3, 14.1, 13.8, 13.2, 12.6, 13.4, 12.7, 12.4, 11.2, 10.2, 8.9, 8.9, 11.6, 13.7, 15.0, 16.1, 16.6, 18.0, 20.3, 19.5, 21.2, 17.8, 13.1, 10.6, 6.3, 5.8, 4.1, 3.7]","[99.0, 97.0, 87.0, 75.0, 70.0, 68.0, 66.0, 66.0, 65.0, 64.0, 57.0, 48.0, 50.0, 50.0, 68.0, 63.0, 60.0, 63.0, 68.0, 70.0, 67.0, 67.0, 55.0, 45.0, 37.0, 35.0, 31.0, 7.0, 322.0, 281.0]"
19-43,Coogee,east,105,2025-11-04,0,10.0,11,2025,"[10.8, 2.7, 4.2, 5.9, 18.2, 19.1, 13.3, 10.4, 9.4, 5.1, 6.2, 9.5, 8.1, 9.0, 12.8, 18.1, 20.5, 23.0, 25.4, 28.1, 27.6, 29.7, 27.1, 24.1, 18.8, 16.4, 18.2, 10.8, 9.8, 11.4]","[11.0, 42.0, 59.0, 293.0, 266.0, 258.0, 269.0, 302.0, 331.0, 321.0, 255.0, 251.0, 270.0, 305.0, 321.0, 317.0, 313.0, 307.0, 299.0, 293.0, 293.0, 290.0, 284.0, 285.0, 285.0, 283.0, 288.0, 302.0, 334.0, 342.0]"
19-43,Coogee,east,105,2014-07-03,0,10.0,7,2014,"[6.3, 3.1, 2.9, 5.0, 7.5, 9.3, 9.3, 8.9, 8.4, 7.7, 7.4, 7.6, 7.6, 7.5, 7.7, 6.3, 5.2, 3.9, 2.5, 1.5, 3.1, 5.0, 5.2, 7.9, 8.7, 8.4, 5.5, 6.4, 6.4, 6.6]","[121.0, 126.0, 240.0, 249.0, 253.0, 257.0, 254.0, 256.0, 260.0, 259.0, 256.0, 251.0, 251.0, 253.0, 259.0, 246.0, 236.0, 214.0, 172.0, 76.0, 36.0, 21.0, 25.0, 30.0, 24.0, 10.0, 328.0, 322.0, 322.0, 319.0]"
19-44,Coogee,east,105,2026-04-30,1,,4,2026,"[6.6, 6.2, 6.0, 4.3, 2.8, 1.3, 3.1, 4.5, 5.3, 5.2, 5.2, 4.6, 3.8, 4.1, 5.8, 5.4, 4.0, 1.5, 4.8, 7.2, 8.8, 9.7, 10.5, 10.4, 10.0, 8.4, 6.2, 6.5, 5.9, 4.9]","[81.0, 83.0, 100.0, 107.0, 135.0, 188.0, 220.0, 220.0, 232.0, 239.0, 250.0, 259.0, 270.0, 268.0, 261.0, 255.0, 249.0, 7.0, 48.0, 58.0, 62.0, 65.0, 66.0, 64.0, 60.0, 55.0, 52.0, 30.0, 12.0, 352.0]"
19-44,Coogee,east,105,2012-03-29,0,,3,2012,"[10.8, 8.0, 11.0, 10.7, 10.2, 9.4, 8.7, 8.8, 8.0, 7.1, 6.0, 5.1, 4.4, 4.0, 5.1, 3.6, 2.9, 2.3, 4.3, 8.4, 12.0, 13.2, 12.2, 9.9, 6.4, 4.6, 7.2, 6.1, 6.3, 7.2]","[37.0, 27.0, 23.0, 20.0, 10.0, 358.0, 353.0, 351.0, 350.0, 345.0, 327.0, 321.0, 305.0, 280.0, 266.0, 264.0, 240.0, 198.0, 156.0, 137.0, 139.0, 154.0, 146.0, 136.0, 137.0, 162.0, 207.0, 208.0, 211.0, 217.0]"
19-44,Coogee,east,105,2022-11-26,0,,11,2022,"[8.7, 5.7, 6.3, 7.8, 8.8, 10.1, 11.1, 10.9, 11.1, 12.4, 11.0, 9.4, 11.3, 11.7, 12.8, 11.1, 9.5, 8.5, 9.8, 13.3, 14.5, 15.0, 13.7, 13.6, 14.2, 11.9, 8.1, 8.3, 9.3, 10.5]","[95.0, 127.0, 162.0, 157.0, 157.0, 163.0, 163.0, 163.0, 166.0, 166.0, 170.0, 179.0, 179.0, 176.0, 174.0, 173.0, 158.0, 142.0, 114.0, 93.0, 85.0, 80.0, 69.0, 56.0, 50.0, 42.0, 37.0, 34.0, 24.0, 16.0]"
19-44,Coogee,east,105,2024-09-17,0,,9,2024,"[8.1, 8.6, 9.0, 8.5, 8.9, 8.8, 9.2, 10.5, 10.5, 10.1, 8.9, 8.0, 8.1, 8.0, 5.2, 4.9, 4.1, 7.6, 5.2, 3.5, 2.7, 3.1, 4.9, 6.4, 7.4, 5.8, 3.1, 5.3, 7.0, 9.0]","[163.0, 182.0, 200.0, 209.0, 218.0, 221.0, 213.0, 207.0, 205.0, 207.0, 218.0, 230.0, 238.0, 247.0, 258.0, 264.0, 268.0, 271.0, 290.0, 332.0, 332.0, 36.0, 62.0, 72.0, 58.0, 16.0, 10.0, 325.0, 299.0, 280.0]"
19-45,Coogee,east,105,2026-05-14,1,,5,2026,"[13.2, 10.6, 9.6, 7.5, 6.1, 6.4, 6.7, 6.0, 5.6, 5.5, 5.6, 5.5, 6.8, 8.1, 7.2, 7.2, 8.5, 10.0, 10.5, 11.4, 12.8, 13.2, 11.8, 8.0, 5.5, 5.4, 6.3, 5.5, 5.4, 5.1]","[122.0, 122.0, 127.0, 132.0, 133.0, 133.0, 128.0, 129.0, 151.0, 163.0, 186.0, 197.0, 198.0, 197.0, 202.0, 194.0, 182.0, 165.0, 155.0, 151.0, 145.0, 137.0, 130.0, 130.0, 131.0, 138.0, 156.0, 171.0, 176.0, 170.0]"
19-45,Coogee,east,105,2015-06-16,0,,6,2015,"[6.1, 5.1, 4.7, 7.1, 9.2, 10.4, 12.7, 12.8, 11.6, 11.8, 9.9, 7.8, 6.9, 6.5, 8.1, 8.4, 8.2, 8.4, 8.7, 8.2, 7.6, 9.1, 8.0, 9.0, 9.7, 10.8, 6.8, 7.0, 7.6, 7.7]","[87.0, 82.0, 67.0, 60.0, 42.0, 44.0, 45.0, 40.0, 26.0, 20.0, 19.0, 13.0, 9.0, 3.0, 347.0, 340.0, 337.0, 335.0, 330.0, 331.0, 341.0, 342.0, 350.0, 355.0, 360.0, 4.0, 328.0, 348.0, 360.0, 11.0]"
19-45,Coogee,east,105,2011-08-29,0,,8,2011,"[10.0, 8.2, 7.1, 6.5, 7.5, 6.4, 6.8, 6.8, 6.2, 6.2, 7.0, 7.8, 8.2, 9.3, 8.0, 7.2, 9.1, 11.9, 13.2, 12.3, 10.7, 8.4, 6.5, 5.2, 5.9, 7.2, 6.6, 9.0, 11.7, 13.9]","[52.0, 41.0, 24.0, 360.0, 325.0, 308.0, 302.0, 295.0, 291.0, 291.0, 291.0, 292.0, 299.0, 298.0, 306.0, 297.0, 288.0, 268.0, 259.0, 249.0, 237.0, 220.0, 183.0, 146.0, 137.0, 143.0, 139.0, 157.0, 169.0, 170.0]"
19-45,Coogee,east,105,2024-10-13,0,,10,2024,"[18.7, 16.6, 14.0, 12.1, 9.7, 8.8, 8.8, 8.9, 8.5, 6.9, 6.1, 6.0, 4.9, 4.5, 6.3, 3.0, 8.1, 10.7, 12.8, 14.9, 15.6, 17.5, 19.1, 19.0, 16.6, 15.7, 9.4, 11.2, 12.2, 11.7]","[163.0, 163.0, 173.0, 175.0, 182.0, 191.0, 189.0, 186.0, 184.0, 185.0, 192.0, 201.0, 213.0, 220.0, 219.0, 76.0, 39.0, 33.0, 38.0, 42.0, 38.0, 42.0, 47.0, 47.0, 47.0, 44.0, 38.0, 32.0, 24.0, 15.0]"
20-0,Maroubra,east,100,2017-10-22,1,12.0,10,2017,"[10.5, 6.2, 4.9, 4.3, 4.6, 5.0, 4.8, 3.9, 4.2, 4.4, 3.9, 4.5, 3.9, 1.8, 5.0, 3.7, 3.6, 2.0, 4.8, 9.7, 13.5, 15.0, 13.5, 12.8, 9.2, 7.4, 4.4, 6.8, 7.7, 7.8]","[121.0, 126.0, 126.0, 138.0, 198.0, 210.0, 222.0, 236.0, 239.0, 235.0, 236.0, 241.0, 236.0, 259.0, 300.0, 331.0, 360.0, 45.0, 117.0, 117.0, 115.0, 134.0, 134.0, 130.0, 138.0, 166.0, 171.0, 198.0, 208.0, 193.0]"
20-0,Maroubra,east,100,2007-11-02,0,12.0,11,2007,"[12.4, 8.5, 7.1, 5.1, 6.3, 6.6, 6.5, 3.4, 1.1, 1.5, 3.2, 3.6, 3.2, 4.4, 4.8, 5.9, 4.9, 7.2, 9.5, 12.0, 13.7, 14.6, 14.5, 11.2, 9.6, 9.8, 10.8, 8.8, 5.6, 6.4]","[73.0, 62.0, 66.0, 39.0, 24.0, 9.0, 3.0, 18.0, 360.0, 225.0, 180.0, 143.0, 90.0, 55.0, 63.0, 38.0, 17.0, 18.0, 11.0, 353.0, 355.0, 9.0, 7.0, 15.0, 13.0, 17.0, 358.0, 325.0, 297.0, 223.0]"
20-0,Maroubra,east,100,2016-07-19,0,12.0,7,2016,"[9.8, 9.8, 7.4, 7.0, 6.8, 6.1, 6.7, 7.1, 6.6, 5.8, 5.5, 4.9, 4.9, 5.6, 5.5, 4.7, 4.2, 5.8, 7.2, 7.2, 6.4, 3.7, 4.9, 7.7, 5.6, 0.0, 3.1, 4.3, 5.9, 4.8]","[298.0, 306.0, 313.0, 305.0, 302.0, 315.0, 324.0, 330.0, 319.0, 300.0, 302.0, 306.0, 306.0, 315.0, 328.0, 328.0, 340.0, 356.0, 6.0, 360.0, 322.0, 331.0, 36.0, 49.0, 50.0, 270.0, 216.0, 180.0, 169.0, 167.0]"
20-0,Maroubra,east,100,2006-06-08,0,12.0,6,2006,"[6.7, 5.8, 7.6, 6.7, 6.5, 5.4, 6.2, 7.6, 7.1, 6.9, 8.4, 9.7, 9.7, 9.7, 8.7, 8.5, 6.9, 7.2, 10.0, 12.3, 13.5, 14.1, 12.1, 10.4, 9.5, 9.0, 7.4, 7.1, 8.0, 8.0]","[144.0, 158.0, 180.0, 164.0, 161.0, 188.0, 216.0, 225.0, 229.0, 227.0, 223.0, 222.0, 225.0, 228.0, 232.0, 234.0, 219.0, 186.0, 167.0, 165.0, 164.0, 161.0, 163.0, 166.0, 169.0, 175.0, 194.0, 195.0, 190.0, 188.0]"
20-1,Maroubra,east,100,2018-02-10,1,18.0,2,2018,"[17.9, 15.6, 3.9, 3.1, 3.3, 4.5, 2.5, 4.3, 6.6, 9.7, 10.6, 11.5, 10.5, 10.9, 9.4, 7.2, 5.4, 3.1, 5.0, 9.3, 14.1, 16.2, 17.8, 17.8, 15.8, 10.8, 7.6, 6.8, 9.5, 6.7]","[155.0, 173.0, 248.0, 216.0, 264.0, 346.0, 45.0, 138.0, 158.0, 165.0, 170.0, 178.0, 188.0, 188.0, 180.0, 180.0, 188.0, 126.0, 90.0, 77.0, 71.0, 69.0, 72.0, 69.0, 63.0, 64.0, 82.0, 122.0, 151.0, 126.0]"
20-1,Maroubra,east,100,2022-11-17,0,18.0,11,2022,"[12.4, 10.5, 7.8, 8.0, 7.5, 7.8, 9.3, 9.5, 10.2, 10.6, 10.7, 10.3, 10.8, 11.5, 9.3, 11.5, 13.4, 15.1, 16.3, 16.9, 17.6, 17.9, 19.1, 19.2, 17.7, 15.5, 13.3, 12.7, 13.4, 13.4]","[178.0, 188.0, 206.0, 222.0, 249.0, 251.0, 233.0, 216.0, 217.0, 220.0, 228.0, 235.0, 238.0, 230.0, 208.0, 191.0, 185.0, 168.0, 162.0, 164.0, 166.0, 163.0, 158.0, 158.0, 163.0, 172.0, 179.0, 195.0, 206.0, 212.0]"
20-1,Maroubra,east,100,2018-02-06,0,18.0,2,2018,"[16.6, 13.5, 11.1, 8.2, 6.0, 6.4, 6.6, 5.4, 2.3, 1.1, 2.3, 3.4, 3.6, 3.1, 1.5, 2.9, 7.5, 10.0, 12.0, 13.3, 15.3, 17.5, 19.1, 18.5, 18.6, 14.7, 10.6, 8.0, 7.1, 7.8]","[68.0, 65.0, 61.0, 61.0, 57.0, 47.0, 41.0, 42.0, 51.0, 360.0, 288.0, 288.0, 307.0, 315.0, 225.0, 97.0, 73.0, 69.0, 69.0, 71.0, 75.0, 76.0, 79.0, 77.0, 68.0, 62.0, 72.0, 80.0, 75.0, 68.0]"
20-1,Maroubra,east,100,2007-03-03,0,18.0,3,2007,"[9.9, 7.3, 5.8, 4.2, 4.5, 5.4, 6.6, 6.8, 6.1, 5.7, 4.6, 5.2, 5.4, 5.8, 5.1, 7.2, 9.1, 10.1, 11.5, 12.8, 13.5, 15.5, 16.8, 17.6, 17.1, 16.4, 16.5, 15.6, 12.2, 9.4]","[109.0, 110.0, 86.0, 59.0, 29.0, 352.0, 351.0, 357.0, 357.0, 342.0, 342.0, 348.0, 340.0, 338.0, 321.0, 342.0, 351.0, 4.0, 14.0, 22.0, 34.0, 46.0, 48.0, 47.0, 42.0, 38.0, 36.0, 29.0, 19.0, 4.0]"
20-2,Maroubra,east,100,2018-04-05,1,18.0,4,2018,"[10.1, 8.1, 3.9, 3.2, 3.3, 1.5, 2.2, 2.1, 2.6, 3.2, 4.0, 3.7, 3.4, 3.8, 4.0, 3.8, 7.6, 10.0, 11.4, 11.6, 11.8, 12.7, 14.0, 14.5, 14.1, 13.0, 9.4, 8.1, 6.5, 6.1]","[107.0, 103.0, 124.0, 180.0, 221.0, 284.0, 351.0, 329.0, 286.0, 270.0, 270.0, 281.0, 288.0, 287.0, 280.0, 319.0, 360.0, 15.0, 24.0, 30.0, 38.0, 43.0, 44.0, 44.0, 38.0, 28.0, 18.0, 13.0, 6.0, 360.0]"
20-2,Maroubra,east,100,2013-11-06,0,18.0,11,2013,"[10.7, 9.4, 8.7, 6.0, 6.2, 5.6, 3.1, 0.8, 3.4, 5.6, 5.2, 5.2, 5.4, 4.6, 5.8, 7.6, 8.8, 10.7, 12.6, 15.0, 17.9, 20.0, 20.3, 18.4, 14.8, 10.5, 7.6, 7.5, 8.3, 8.4]","[110.0, 113.0, 114.0, 115.0, 111.0, 117.0, 126.0, 207.0, 252.0, 255.0, 254.0, 258.0, 266.0, 309.0, 360.0, 19.0, 35.0, 45.0, 53.0, 60.0, 65.0, 67.0, 65.0, 59.0, 51.0, 38.0, 25.0, 17.0, 18.0, 10.0]"
20-2,Maroubra,east,100,2011-01-11,0,18.0,1,2011,"[16.9, 14.8, 12.7, 13.4, 13.3, 12.9, 12.6, 14.1, 12.1, 11.7, 12.1, 11.4, 11.4, 12.3, 17.1, 17.0, 19.8, 20.1, 18.7, 18.9, 18.9, 16.8, 21.5, 19.6, 22.2, 21.5, 21.2, 19.8, 19.0, 18.7]","[101.0, 93.0, 83.0, 76.0, 71.0, 72.0, 77.0, 77.0, 80.0, 81.0, 80.0, 79.0, 79.0, 75.0, 72.0, 69.0, 65.0, 63.0, 60.0, 59.0, 59.0, 62.0, 59.0, 58.0, 54.0, 52.0, 58.0, 61.0, 61.0, 56.0]"
20-2,Maroubra,east,100,2020-08-08,0,18.0,8,2020,"[10.9, 6.7, 4.4, 5.0, 3.0, 2.0, 4.0, 5.0, 7.3, 5.8, 5.6, 6.4, 6.6, 7.4, 7.8, 8.2, 6.6, 5.1, 5.8, 7.4, 8.3, 7.0, 7.5, 7.0, 7.4, 8.8, 6.0, 9.2, 15.5, 16.0]","[82.0, 36.0, 9.0, 339.0, 284.0, 225.0, 207.0, 180.0, 171.0, 187.0, 220.0, 223.0, 225.0, 219.0, 248.0, 241.0, 225.0, 274.0, 300.0, 321.0, 326.0, 325.0, 287.0, 282.0, 284.0, 282.0, 303.0, 281.0, 258.0, 261.0]"
20-3,Maroubra,east,100,2019-09-02,1,,9,2019,"[13.0, 11.9, 5.8, 6.9, 5.4, 3.8, 4.9, 6.3, 6.1, 5.5, 5.7, 5.7, 6.5, 10.6, 10.3, 9.1, 11.8, 16.7, 18.4, 18.9, 18.8, 18.8, 18.3, 14.7, 9.7, 7.6, 5.2, 5.8, 5.4, 5.4]","[48.0, 35.0, 353.0, 309.0, 290.0, 319.0, 343.0, 329.0, 310.0, 293.0, 288.0, 288.0, 267.0, 246.0, 241.0, 236.0, 211.0, 187.0, 178.0, 171.0, 168.0, 154.0, 148.0, 155.0, 165.0, 177.0, 245.0, 270.0, 274.0, 278.0]"
20-3,Maroubra,east,100,2007-07-17,0,,7,2007,"[2.9, 7.2, 11.8, 12.2, 12.4, 11.7, 11.2, 10.6, 9.4, 8.8, 8.2, 8.1, 8.3, 8.1, 8.8, 9.3, 9.2, 9.7, 11.5, 12.7, 13.0, 13.7, 10.5, 10.7, 11.9, 14.9, 16.1, 15.8, 14.7, 13.7]","[263.0, 243.0, 239.0, 246.0, 248.0, 252.0, 255.0, 260.0, 270.0, 282.0, 293.0, 291.0, 288.0, 291.0, 289.0, 286.0, 291.0, 309.0, 309.0, 305.0, 304.0, 300.0, 311.0, 318.0, 335.0, 345.0, 344.0, 348.0, 343.0, 337.0]"
20-3,Maroubra,east,100,2023-08-18,0,,8,2023,"[10.9, 10.5, 5.7, 6.1, 4.9, 4.4, 3.4, 4.0, 4.8, 5.7, 5.5, 5.6, 6.9, 10.9, 9.0, 10.1, 17.5, 22.7, 28.1, 29.2, 28.8, 29.5, 26.7, 24.6, 23.8, 23.0, 22.8, 24.8, 26.7, 25.8]","[73.0, 59.0, 35.0, 3.0, 287.0, 279.0, 302.0, 355.0, 297.0, 288.0, 302.0, 310.0, 313.0, 316.0, 299.0, 305.0, 284.0, 273.0, 271.0, 271.0, 268.0, 268.0, 273.0, 275.0, 272.0, 271.0, 275.0, 269.0, 265.0, 262.0]"
20-3,Maroubra,east,100,2020-08-22,0,,8,2020,"[16.8, 15.3, 8.2, 10.8, 11.8, 10.6, 11.2, 12.9, 15.3, 13.9, 15.7, 16.3, 18.0, 20.0, 15.4, 18.5, 20.6, 20.8, 21.7, 24.2, 26.7, 25.9, 22.4, 21.3, 23.8, 23.4, 13.4, 16.2, 19.7, 19.5]","[301.0, 300.0, 319.0, 307.0, 301.0, 305.0, 303.0, 297.0, 297.0, 301.0, 302.0, 305.0, 307.0, 304.0, 307.0, 294.0, 282.0, 279.0, 282.0, 281.0, 274.0, 272.0, 275.0, 274.0, 269.0, 272.0, 276.0, 287.0, 288.0, 289.0]"
20-4,Maroubra,east,100,2019-09-19,1,17.0,9,2019,"[9.7, 8.8, 8.3, 7.3, 10.6, 10.8, 10.5, 8.4, 5.8, 5.9, 4.9, 4.1, 3.6, 4.8, 2.4, 4.3, 4.8, 6.8, 10.5, 13.5, 14.7, 15.6, 14.6, 13.2, 12.2, 11.5, 8.4, 6.9, 6.9, 8.3]","[178.0, 189.0, 198.0, 200.0, 204.0, 195.0, 196.0, 190.0, 173.0, 133.0, 107.0, 75.0, 53.0, 42.0, 63.0, 48.0, 42.0, 58.0, 63.0, 65.0, 62.0, 64.0, 70.0, 68.0, 62.0, 58.0, 50.0, 43.0, 43.0, 34.0]"
20-4,Maroubra,east,100,2006-11-26,0,17.0,11,2006,"[12.1, 7.9, 4.6, 4.2, 11.3, 17.5, 17.4, 15.5, 15.4, 17.5, 19.5, 20.5, 19.4, 19.5, 18.4, 18.4, 17.8, 18.5, 18.4, 17.8, 20.9, 22.7, 21.6, 19.7, 16.7, 15.1, 14.6, 14.8, 12.9, 12.5]","[53.0, 43.0, 51.0, 110.0, 163.0, 166.0, 173.0, 184.0, 191.0, 189.0, 185.0, 182.0, 181.0, 178.0, 177.0, 168.0, 159.0, 153.0, 149.0, 144.0, 144.0, 153.0, 152.0, 156.0, 155.0, 152.0, 170.0, 166.0, 167.0, 168.0]"
20-4,Maroubra,east,100,2023-01-05,0,17.0,1,2023,"[19.6, 18.8, 18.9, 21.5, 21.3, 20.5, 21.6, 26.0, 29.5, 29.3, 27.4, 26.7, 27.0, 30.7, 29.2, 29.5, 30.6, 32.2, 31.4, 29.5, 29.2, 28.4, 28.5, 27.1, 25.6, 23.2, 20.1, 19.5, 19.7, 18.5]","[167.0, 173.0, 189.0, 189.0, 196.0, 198.0, 198.0, 194.0, 189.0, 185.0, 184.0, 185.0, 189.0, 184.0, 184.0, 181.0, 181.0, 185.0, 185.0, 182.0, 179.0, 181.0, 184.0, 184.0, 184.0, 187.0, 189.0, 196.0, 198.0, 204.0]"
20-4,Maroubra,east,100,2006-09-12,0,17.0,9,2006,"[18.0, 17.3, 13.0, 11.2, 12.0, 13.1, 14.4, 13.7, 14.0, 14.4, 14.1, 13.6, 13.7, 14.7, 14.2, 18.3, 19.9, 21.2, 21.3, 20.2, 17.7, 17.0, 16.0, 13.3, 11.9, 11.5, 9.6, 9.1, 8.4, 6.9]","[178.0, 178.0, 177.0, 184.0, 187.0, 188.0, 184.0, 183.0, 181.0, 183.0, 186.0, 192.0, 198.0, 202.0, 207.0, 195.0, 185.0, 179.0, 177.0, 177.0, 175.0, 174.0, 172.0, 167.0, 166.0, 166.0, 167.0, 173.0, 170.0, 174.0]"
20-5,Maroubra,east,100,2019-10-15,1,16.0,10,2019,"[11.6, 9.6, 8.2, 7.9, 6.1, 5.9, 6.0, 6.9, 4.4, 1.5, 2.1, 2.1, 2.1, 1.1, 0.8, 1.6, 6.1, 11.5, 15.0, 16.0, 17.6, 19.7, 19.1, 16.6, 13.8, 9.5, 6.1, 5.0, 4.5, 4.7]","[54.0, 56.0, 52.0, 39.0, 45.0, 47.0, 57.0, 62.0, 35.0, 256.0, 211.0, 211.0, 211.0, 198.0, 297.0, 27.0, 50.0, 51.0, 55.0, 54.0, 55.0, 59.0, 58.0, 56.0, 47.0, 37.0, 50.0, 69.0, 76.0, 81.0]"
20-5,Maroubra,east,100,2011-07-19,0,16.0,7,2011,"[7.4, 11.1, 15.9, 14.9, 13.4, 11.5, 12.3, 12.7, 13.0, 13.4, 14.8, 16.0, 15.8, 15.0, 16.0, 16.2, 16.3, 17.3, 19.2, 20.9, 20.5, 20.1, 20.8, 23.8, 25.3, 24.9, 24.0, 25.5, 28.5, 31.7]","[247.0, 245.0, 252.0, 255.0, 262.0, 266.0, 265.0, 263.0, 265.0, 264.0, 264.0, 262.0, 258.0, 253.0, 261.0, 257.0, 252.0, 247.0, 244.0, 246.0, 255.0, 261.0, 252.0, 241.0, 237.0, 239.0, 234.0, 222.0, 212.0, 206.0]"
20-5,Maroubra,east,100,2010-06-22,0,16.0,6,2010,"[10.3, 10.5, 8.6, 7.9, 8.0, 7.3, 5.9, 6.3, 6.5, 6.4, 7.2, 8.2, 9.0, 9.6, 10.6, 11.9, 13.4, 14.6, 14.1, 12.9, 12.1, 12.0, 11.5, 10.8, 9.6, 9.4, 7.5, 8.0, 8.1, 8.2]","[168.0, 172.0, 178.0, 183.0, 185.0, 191.0, 194.0, 193.0, 199.0, 207.0, 207.0, 203.0, 203.0, 200.0, 198.0, 183.0, 172.0, 164.0, 161.0, 162.0, 163.0, 159.0, 160.0, 159.0, 160.0, 157.0, 163.0, 162.0, 159.0, 151.0]"
20-5,Maroubra,east,100,2024-12-26,0,16.0,12,2024,"[14.8, 10.9, 6.8, 3.7, 4.0, 3.6, 3.5, 3.1, 2.9, 4.0, 4.8, 5.0, 6.2, 9.2, 8.7, 12.3, 15.2, 17.1, 18.4, 20.6, 22.8, 25.2, 26.4, 26.1, 24.5, 21.9, 21.5, 20.8, 18.6, 15.0]","[87.0, 81.0, 72.0, 55.0, 58.0, 57.0, 51.0, 40.0, 11.0, 355.0, 345.0, 347.0, 350.0, 3.0, 8.0, 23.0, 31.0, 35.0, 39.0, 47.0, 53.0, 55.0, 54.0, 51.0, 48.0, 42.0, 30.0, 21.0, 15.0, 10.0]"
20-6,Maroubra,east,100,2019-12-01,1,8.0,12,2019,"[7.9, 5.2, 3.1, 12.9, 18.0, 18.3, 18.0, 16.9, 14.1, 10.5, 6.7, 4.0, 3.2, 2.3, 4.1, 8.0, 12.4, 15.0, 16.4, 16.3, 19.1, 16.9, 14.1, 9.9, 6.1, 1.8, 10.5, 17.1, 15.5, 14.3]","[43.0, 56.0, 126.0, 162.0, 168.0, 165.0, 164.0, 164.0, 165.0, 164.0, 164.0, 170.0, 153.0, 108.0, 52.0, 36.0, 10.0, 17.0, 26.0, 35.0, 58.0, 52.0, 40.0, 19.0, 28.0, 270.0, 264.0, 263.0, 275.0, 282.0]"
20-6,Maroubra,east,100,2006-06-16,0,8.0,6,2006,"[12.3, 13.5, 14.8, 14.7, 14.0, 13.5, 13.0, 13.1, 13.6, 14.1, 13.7, 12.9, 12.1, 12.2, 13.0, 11.5, 9.7, 8.7, 8.4, 8.7, 9.0, 10.6, 11.0, 12.0, 12.9, 12.6, 10.5, 9.8, 10.8, 12.1]","[238.0, 241.0, 244.0, 248.0, 252.0, 254.0, 256.0, 254.0, 253.0, 251.0, 252.0, 252.0, 253.0, 251.0, 251.0, 250.0, 248.0, 240.0, 220.0, 197.0, 182.0, 170.0, 161.0, 159.0, 162.0, 167.0, 184.0, 204.0, 210.0, 210.0]"
20-6,Maroubra,east,100,2019-12-15,0,8.0,12,2019,"[17.6, 14.7, 13.7, 13.4, 14.4, 14.5, 12.5, 11.8, 11.4, 10.0, 7.2, 4.3, 6.0, 7.2, 8.3, 9.2, 9.3, 9.2, 10.2, 10.5, 9.9, 9.3, 5.2, 1.4, 5.2, 10.7, 6.6, 4.7, 4.0, 7.9]","[134.0, 144.0, 150.0, 149.0, 143.0, 136.0, 131.0, 121.0, 114.0, 105.0, 90.0, 66.0, 17.0, 354.0, 342.0, 334.0, 347.0, 11.0, 23.0, 27.0, 33.0, 36.0, 16.0, 360.0, 56.0, 40.0, 22.0, 9.0, 280.0, 240.0]"
20-6,Maroubra,east,100,2009-06-02,0,8.0,6,2009,"[2.8, 3.5, 5.7, 5.0, 5.2, 5.1, 5.2, 5.1, 4.7, 5.8, 5.8, 5.8, 5.2, 5.9, 2.5, 2.5, 4.8, 6.5, 7.3, 8.0, 7.6, 7.9, 8.6, 6.8, 6.1, 5.2, 4.0, 3.5, 3.6, 4.1]","[130.0, 156.0, 198.0, 201.0, 192.0, 188.0, 192.0, 188.0, 189.0, 184.0, 184.0, 187.0, 155.0, 128.0, 188.0, 172.0, 132.0, 109.0, 101.0, 98.0, 95.0, 93.0, 92.0, 72.0, 62.0, 78.0, 100.0, 114.0, 96.0, 75.0]"
20-7,Maroubra,east,100,2020-06-18,1,14.0,6,2020,"[15.6, 14.7, 9.4, 10.5, 10.6, 9.5, 8.4, 7.6, 7.7, 7.8, 7.4, 6.7, 6.3, 6.6, 4.1, 5.4, 5.5, 5.5, 7.0, 6.6, 5.4, 5.0, 4.3, 6.2, 7.1, 7.3, 4.5, 3.3, 3.3, 3.8]","[172.0, 169.0, 176.0, 174.0, 170.0, 169.0, 173.0, 172.0, 169.0, 167.0, 166.0, 164.0, 167.0, 171.0, 225.0, 222.0, 203.0, 169.0, 125.0, 103.0, 82.0, 69.0, 66.0, 69.0, 66.0, 57.0, 61.0, 354.0, 319.0, 319.0]"
20-7,Maroubra,east,100,2011-05-09,0,14.0,5,2011,"[4.4, 6.5, 11.1, 11.0, 10.8, 10.9, 10.5, 10.1, 9.7, 9.7, 10.2, 10.7, 11.7, 13.0, 16.6, 20.8, 24.4, 26.8, 27.1, 26.0, 26.4, 26.4, 26.2, 25.2, 25.0, 25.3, 21.5, 21.0, 20.8, 20.8]","[125.0, 186.0, 205.0, 221.0, 233.0, 236.0, 239.0, 243.0, 243.0, 239.0, 231.0, 220.0, 214.0, 214.0, 210.0, 203.0, 194.0, 186.0, 185.0, 183.0, 185.0, 186.0, 188.0, 190.0, 192.0, 191.0, 201.0, 202.0, 203.0, 206.0]"
20-7,Maroubra,east,100,2008-10-31,0,14.0,10,2008,"[12.9, 14.7, 13.4, 11.2, 7.7, 7.2, 6.6, 5.9, 5.8, 5.3, 8.7, 11.9, 13.6, 14.6, 17.2, 20.6, 25.0, 26.2, 25.3, 25.9, 25.8, 24.3, 19.8, 14.5, 20.9, 24.1, 22.2, 21.7, 18.5, 14.2]","[23.0, 28.0, 20.0, 354.0, 332.0, 323.0, 319.0, 284.0, 266.0, 28.0, 7.0, 355.0, 348.0, 351.0, 349.0, 344.0, 330.0, 316.0, 306.0, 297.0, 289.0, 282.0, 271.0, 235.0, 177.0, 160.0, 160.0, 156.0, 153.0, 156.0]"
20-7,Maroubra,east,100,2016-08-15,0,14.0,8,2016,"[6.6, 6.8, 7.6, 7.6, 5.7, 3.8, 3.7, 6.1, 6.8, 6.3, 6.2, 6.2, 5.8, 5.4, 6.9, 4.7, 4.3, 5.6, 6.9, 9.1, 9.9, 10.3, 10.7, 11.1, 12.5, 12.2, 9.4, 8.2, 7.9, 7.8]","[119.0, 115.0, 109.0, 87.0, 72.0, 41.0, 331.0, 310.0, 295.0, 283.0, 280.0, 277.0, 274.0, 266.0, 261.0, 279.0, 294.0, 320.0, 351.0, 9.0, 19.0, 29.0, 45.0, 54.0, 51.0, 43.0, 32.0, 15.0, 357.0, 347.0]"
20-8,Maroubra,east,100,2020-11-01,1,17.0,11,2020,"[22.0, 20.4, 10.2, 12.4, 12.1, 14.4, 16.3, 16.2, 16.9, 16.2, 15.0, 15.8, 18.7, 20.2, 23.7, 24.5, 26.3, 26.1, 27.7, 30.8, 31.7, 29.6, 28.0, 26.1, 24.7, 23.7, 23.4, 22.2, 20.9, 19.7]","[235.0, 222.0, 228.0, 244.0, 260.0, 257.0, 245.0, 238.0, 232.0, 233.0, 228.0, 221.0, 214.0, 215.0, 213.0, 210.0, 202.0, 203.0, 206.0, 204.0, 197.0, 193.0, 192.0, 192.0, 193.0, 194.0, 190.0, 193.0, 195.0, 198.0]"
20-8,Maroubra,east,100,2021-01-15,0,17.0,1,2021,"[12.6, 24.5, 16.3, 17.8, 19.4, 18.0, 16.1, 14.1, 12.3, 10.6, 9.9, 9.8, 10.1, 9.5, 4.7, 1.8, 4.4, 8.4, 10.2, 13.2, 14.3, 13.5, 12.5, 11.4, 9.1, 4.3, 4.7, 11.9, 22.1, 22.7]","[149.0, 170.0, 174.0, 188.0, 191.0, 192.0, 196.0, 199.0, 201.0, 198.0, 190.0, 186.0, 186.0, 189.0, 180.0, 270.0, 9.0, 25.0, 32.0, 43.0, 43.0, 46.0, 41.0, 35.0, 34.0, 355.0, 266.0, 256.0, 244.0, 237.0]"
20-8,Maroubra,east,100,2008-07-26,0,17.0,7,2008,"[11.5, 11.9, 9.5, 8.4, 8.2, 8.4, 8.6, 8.9, 9.4, 9.7, 9.5, 9.7, 8.7, 8.4, 9.0, 7.4, 7.9, 9.0, 10.2, 12.2, 11.4, 8.8, 5.8, 5.8, 5.1, 2.3, 7.2, 6.8, 8.3, 8.7]","[180.0, 183.0, 191.0, 205.0, 218.0, 230.0, 237.0, 238.0, 238.0, 239.0, 241.0, 243.0, 246.0, 250.0, 254.0, 256.0, 254.0, 247.0, 228.0, 223.0, 215.0, 199.0, 173.0, 150.0, 141.0, 162.0, 252.0, 267.0, 270.0, 275.0]"
20-8,Maroubra,east,100,2018-08-29,0,17.0,8,2018,"[11.4, 10.5, 6.5, 6.2, 6.1, 6.3, 6.6, 6.6, 6.6, 7.1, 7.3, 7.6, 7.6, 7.3, 7.1, 8.2, 10.8, 10.5, 9.8, 9.4, 10.1, 11.5, 12.4, 10.2, 6.1, 5.4, 3.2, 4.8, 7.1, 8.2]","[145.0, 153.0, 177.0, 201.0, 225.0, 239.0, 248.0, 248.0, 241.0, 240.0, 237.0, 239.0, 239.0, 237.0, 229.0, 229.0, 217.0, 207.0, 197.0, 187.0, 174.0, 160.0, 150.0, 135.0, 130.0, 138.0, 180.0, 228.0, 240.0, 241.0]"
20-9,Maroubra,east,100,2022-09-07,1,17.0,9,2022,"[6.1, 6.2, 4.1, 4.2, 4.1, 4.0, 4.3, 3.0, 4.9, 4.7, 4.2, 3.9, 5.8, 3.4, 3.6, 2.7, 0.4, 3.8, 7.4, 9.7, 11.3, 11.8, 12.4, 11.1, 9.8, 9.2, 6.0, 6.3, 8.6, 6.8]","[156.0, 173.0, 193.0, 211.0, 195.0, 172.0, 158.0, 197.0, 246.0, 252.0, 239.0, 223.0, 202.0, 196.0, 198.0, 172.0, 297.0, 49.0, 68.0, 62.0, 61.0, 57.0, 57.0, 59.0, 52.0, 42.0, 46.0, 35.0, 33.0, 27.0]"
20-9,Maroubra,east,100,2010-11-21,0,17.0,11,2010,"[13.0, 11.8, 10.7, 9.8, 8.9, 9.0, 9.3, 8.4, 6.7, 5.1, 4.3, 3.6, 3.6, 4.3, 8.3, 10.3, 12.5, 14.2, 16.2, 17.3, 17.4, 17.6, 17.7, 17.0, 14.9, 12.0, 9.4, 7.1, 7.2, 6.3]","[51.0, 40.0, 40.0, 28.0, 14.0, 2.0, 347.0, 335.0, 324.0, 315.0, 312.0, 307.0, 315.0, 355.0, 18.0, 36.0, 49.0, 54.0, 58.0, 59.0, 60.0, 59.0, 57.0, 58.0, 53.0, 49.0, 43.0, 45.0, 53.0, 59.0]"
20-9,Maroubra,east,100,2016-06-06,0,17.0,6,2016,"[7.9, 19.4, 5.1, 19.3, 27.6, 33.5, 31.1, 24.7, 15.3, 11.6, 12.8, 14.7, 15.1, 16.7, 18.8, 20.2, 18.8, 17.5, 19.1, 21.4, 22.6, 21.5, 20.4, 20.6, 20.2, 20.5, 17.3, 14.6, 12.0, 12.4]","[204.0, 235.0, 266.0, 249.0, 253.0, 258.0, 257.0, 262.0, 279.0, 300.0, 302.0, 298.0, 288.0, 277.0, 274.0, 270.0, 263.0, 256.0, 258.0, 262.0, 261.0, 260.0, 261.0, 264.0, 266.0, 268.0, 268.0, 279.0, 291.0, 300.0]"
20-9,Maroubra,east,100,2021-09-18,0,17.0,9,2021,"[19.6, 19.6, 17.6, 17.4, 15.5, 13.4, 11.9, 10.1, 8.6, 8.0, 10.1, 10.5, 12.8, 15.0, 13.4, 14.1, 16.3, 15.6, 13.6, 15.2, 18.6, 20.9, 18.0, 12.5, 14.9, 17.5, 15.3, 17.1, 13.7, 9.0]","[44.0, 36.0, 35.0, 27.0, 18.0, 8.0, 3.0, 354.0, 345.0, 355.0, 354.0, 354.0, 350.0, 343.0, 354.0, 357.0, 5.0, 352.0, 328.0, 306.0, 288.0, 274.0, 272.0, 282.0, 285.0, 279.0, 279.0, 277.0, 256.0, 254.0]"
20-10,Maroubra,east,100,2022-10-01,1,,10,2022,"[15.2, 15.7, 14.9, 14.0, 12.3, 13.1, 13.1, 12.5, 12.3, 12.8, 12.8, 12.8, 12.1, 12.2, 12.7, 14.3, 13.7, 14.2, 14.8, 14.9, 15.4, 16.5, 15.3, 13.8, 11.2, 9.9, 6.7, 6.8, 6.4, 5.8]","[157.0, 150.0, 145.0, 145.0, 151.0, 157.0, 162.0, 168.0, 172.0, 178.0, 179.0, 178.0, 174.0, 172.0, 168.0, 157.0, 153.0, 151.0, 150.0, 148.0, 137.0, 145.0, 146.0, 147.0, 152.0, 159.0, 180.0, 177.0, 172.0, 180.0]"
20-10,Maroubra,east,100,2011-10-01,0,,10,2011,"[13.8, 12.3, 9.7, 9.0, 9.0, 8.2, 7.4, 6.9, 6.8, 6.5, 6.6, 5.3, 3.6, 2.2, 2.5, 1.4, 2.3, 7.8, 13.3, 15.6, 13.4, 13.1, 13.4, 14.0, 15.2, 16.9, 17.7, 17.7, 21.3, 23.1]","[285.0, 291.0, 292.0, 293.0, 299.0, 308.0, 321.0, 332.0, 335.0, 326.0, 311.0, 298.0, 276.0, 261.0, 262.0, 270.0, 108.0, 112.0, 103.0, 109.0, 114.0, 127.0, 149.0, 162.0, 175.0, 179.0, 185.0, 193.0, 196.0, 198.0]"
20-10,Maroubra,east,100,2023-04-20,0,,4,2023,"[10.1, 8.5, 6.1, 2.6, 10.7, 13.4, 15.4, 17.6, 20.0, 23.0, 22.7, 23.3, 23.5, 23.1, 15.9, 15.1, 15.1, 15.1, 14.4, 14.6, 16.0, 15.2, 16.8, 15.3, 14.2, 13.1, 11.2, 10.2, 10.2, 9.7]","[55.0, 54.0, 62.0, 124.0, 192.0, 194.0, 191.0, 181.0, 173.0, 170.0, 170.0, 172.0, 174.0, 176.0, 177.0, 181.0, 181.0, 180.0, 177.0, 170.0, 172.0, 175.0, 170.0, 172.0, 171.0, 171.0, 184.0, 190.0, 188.0, 184.0]"
20-10,Maroubra,east,100,2014-04-10,0,,4,2014,"[9.2, 7.7, 6.3, 5.2, 4.0, 3.6, 3.3, 3.2, 2.9, 2.6, 3.1, 3.8, 4.0, 3.9, 4.2, 4.2, 2.2, 1.8, 2.1, 0.5, 1.8, 4.0, 4.2, 4.1, 4.8, 6.7, 6.4, 9.2, 8.4, 7.9]","[64.0, 62.0, 59.0, 25.0, 5.0, 360.0, 319.0, 297.0, 277.0, 286.0, 324.0, 311.0, 297.0, 304.0, 290.0, 290.0, 279.0, 281.0, 239.0, 225.0, 11.0, 5.0, 20.0, 52.0, 63.0, 74.0, 63.0, 51.0, 31.0, 16.0]"
20-11,Maroubra,east,100,2022-10-02,1,15.0,10,2022,"[11.2, 9.9, 6.7, 6.8, 6.4, 5.8, 5.8, 6.2, 5.2, 4.7, 5.3, 6.1, 7.0, 6.9, 4.9, 4.8, 3.5, 4.6, 6.0, 7.7, 9.4, 11.8, 11.4, 9.6, 5.0, 3.1, 3.3, 4.0, 5.4, 5.4]","[152.0, 159.0, 180.0, 177.0, 172.0, 180.0, 189.0, 197.0, 221.0, 230.0, 225.0, 227.0, 230.0, 231.0, 231.0, 225.0, 195.0, 167.0, 159.0, 147.0, 128.0, 115.0, 119.0, 118.0, 116.0, 140.0, 167.0, 207.0, 230.0, 240.0]"
20-11,Maroubra,east,100,2009-10-06,0,15.0,10,2009,"[5.2, 8.9, 9.0, 11.3, 12.1, 12.4, 12.2, 11.8, 11.0, 10.2, 9.9, 10.0, 10.0, 9.9, 9.9, 11.6, 11.2, 9.2, 7.7, 8.4, 9.0, 9.4, 9.1, 8.2, 4.8, 5.4, 5.1, 6.3, 6.4, 6.3]","[192.0, 201.0, 196.0, 197.0, 203.0, 206.0, 208.0, 211.0, 218.0, 222.0, 224.0, 218.0, 221.0, 224.0, 226.0, 196.0, 176.0, 169.0, 152.0, 115.0, 90.0, 83.0, 99.0, 128.0, 153.0, 176.0, 184.0, 211.0, 207.0, 239.0]"
20-11,Maroubra,east,100,2019-08-07,0,15.0,8,2019,"[6.5, 3.8, 5.5, 6.9, 7.9, 7.1, 6.9, 7.1, 7.4, 7.6, 7.4, 7.2, 6.7, 6.9, 7.1, 5.6, 5.4, 5.2, 6.5, 7.9, 7.4, 5.4, 2.9, 5.7, 7.4, 7.3, 6.0, 6.9, 8.0, 8.0]","[93.0, 73.0, 328.0, 309.0, 294.0, 294.0, 298.0, 300.0, 299.0, 295.0, 293.0, 297.0, 306.0, 317.0, 311.0, 315.0, 323.0, 335.0, 341.0, 321.0, 309.0, 318.0, 353.0, 35.0, 29.0, 33.0, 25.0, 39.0, 10.0, 350.0]"
20-11,Maroubra,east,100,2019-08-18,0,15.0,8,2019,"[7.1, 6.6, 6.4, 3.9, 4.7, 6.2, 6.6, 5.4, 5.4, 5.4, 5.8, 5.8, 6.3, 5.5, 5.3, 4.8, 8.7, 14.0, 16.8, 18.5, 19.3, 20.3, 20.2, 20.1, 22.5, 24.2, 25.1, 23.3, 17.6, 12.0]","[135.0, 139.0, 164.0, 214.0, 266.0, 280.0, 279.0, 278.0, 270.0, 270.0, 274.0, 277.0, 283.0, 293.0, 298.0, 318.0, 355.0, 12.0, 23.0, 29.0, 33.0, 37.0, 41.0, 44.0, 40.0, 33.0, 27.0, 20.0, 360.0, 327.0]"
20-12,Maroubra,east,100,2022-10-07,1,10.0,10,2022,"[12.6, 11.9, 6.0, 8.0, 9.9, 9.9, 8.1, 6.3, 5.0, 4.1, 3.9, 4.1, 4.8, 4.8, 3.3, 7.7, 10.8, 13.1, 13.0, 13.6, 12.1, 13.8, 14.5, 15.1, 13.9, 13.2, 11.4, 9.6, 9.4, 8.8]","[34.0, 27.0, 17.0, 16.0, 4.0, 1.0, 354.0, 345.0, 341.0, 347.0, 338.0, 319.0, 307.0, 331.0, 36.0, 24.0, 24.0, 23.0, 10.0, 6.0, 6.0, 7.0, 17.0, 25.0, 20.0, 17.0, 12.0, 6.0, 4.0, 356.0]"
20-12,Maroubra,east,100,2022-11-05,0,10.0,11,2022,"[10.5, 9.2, 6.0, 6.6, 6.4, 6.2, 5.8, 5.6, 3.9, 3.5, 3.5, 4.6, 4.0, 3.6, 1.2, 4.5, 8.0, 10.9, 12.5, 13.2, 14.8, 15.4, 15.7, 15.2, 12.5, 10.3, 8.5, 8.0, 7.6, 7.5]","[71.0, 74.0, 63.0, 57.0, 50.0, 41.0, 36.0, 31.0, 16.0, 336.0, 298.0, 281.0, 278.0, 307.0, 321.0, 43.0, 52.0, 57.0, 57.0, 59.0, 63.0, 61.0, 60.0, 57.0, 53.0, 47.0, 46.0, 31.0, 19.0, 15.0]"
20-12,Maroubra,east,100,2022-02-19,0,10.0,2,2022,"[23.7, 21.0, 17.2, 18.9, 20.4, 21.2, 21.8, 20.5, 20.1, 18.8, 16.5, 15.7, 14.9, 13.6, 9.4, 10.7, 10.6, 10.1, 8.9, 8.3, 9.3, 10.2, 11.4, 11.7, 11.1, 9.5, 8.3, 9.3, 10.0, 9.8]","[153.0, 154.0, 148.0, 144.0, 150.0, 152.0, 151.0, 149.0, 151.0, 154.0, 158.0, 160.0, 159.0, 156.0, 173.0, 168.0, 161.0, 153.0, 144.0, 136.0, 119.0, 104.0, 95.0, 86.0, 82.0, 75.0, 74.0, 66.0, 51.0, 35.0]"
20-12,Maroubra,east,100,2008-07-27,0,10.0,7,2008,"[5.1, 2.3, 7.2, 6.8, 8.3, 8.7, 8.4, 8.3, 8.3, 8.0, 7.6, 7.2, 6.6, 6.3, 7.4, 6.2, 5.3, 5.4, 4.4, 0.7, 0.4, 4.0, 7.3, 6.6, 4.8, 7.3, 8.4, 8.3, 9.9, 9.8]","[141.0, 162.0, 252.0, 267.0, 270.0, 275.0, 277.0, 275.0, 275.0, 275.0, 275.0, 276.0, 279.0, 283.0, 284.0, 291.0, 298.0, 290.0, 279.0, 180.0, 360.0, 243.0, 169.0, 158.0, 193.0, 237.0, 245.0, 214.0, 199.0, 204.0]"
20-13,Maroubra,east,100,2022-10-08,1,11.0,10,2022,"[13.9, 13.2, 11.4, 9.6, 9.4, 8.8, 8.2, 7.3, 5.4, 5.7, 5.5, 4.6, 5.4, 5.3, 2.8, 2.7, 4.1, 3.8, 1.4, 5.9, 11.7, 15.7, 15.9, 16.5, 15.4, 14.4, 15.5, 16.1, 16.2, 17.3]","[20.0, 17.0, 12.0, 6.0, 4.0, 356.0, 350.0, 329.0, 318.0, 316.0, 308.0, 318.0, 330.0, 325.0, 281.0, 293.0, 337.0, 5.0, 310.0, 142.0, 146.0, 148.0, 151.0, 145.0, 143.0, 149.0, 193.0, 200.0, 216.0, 222.0]"
20-13,Maroubra,east,100,2023-07-20,0,11.0,7,2023,"[8.1, 8.1, 3.6, 4.7, 5.6, 5.8, 6.4, 6.2, 6.3, 6.2, 5.8, 5.8, 6.3, 6.4, 7.0, 4.6, 5.1, 6.9, 8.5, 9.1, 8.8, 8.4, 6.5, 8.8, 9.4, 9.8, 8.1, 8.0, 9.5, 10.1]","[148.0, 148.0, 217.0, 238.0, 243.0, 248.0, 254.0, 260.0, 257.0, 260.0, 266.0, 274.0, 283.0, 286.0, 282.0, 288.0, 315.0, 332.0, 348.0, 353.0, 351.0, 353.0, 360.0, 9.0, 353.0, 324.0, 302.0, 278.0, 279.0, 297.0]"
20-13,Maroubra,east,100,2024-07-16,0,11.0,7,2024,"[16.7, 15.8, 15.4, 14.6, 15.2, 15.6, 15.4, 14.2, 14.1, 14.3, 13.0, 11.6, 11.7, 12.3, 13.9, 14.5, 14.8, 19.8, 21.9, 22.8, 21.6, 19.1, 17.1, 16.2, 16.6, 17.3, 14.6, 15.1, 17.1, 18.0]","[295.0, 302.0, 312.0, 320.0, 318.0, 321.0, 323.0, 325.0, 329.0, 332.0, 334.0, 334.0, 329.0, 323.0, 318.0, 316.0, 310.0, 273.0, 258.0, 256.0, 260.0, 266.0, 269.0, 271.0, 274.0, 274.0, 274.0, 268.0, 269.0, 268.0]"
20-13,Maroubra,east,100,2009-09-03,0,11.0,9,2009,"[14.2, 12.5, 6.4, 6.0, 6.2, 6.2, 6.5, 5.6, 6.1, 6.3, 6.5, 7.0, 6.8, 5.1, 4.5, 6.9, 10.6, 13.2, 13.3, 12.7, 9.5, 13.3, 14.5, 16.5, 17.9, 17.2, 14.9, 15.7, 15.9, 13.8]","[63.0, 51.0, 38.0, 17.0, 7.0, 10.0, 360.0, 345.0, 332.0, 347.0, 357.0, 21.0, 25.0, 356.0, 346.0, 9.0, 24.0, 22.0, 360.0, 345.0, 349.0, 357.0, 6.0, 16.0, 15.0, 11.0, 8.0, 9.0, 13.0, 6.0]"
20-14,Maroubra,east,100,2022-10-10,1,10.0,10,2022,"[10.3, 7.9, 4.1, 4.2, 5.2, 4.9, 4.9, 5.4, 8.1, 11.2, 13.0, 12.4, 11.7, 11.2, 9.9, 10.7, 10.3, 9.9, 9.3, 9.4, 9.3, 10.5, 11.1, 10.2, 9.0, 9.9, 5.6, 5.4, 5.3, 4.1]","[151.0, 153.0, 167.0, 216.0, 239.0, 246.0, 242.0, 220.0, 186.0, 174.0, 170.0, 170.0, 171.0, 176.0, 183.0, 171.0, 155.0, 134.0, 114.0, 108.0, 99.0, 97.0, 98.0, 97.0, 92.0, 86.0, 69.0, 75.0, 80.0, 88.0]"
20-14,Maroubra,east,100,2012-12-23,0,10.0,12,2012,"[20.2, 17.8, 15.4, 12.8, 11.2, 9.6, 8.8, 7.7, 6.0, 5.2, 5.1, 5.7, 6.8, 9.9, 4.5, 4.8, 9.7, 13.0, 16.1, 18.7, 21.5, 22.6, 20.9, 19.2, 18.8, 17.1, 19.1, 17.7, 15.6, 14.2]","[50.0, 45.0, 37.0, 38.0, 33.0, 34.0, 35.0, 28.0, 25.0, 34.0, 39.0, 35.0, 25.0, 19.0, 346.0, 48.0, 59.0, 51.0, 50.0, 52.0, 55.0, 53.0, 48.0, 50.0, 47.0, 42.0, 36.0, 33.0, 26.0, 27.0]"
20-14,Maroubra,east,100,2008-06-04,0,10.0,6,2008,"[11.8, 14.1, 15.1, 14.8, 14.9, 15.3, 16.4, 14.4, 14.5, 15.9, 16.8, 17.3, 18.1, 17.9, 16.0, 17.9, 16.3, 15.9, 16.3, 17.6, 19.9, 20.4, 21.5, 22.0, 20.9, 22.8, 25.6, 25.4, 25.2, 24.4]","[121.0, 109.0, 108.0, 108.0, 105.0, 114.0, 116.0, 122.0, 125.0, 129.0, 132.0, 135.0, 139.0, 142.0, 149.0, 140.0, 131.0, 129.0, 135.0, 137.0, 135.0, 136.0, 140.0, 145.0, 151.0, 149.0, 166.0, 168.0, 171.0, 171.0]"
20-14,Maroubra,east,100,2018-12-27,0,10.0,12,2018,"[15.1, 14.3, 11.5, 9.5, 7.8, 8.4, 9.7, 9.4, 6.4, 5.6, 5.4, 5.4, 7.1, 7.6, 5.4, 6.3, 7.8, 10.2, 12.3, 14.6, 17.2, 18.9, 18.8, 17.1, 16.3, 14.8, 12.0, 12.1, 11.9, 11.9]","[50.0, 47.0, 46.0, 37.0, 34.0, 40.0, 45.0, 40.0, 27.0, 27.0, 42.0, 37.0, 30.0, 25.0, 8.0, 13.0, 22.0, 32.0, 40.0, 50.0, 53.0, 50.0, 47.0, 46.0, 45.0, 43.0, 33.0, 27.0, 29.0, 29.0]"
20-15,Maroubra,east,100,2022-10-11,1,13.0,10,2022,"[9.0, 9.9, 5.6, 5.4, 5.3, 4.1, 3.1, 2.3, 2.5, 3.3, 3.6, 4.5, 3.4, 3.6, 1.6, 5.4, 9.7, 11.1, 11.7, 12.4, 12.8, 12.9, 13.1, 11.1, 9.3, 9.4, 6.7, 6.6, 7.1, 7.8]","[92.0, 86.0, 69.0, 75.0, 80.0, 88.0, 111.0, 129.0, 150.0, 158.0, 162.0, 133.0, 108.0, 90.0, 96.0, 76.0, 65.0, 58.0, 59.0, 57.0, 55.0, 55.0, 54.0, 53.0, 53.0, 55.0, 54.0, 49.0, 45.0, 42.0]"
20-15,Maroubra,east,100,2006-07-30,0,13.0,7,2006,"[7.2, 8.4, 8.0, 7.7, 7.2, 7.0, 6.8, 5.9, 7.6, 8.7, 8.7, 9.2, 9.4, 10.2, 11.3, 11.1, 13.3, 14.5, 13.8, 13.0, 12.3, 11.2, 8.7, 8.4, 9.5, 10.1, 9.7, 8.9, 7.4, 7.8]","[333.0, 320.0, 306.0, 307.0, 307.0, 305.0, 295.0, 284.0, 275.0, 275.0, 277.0, 281.0, 288.0, 293.0, 297.0, 295.0, 289.0, 276.0, 277.0, 284.0, 285.0, 285.0, 287.0, 290.0, 281.0, 276.0, 272.0, 284.0, 309.0, 326.0]"
20-15,Maroubra,east,100,2012-12-30,0,13.0,12,2012,"[16.1, 15.4, 13.3, 12.0, 12.3, 10.9, 9.5, 7.9, 7.0, 6.6, 6.2, 6.5, 8.0, 10.5, 10.0, 10.2, 10.4, 11.3, 11.9, 12.6, 13.0, 14.4, 16.2, 14.1, 14.1, 13.8, 9.7, 9.4, 9.2, 7.5]","[110.0, 123.0, 131.0, 129.0, 122.0, 117.0, 115.0, 114.0, 111.0, 112.0, 111.0, 109.0, 108.0, 106.0, 69.0, 72.0, 76.0, 81.0, 85.0, 90.0, 95.0, 93.0, 91.0, 87.0, 86.0, 84.0, 94.0, 86.0, 69.0, 55.0]"
20-15,Maroubra,east,100,2018-12-03,0,13.0,12,2018,"[22.1, 21.6, 22.5, 17.8, 13.7, 10.8, 8.2, 5.8, 3.4, 3.0, 4.1, 5.4, 8.0, 11.1, 11.3, 12.8, 13.7, 13.9, 14.5, 15.5, 15.9, 15.1, 13.4, 11.4, 11.4, 10.9, 12.4, 11.7, 11.9, 13.8]","[173.0, 165.0, 160.0, 159.0, 157.0, 154.0, 157.0, 180.0, 212.0, 256.0, 308.0, 318.0, 324.0, 335.0, 307.0, 292.0, 288.0, 291.0, 289.0, 282.0, 276.0, 269.0, 262.0, 257.0, 259.0, 264.0, 248.0, 259.0, 273.0, 277.0]"
20-16,Maroubra,east,100,2022-10-12,1,10.0,10,2022,"[9.3, 9.4, 6.7, 6.6, 7.1, 7.8, 7.8, 5.1, 4.6, 4.1, 2.2, 1.5, 3.6, 2.3, 3.1, 2.2, 6.0, 9.7, 12.6, 15.2, 17.0, 19.1, 18.4, 16.0, 14.6, 14.5, 12.9, 12.6, 12.5, 13.0]","[53.0, 55.0, 54.0, 49.0, 45.0, 42.0, 34.0, 356.0, 291.0, 268.0, 261.0, 30.0, 53.0, 4.0, 277.0, 351.0, 33.0, 42.0, 44.0, 50.0, 51.0, 51.0, 53.0, 55.0, 55.0, 54.0, 46.0, 43.0, 40.0, 38.0]"
20-16,Maroubra,east,100,2021-03-20,0,10.0,3,2021,"[14.3, 16.6, 14.0, 16.3, 17.3, 17.6, 19.9, 21.1, 20.2, 20.2, 20.1, 18.6, 19.2, 19.3, 18.6, 18.7, 15.9, 19.0, 24.4, 27.5, 20.9, 22.0, 20.5, 25.7, 23.1, 26.9, 23.1, 28.2, 28.0, 25.0]","[133.0, 131.0, 138.0, 139.0, 138.0, 139.0, 139.0, 137.0, 139.0, 139.0, 137.0, 137.0, 142.0, 143.0, 133.0, 130.0, 129.0, 123.0, 124.0, 116.0, 91.0, 79.0, 88.0, 85.0, 86.0, 78.0, 85.0, 80.0, 78.0, 83.0]"
20-16,Maroubra,east,100,2014-06-02,0,10.0,6,2014,"[4.3, 4.0, 4.3, 4.8, 4.7, 5.2, 5.2, 6.1, 6.6, 7.1, 6.4, 5.6, 4.6, 3.3, 6.5, 4.6, 5.0, 6.1, 8.4, 9.6, 10.1, 9.8, 7.2, 8.0, 7.9, 8.4, 8.3, 9.1, 9.7, 10.4]","[85.0, 63.0, 204.0, 222.0, 238.0, 245.0, 236.0, 230.0, 229.0, 229.0, 232.0, 243.0, 252.0, 264.0, 289.0, 288.0, 300.0, 310.0, 301.0, 290.0, 287.0, 287.0, 288.0, 280.0, 270.0, 263.0, 252.0, 261.0, 270.0, 272.0]"
20-16,Maroubra,east,100,2014-11-24,0,10.0,11,2014,"[23.1, 21.1, 14.5, 9.4, 0.7, 6.5, 9.6, 9.0, 11.2, 11.0, 9.2, 9.8, 10.7, 12.2, 5.1, 2.4, 1.6, 4.0, 7.9, 11.7, 9.8, 5.8, 16.3, 12.6, 5.2, 1.1, 4.3, 5.8, 8.9, 10.5]","[165.0, 171.0, 161.0, 137.0, 90.0, 236.0, 214.0, 185.0, 165.0, 169.0, 141.0, 114.0, 123.0, 133.0, 129.0, 117.0, 27.0, 63.0, 74.0, 72.0, 82.0, 94.0, 96.0, 87.0, 65.0, 18.0, 5.0, 338.0, 328.0, 338.0]"
20-17,Maroubra,east,100,2022-10-13,1,12.0,10,2022,"[14.6, 14.5, 12.9, 12.6, 12.5, 13.0, 12.9, 10.4, 9.0, 10.0, 7.1, 7.4, 6.5, 7.6, 9.3, 18.6, 18.8, 19.0, 16.7, 20.6, 19.6, 22.2, 21.1, 20.2, 20.7, 20.7, 18.9, 20.1, 19.2, 18.3]","[55.0, 54.0, 46.0, 43.0, 40.0, 38.0, 35.0, 32.0, 31.0, 34.0, 10.0, 6.0, 360.0, 3.0, 27.0, 36.0, 34.0, 37.0, 44.0, 44.0, 48.0, 41.0, 44.0, 49.0, 45.0, 39.0, 36.0, 34.0, 25.0, 24.0]"
20-17,Maroubra,east,100,2022-01-23,0,12.0,1,2022,"[15.5, 13.0, 7.5, 6.9, 8.1, 9.2, 9.0, 9.0, 8.6, 8.5, 7.4, 8.5, 8.4, 8.0, 10.4, 10.7, 11.6, 13.2, 13.7, 13.2, 13.0, 13.6, 14.9, 15.1, 14.8, 11.8, 11.1, 11.1, 10.9, 10.3]","[153.0, 156.0, 163.0, 185.0, 186.0, 186.0, 183.0, 182.0, 180.0, 180.0, 184.0, 192.0, 190.0, 186.0, 180.0, 171.0, 168.0, 154.0, 147.0, 145.0, 145.0, 144.0, 144.0, 145.0, 146.0, 149.0, 153.0, 160.0, 160.0, 155.0]"
20-17,Maroubra,east,100,2010-06-13,0,12.0,6,2010,"[10.8, 10.6, 9.5, 10.0, 10.4, 10.7, 11.2, 12.0, 12.5, 13.0, 13.6, 13.3, 13.1, 12.5, 12.1, 12.4, 12.5, 12.6, 12.1, 11.5, 10.1, 9.4, 7.3, 8.6, 9.0, 9.2, 9.0, 8.8, 8.9, 8.3]","[195.0, 204.0, 217.0, 221.0, 224.0, 225.0, 222.0, 219.0, 219.0, 219.0, 220.0, 218.0, 217.0, 219.0, 233.0, 234.0, 229.0, 217.0, 203.0, 194.0, 186.0, 178.0, 169.0, 158.0, 157.0, 159.0, 180.0, 189.0, 194.0, 198.0]"
20-17,Maroubra,east,100,2007-09-15,0,12.0,9,2007,"[19.8, 18.8, 13.0, 13.1, 12.7, 10.9, 10.0, 9.0, 9.1, 9.8, 10.0, 9.5, 9.8, 9.4, 9.9, 8.2, 5.8, 2.6, 3.1, 5.9, 9.0, 12.6, 16.3, 14.4, 10.4, 6.5, 5.2, 0.4, 1.8, 4.2]","[270.0, 267.0, 276.0, 262.0, 255.0, 262.0, 285.0, 293.0, 288.0, 287.0, 283.0, 279.0, 276.0, 270.0, 260.0, 247.0, 240.0, 214.0, 126.0, 101.0, 90.0, 87.0, 85.0, 86.0, 90.0, 96.0, 115.0, 180.0, 233.0, 250.0]"
20-18,Maroubra,east,100,2022-10-14,1,11.0,10,2022,"[20.7, 20.7, 18.9, 20.1, 19.2, 18.3, 18.8, 17.1, 16.8, 16.7, 16.2, 16.8, 18.2, 17.0, 14.4, 14.3, 21.5, 20.9, 20.0, 20.5, 20.7, 20.9, 18.6, 16.9, 14.2, 13.0, 15.3, 13.6, 11.5, 8.8]","[45.0, 39.0, 36.0, 34.0, 25.0, 24.0, 22.0, 17.0, 16.0, 11.0, 10.0, 10.0, 9.0, 9.0, 359.0, 321.0, 276.0, 270.0, 272.0, 272.0, 272.0, 269.0, 267.0, 269.0, 273.0, 273.0, 267.0, 264.0, 261.0, 270.0]"
20-18,Maroubra,east,100,2019-04-16,0,11.0,4,2019,"[6.9, 7.4, 6.6, 6.3, 6.7, 7.0, 7.2, 7.6, 8.2, 8.7, 9.2, 10.2, 10.4, 10.9, 8.4, 7.8, 8.0, 7.3, 7.4, 7.9, 9.1, 9.3, 9.0, 7.3, 5.4, 5.9, 4.9, 3.1, 1.8, 3.8]","[152.0, 151.0, 189.0, 204.0, 216.0, 215.0, 217.0, 225.0, 229.0, 228.0, 228.0, 228.0, 226.0, 224.0, 223.0, 214.0, 188.0, 169.0, 151.0, 137.0, 124.0, 118.0, 113.0, 110.0, 110.0, 104.0, 126.0, 126.0, 217.0, 229.0]"
20-18,Maroubra,east,100,2021-07-07,0,11.0,7,2021,"[8.0, 8.1, 8.3, 7.7, 7.9, 9.0, 10.4, 10.2, 10.0, 9.7, 9.4, 9.2, 8.8, 8.5, 10.4, 8.4, 7.8, 6.9, 4.9, 2.5, 0.8, 0.0, 1.8, 5.6, 7.4, 7.3, 4.0, 3.4, 3.8, 5.8]","[126.0, 148.0, 182.0, 191.0, 204.0, 217.0, 224.0, 228.0, 229.0, 228.0, 230.0, 231.0, 235.0, 234.0, 250.0, 250.0, 248.0, 242.0, 234.0, 225.0, 243.0, 270.0, 127.0, 135.0, 141.0, 147.0, 180.0, 198.0, 229.0, 240.0]"
20-18,Maroubra,east,100,2024-10-17,0,11.0,10,2024,"[6.5, 8.9, 7.3, 6.5, 5.6, 5.4, 6.0, 5.5, 4.1, 3.2, 3.3, 4.5, 2.7, 3.4, 3.2, 6.3, 8.7, 10.6, 11.6, 11.3, 14.7, 15.2, 15.2, 15.2, 14.3, 13.7, 10.1, 12.1, 12.1, 13.9]","[30.0, 43.0, 23.0, 13.0, 354.0, 334.0, 333.0, 343.0, 337.0, 322.0, 319.0, 313.0, 318.0, 354.0, 341.0, 20.0, 30.0, 34.0, 39.0, 42.0, 50.0, 48.0, 55.0, 60.0, 63.0, 55.0, 43.0, 37.0, 28.0, 24.0]"
20-19,Maroubra,east,100,2022-10-17,1,,10,2022,"[10.0, 10.2, 11.5, 12.1, 13.7, 15.5, 16.8, 16.8, 15.6, 15.4, 15.7, 16.0, 17.3, 18.1, 17.0, 17.5, 17.0, 16.4, 16.3, 15.8, 15.7, 15.9, 15.4, 14.9, 12.7, 12.2, 6.6, 5.8, 7.0, 6.7]","[152.0, 159.0, 177.0, 173.0, 177.0, 181.0, 184.0, 185.0, 186.0, 186.0, 183.0, 177.0, 172.0, 167.0, 161.0, 148.0, 140.0, 133.0, 133.0, 136.0, 136.0, 134.0, 135.0, 128.0, 130.0, 128.0, 125.0, 120.0, 102.0, 90.0]"
20-19,Maroubra,east,100,2020-02-02,0,,2,2020,"[20.0, 19.6, 13.5, 13.9, 13.1, 12.4, 11.1, 7.0, 5.8, 4.3, 5.3, 13.4, 13.8, 10.5, 11.6, 10.8, 10.5, 12.0, 14.3, 20.4, 24.0, 21.7, 22.3, 15.2, 14.1, 12.1, 12.9, 8.9, 7.9, 9.9]","[39.0, 36.0, 42.0, 37.0, 32.0, 30.0, 29.0, 21.0, 30.0, 48.0, 152.0, 174.0, 174.0, 174.0, 158.0, 154.0, 158.0, 136.0, 129.0, 138.0, 139.0, 140.0, 170.0, 149.0, 128.0, 127.0, 157.0, 159.0, 150.0, 123.0]"
20-19,Maroubra,east,100,2011-06-13,0,,6,2011,"[21.0, 19.2, 22.5, 21.2, 20.7, 20.6, 20.2, 19.7, 19.9, 19.1, 18.6, 17.8, 16.8, 16.3, 13.3, 13.4, 14.6, 16.2, 18.8, 19.1, 21.3, 19.0, 16.8, 15.3, 13.7, 13.3, 12.7, 14.1, 14.8, 14.2]","[174.0, 172.0, 164.0, 165.0, 163.0, 161.0, 158.0, 159.0, 158.0, 158.0, 158.0, 159.0, 157.0, 158.0, 178.0, 175.0, 170.0, 159.0, 148.0, 144.0, 141.0, 147.0, 152.0, 153.0, 157.0, 161.0, 173.0, 177.0, 176.0, 171.0]"
20-19,Maroubra,east,100,2008-04-14,0,,4,2008,"[6.6, 8.5, 8.1, 10.2, 11.9, 12.1, 13.2, 15.8, 15.3, 13.3, 12.5, 15.5, 18.3, 21.3, 16.2, 17.9, 19.1, 20.7, 21.7, 22.0, 21.2, 20.9, 20.2, 17.3, 16.2, 15.9, 12.7, 12.2, 12.7, 13.7]","[225.0, 242.0, 212.0, 198.0, 205.0, 210.0, 215.0, 215.0, 214.0, 218.0, 226.0, 226.0, 212.0, 202.0, 201.0, 195.0, 191.0, 188.0, 186.0, 183.0, 181.0, 179.0, 177.0, 175.0, 180.0, 186.0, 195.0, 204.0, 205.0, 203.0]"
20-20,Maroubra,east,100,2022-10-20,1,16.0,10,2022,"[8.3, 8.4, 7.2, 7.5, 8.1, 9.1, 7.8, 7.2, 8.6, 8.8, 8.8, 9.2, 9.6, 11.1, 12.8, 10.4, 8.2, 7.4, 9.8, 11.8, 12.3, 12.8, 12.9, 12.4, 11.0, 12.8, 10.0, 11.2, 11.8, 12.2]","[167.0, 160.0, 148.0, 153.0, 167.0, 172.0, 172.0, 180.0, 181.0, 181.0, 180.0, 177.0, 174.0, 160.0, 161.0, 146.0, 128.0, 113.0, 108.0, 102.0, 94.0, 91.0, 82.0, 77.0, 72.0, 68.0, 64.0, 64.0, 66.0, 66.0]"
20-20,Maroubra,east,100,2021-08-30,0,16.0,8,2021,"[7.2, 5.9, 6.3, 6.2, 6.9, 7.4, 9.5, 10.2, 10.6, 12.6, 11.9, 11.3, 10.9, 10.4, 9.2, 6.8, 6.9, 5.5, 2.6, 2.6, 4.5, 6.1, 9.4, 11.4, 10.9, 9.0, 6.1, 5.6, 3.9, 4.7]","[18.0, 308.0, 283.0, 277.0, 279.0, 284.0, 281.0, 278.0, 280.0, 275.0, 267.0, 261.0, 261.0, 256.0, 259.0, 252.0, 223.0, 203.0, 214.0, 344.0, 14.0, 45.0, 72.0, 77.0, 73.0, 67.0, 40.0, 15.0, 304.0, 266.0]"
20-20,Maroubra,east,100,2023-06-06,0,16.0,6,2023,"[6.0, 6.4, 3.6, 3.8, 4.2, 5.4, 4.8, 5.0, 5.8, 5.6, 4.7, 5.1, 5.1, 4.6, 3.7, 4.7, 5.1, 6.2, 6.5, 8.0, 8.1, 8.0, 6.0, 6.1, 7.4, 8.1, 5.6, 5.9, 5.8, 6.2]","[65.0, 63.0, 90.0, 73.0, 59.0, 48.0, 42.0, 30.0, 7.0, 345.0, 9.0, 4.0, 321.0, 315.0, 259.0, 293.0, 309.0, 339.0, 354.0, 10.0, 21.0, 27.0, 33.0, 45.0, 51.0, 45.0, 15.0, 11.0, 4.0, 353.0]"
20-20,Maroubra,east,100,2012-10-06,0,16.0,10,2012,"[18.0, 18.3, 14.5, 10.9, 9.2, 9.4, 10.0, 10.3, 11.3, 11.5, 11.0, 9.9, 9.0, 9.4, 6.1, 7.0, 11.6, 13.4, 15.1, 17.6, 18.5, 17.7, 17.7, 18.9, 21.1, 21.3, 14.2, 19.4, 17.4, 13.8]","[143.0, 148.0, 145.0, 134.0, 129.0, 140.0, 142.0, 144.0, 143.0, 141.0, 128.0, 109.0, 95.0, 97.0, 93.0, 125.0, 126.0, 110.0, 87.0, 67.0, 57.0, 52.0, 52.0, 50.0, 43.0, 28.0, 21.0, 35.0, 18.0, 340.0]"
20-21,Maroubra,east,100,2022-10-21,1,17.0,10,2022,"[11.0, 12.8, 10.0, 11.2, 11.8, 12.2, 14.2, 16.2, 16.9, 16.2, 16.2, 16.3, 15.6, 17.8, 11.6, 12.6, 10.8, 9.2, 8.5, 10.5, 13.2, 14.5, 15.3, 14.4, 16.3, 18.5, 15.7, 14.3, 12.5, 12.4]","[72.0, 68.0, 64.0, 64.0, 66.0, 66.0, 61.0, 55.0, 57.0, 60.0, 55.0, 47.0, 39.0, 36.0, 30.0, 27.0, 11.0, 11.0, 28.0, 39.0, 40.0, 43.0, 42.0, 41.0, 46.0, 40.0, 34.0, 36.0, 33.0, 30.0]"
20-21,Maroubra,east,100,2025-04-01,0,17.0,4,2025,"[24.8, 24.3, 19.9, 18.7, 20.3, 21.3, 21.0, 20.3, 20.4, 20.2, 19.7, 19.6, 21.1, 22.2, 19.5, 24.6, 24.7, 25.4, 25.5, 24.6, 24.7, 23.9, 22.0, 19.4, 17.8, 18.0, 15.7, 15.2, 15.3, 14.9]","[201.0, 202.0, 205.0, 215.0, 215.0, 212.0, 210.0, 210.0, 209.0, 208.0, 207.0, 207.0, 209.0, 209.0, 213.0, 205.0, 202.0, 197.0, 194.0, 193.0, 188.0, 186.0, 188.0, 188.0, 188.0, 189.0, 195.0, 194.0, 197.0, 197.0]"
20-21,Maroubra,east,100,2021-05-16,0,17.0,5,2021,"[21.6, 22.2, 20.8, 20.2, 18.7, 18.2, 18.5, 18.3, 17.0, 15.0, 14.2, 13.8, 14.5, 14.2, 11.7, 11.3, 11.7, 10.5, 9.1, 8.7, 8.9, 8.3, 5.5, 7.6, 11.7, 15.2, 14.6, 14.1, 13.0, 13.9]","[246.0, 245.0, 242.0, 239.0, 240.0, 240.0, 237.0, 234.0, 234.0, 235.0, 240.0, 242.0, 243.0, 246.0, 261.0, 261.0, 259.0, 264.0, 277.0, 294.0, 297.0, 288.0, 293.0, 278.0, 261.0, 256.0, 260.0, 264.0, 264.0, 260.0]"
20-21,Maroubra,east,100,2019-06-23,0,17.0,6,2019,"[15.5, 15.5, 10.2, 10.8, 12.7, 14.5, 15.3, 16.0, 16.5, 17.1, 17.1, 17.0, 17.0, 16.6, 16.1, 15.3, 16.0, 16.5, 18.1, 19.4, 19.6, 18.1, 17.5, 16.9, 17.5, 18.5, 15.3, 15.5, 15.0, 13.4]","[205.0, 205.0, 228.0, 210.0, 205.0, 207.0, 214.0, 216.0, 216.0, 215.0, 215.0, 216.0, 212.0, 210.0, 214.0, 219.0, 211.0, 203.0, 197.0, 191.0, 186.0, 186.0, 189.0, 191.0, 194.0, 193.0, 204.0, 208.0, 204.0, 194.0]"
20-22,Maroubra,east,100,2022-10-22,1,14.0,10,2022,"[16.3, 18.5, 15.7, 14.3, 12.5, 12.4, 13.9, 14.7, 14.6, 14.3, 12.8, 11.3, 11.1, 13.2, 11.3, 13.9, 16.4, 15.8, 17.7, 19.8, 20.6, 20.8, 16.6, 16.0, 16.3, 15.5, 14.7, 14.2, 11.2, 11.9]","[46.0, 40.0, 34.0, 36.0, 33.0, 30.0, 27.0, 22.0, 20.0, 23.0, 22.0, 20.0, 25.0, 37.0, 33.0, 25.0, 29.0, 32.0, 38.0, 41.0, 37.0, 28.0, 27.0, 36.0, 36.0, 31.0, 31.0, 29.0, 24.0, 32.0]"
20-22,Maroubra,east,100,2024-03-11,0,14.0,3,2024,"[16.4, 14.3, 10.0, 9.4, 9.7, 10.4, 9.6, 8.3, 7.2, 6.3, 5.8, 5.4, 4.6, 4.7, 4.1, 7.6, 12.2, 13.2, 13.9, 14.9, 16.1, 17.6, 18.6, 18.3, 16.5, 15.7, 12.0, 11.1, 11.4, 12.1]","[52.0, 45.0, 41.0, 32.0, 27.0, 20.0, 13.0, 2.0, 357.0, 347.0, 330.0, 312.0, 288.0, 302.0, 322.0, 357.0, 14.0, 22.0, 31.0, 37.0, 42.0, 46.0, 47.0, 47.0, 44.0, 37.0, 33.0, 25.0, 18.0, 10.0]"
20-22,Maroubra,east,100,2008-09-18,0,14.0,9,2008,"[7.6, 5.4, 5.2, 3.0, 3.0, 4.4, 5.6, 5.9, 6.3, 6.3, 6.0, 5.9, 5.8, 5.1, 3.8, 5.1, 8.9, 10.8, 11.1, 13.0, 14.8, 16.3, 18.2, 17.3, 15.4, 14.3, 12.3, 11.8, 8.0, 8.6]","[98.0, 98.0, 102.0, 76.0, 14.0, 351.0, 333.0, 313.0, 301.0, 294.0, 287.0, 281.0, 274.0, 274.0, 287.0, 352.0, 21.0, 21.0, 29.0, 39.0, 47.0, 55.0, 60.0, 59.0, 53.0, 45.0, 38.0, 31.0, 5.0, 360.0]"
20-22,Maroubra,east,100,2023-12-21,0,14.0,12,2023,"[22.8, 21.5, 16.3, 16.8, 16.4, 15.6, 17.7, 18.3, 17.4, 16.6, 17.8, 19.7, 20.8, 24.0, 28.5, 29.4, 25.8, 26.9, 27.4, 28.9, 28.8, 29.4, 30.0, 27.4, 25.4, 23.6, 21.4, 21.1, 21.1, 19.6]","[185.0, 190.0, 208.0, 208.0, 206.0, 206.0, 200.0, 200.0, 204.0, 210.0, 212.0, 208.0, 203.0, 193.0, 193.0, 191.0, 192.0, 192.0, 194.0, 191.0, 189.0, 187.0, 185.0, 185.0, 187.0, 187.0, 188.0, 188.0, 188.0, 193.0]"
20-23,Maroubra,east,100,2022-10-24,1,13.0,10,2022,"[10.2, 6.1, 10.1, 9.1, 8.0, 7.8, 9.5, 12.5, 11.3, 8.2, 7.5, 7.1, 7.2, 6.7, 11.8, 15.6, 17.1, 16.3, 10.1, 6.8, 2.8, 4.5, 5.8, 5.3, 5.5, 6.2, 1.3, 2.7, 2.0, 3.8]","[162.0, 152.0, 179.0, 163.0, 146.0, 134.0, 109.0, 78.0, 70.0, 82.0, 100.0, 124.0, 129.0, 142.0, 146.0, 147.0, 142.0, 139.0, 133.0, 119.0, 117.0, 97.0, 70.0, 66.0, 77.0, 97.0, 56.0, 98.0, 95.0, 155.0]"
20-23,Maroubra,east,100,2018-09-14,0,13.0,9,2018,"[5.9, 4.3, 4.7, 4.2, 4.3, 4.9, 4.6, 4.2, 4.1, 3.6, 3.2, 2.5, 3.5, 3.8, 3.2, 6.5, 7.2, 8.0, 10.1, 11.8, 13.4, 15.0, 15.3, 14.3, 13.5, 10.8, 7.2, 6.0, 6.5, 6.9]","[137.0, 175.0, 247.0, 239.0, 222.0, 216.0, 225.0, 239.0, 255.0, 264.0, 270.0, 278.0, 294.0, 311.0, 333.0, 354.0, 354.0, 5.0, 17.0, 23.0, 36.0, 48.0, 51.0, 51.0, 44.0, 30.0, 27.0, 25.0, 19.0, 6.0]"
20-23,Maroubra,east,100,2023-08-30,0,13.0,8,2023,"[12.3, 12.0, 8.4, 5.9, 6.2, 5.1, 4.9, 4.7, 6.2, 6.7, 5.9, 5.7, 5.9, 6.1, 5.8, 5.4, 7.4, 12.3, 13.0, 10.7, 3.6, 3.6, 1.4, 8.5, 9.7, 6.4, 11.2, 6.8, 5.8, 5.5]","[50.0, 41.0, 20.0, 14.0, 10.0, 356.0, 343.0, 351.0, 339.0, 324.0, 308.0, 305.0, 313.0, 320.0, 300.0, 318.0, 337.0, 355.0, 357.0, 315.0, 315.0, 37.0, 270.0, 306.0, 309.0, 313.0, 360.0, 357.0, 353.0, 337.0]"
20-23,Maroubra,east,100,2006-12-03,0,13.0,12,2006,"[16.6, 17.0, 16.5, 19.5, 23.1, 23.2, 22.1, 21.3, 19.9, 19.1, 18.8, 19.2, 19.6, 18.5, 18.0, 18.1, 19.4, 18.8, 18.3, 17.7, 18.5, 19.3, 19.3, 17.1, 13.7, 11.4, 10.6, 9.1, 8.3, 7.9]","[156.0, 167.0, 169.0, 175.0, 175.0, 173.0, 173.0, 174.0, 176.0, 176.0, 173.0, 172.0, 174.0, 172.0, 180.0, 174.0, 169.0, 168.0, 164.0, 160.0, 156.0, 156.0, 153.0, 150.0, 153.0, 156.0, 162.0, 171.0, 180.0, 183.0]"
20-24,Maroubra,east,100,2022-10-25,1,14.0,10,2022,"[5.5, 6.2, 1.3, 2.7, 2.0, 3.8, 4.3, 4.9, 5.5, 5.6, 6.5, 7.2, 6.9, 5.8, 7.5, 9.5, 10.8, 9.7, 8.1, 9.0, 8.5, 6.5, 8.3, 5.9, 4.2, 5.6, 6.5, 6.1, 7.5, 7.1]","[77.0, 97.0, 56.0, 98.0, 95.0, 155.0, 197.0, 216.0, 229.0, 245.0, 268.0, 284.0, 293.0, 306.0, 314.0, 328.0, 322.0, 313.0, 328.0, 337.0, 333.0, 28.0, 63.0, 50.0, 353.0, 356.0, 316.0, 300.0, 290.0, 304.0]"
20-24,Maroubra,east,100,2013-10-15,0,14.0,10,2013,"[13.2, 13.4, 16.6, 14.7, 13.5, 10.5, 7.0, 5.2, 5.8, 6.1, 6.8, 7.6, 9.0, 8.7, 10.8, 9.5, 7.2, 6.5, 5.7, 5.1, 4.2, 4.0, 5.9, 9.1, 9.2, 9.7, 6.3, 5.9, 5.0, 4.3]","[206.0, 211.0, 229.0, 234.0, 236.0, 229.0, 235.0, 245.0, 266.0, 273.0, 273.0, 273.0, 275.0, 275.0, 270.0, 261.0, 270.0, 289.0, 305.0, 321.0, 340.0, 10.0, 47.0, 56.0, 51.0, 42.0, 24.0, 11.0, 330.0, 294.0]"
20-24,Maroubra,east,100,2017-12-14,0,14.0,12,2017,"[15.9, 14.8, 13.0, 14.8, 13.2, 10.2, 9.3, 8.0, 7.6, 8.0, 8.1, 6.8, 6.9, 6.3, 7.8, 8.7, 9.0, 8.6, 9.1, 12.6, 15.0, 16.5, 15.6, 11.3, 11.2, 13.7, 4.7, 6.9, 6.9, 6.4]","[39.0, 34.0, 42.0, 41.0, 35.0, 32.0, 36.0, 36.0, 31.0, 27.0, 13.0, 357.0, 351.0, 347.0, 338.0, 336.0, 331.0, 345.0, 18.0, 37.0, 42.0, 44.0, 38.0, 31.0, 48.0, 55.0, 148.0, 152.0, 133.0, 137.0]"
20-24,Maroubra,east,100,2015-08-11,0,14.0,8,2015,"[10.5, 11.3, 10.5, 10.7, 11.2, 12.0, 11.3, 10.1, 7.9, 6.4, 5.9, 5.2, 5.3, 5.5, 7.4, 6.0, 5.5, 5.1, 10.4, 13.2, 13.5, 13.1, 10.1, 8.4, 9.5, 9.9, 9.5, 6.9, 6.5, 6.7]","[8.0, 351.0, 338.0, 340.0, 345.0, 353.0, 353.0, 343.0, 330.0, 317.0, 308.0, 304.0, 298.0, 293.0, 293.0, 295.0, 302.0, 321.0, 284.0, 281.0, 279.0, 278.0, 272.0, 263.0, 259.0, 260.0, 261.0, 279.0, 289.0, 306.0]"
20-25,Maroubra,east,100,2022-11-11,1,10.0,11,2022,"[13.9, 11.9, 10.1, 10.5, 10.5, 9.5, 8.1, 8.5, 6.8, 7.3, 7.7, 6.1, 5.8, 5.8, 4.5, 9.1, 11.7, 11.6, 11.7, 12.4, 12.6, 12.3, 10.7, 9.6, 8.1, 7.3, 5.2, 5.4, 6.2, 5.7]","[47.0, 42.0, 44.0, 38.0, 29.0, 25.0, 3.0, 333.0, 342.0, 350.0, 342.0, 355.0, 360.0, 9.0, 5.0, 34.0, 37.0, 33.0, 29.0, 36.0, 22.0, 357.0, 355.0, 354.0, 347.0, 340.0, 329.0, 352.0, 322.0, 316.0]"
20-25,Maroubra,east,100,2020-11-11,0,10.0,11,2020,"[15.4, 12.5, 9.7, 10.7, 10.8, 10.1, 10.0, 9.8, 9.7, 7.3, 6.4, 5.6, 4.0, 4.7, 6.6, 9.3, 10.7, 12.3, 14.0, 16.4, 17.4, 17.5, 18.1, 17.3, 15.3, 14.0, 15.3, 13.2, 9.2, 7.0]","[57.0, 49.0, 39.0, 33.0, 26.0, 17.0, 13.0, 8.0, 2.0, 349.0, 344.0, 345.0, 350.0, 360.0, 22.0, 36.0, 40.0, 40.0, 44.0, 50.0, 52.0, 53.0, 55.0, 54.0, 51.0, 44.0, 39.0, 29.0, 11.0, 21.0]"
20-25,Maroubra,east,100,2014-04-24,0,10.0,4,2014,"[7.9, 8.4, 7.6, 7.9, 7.8, 7.8, 7.9, 7.6, 7.2, 7.1, 6.6, 6.6, 6.7, 7.2, 8.1, 7.8, 8.1, 9.2, 10.2, 11.6, 12.9, 10.9, 6.2, 7.4, 7.8, 9.5, 10.0, 14.1, 19.2, 20.1]","[39.0, 20.0, 5.0, 360.0, 347.0, 338.0, 336.0, 329.0, 323.0, 319.0, 319.0, 315.0, 306.0, 307.0, 302.0, 304.0, 302.0, 301.0, 302.0, 292.0, 283.0, 278.0, 260.0, 231.0, 202.0, 189.0, 193.0, 186.0, 172.0, 159.0]"
20-25,Maroubra,east,100,2007-07-19,0,10.0,7,2007,"[19.9, 20.3, 22.0, 22.3, 22.5, 22.0, 21.5, 20.5, 20.0, 19.3, 19.0, 18.2, 17.7, 16.9, 17.9, 17.8, 19.9, 20.9, 22.8, 23.0, 23.4, 21.1, 18.0, 16.5, 15.7, 15.6, 15.6, 17.3, 19.1, 20.4]","[257.0, 258.0, 252.0, 249.0, 248.0, 249.0, 249.0, 248.0, 247.0, 246.0, 245.0, 245.0, 243.0, 243.0, 248.0, 249.0, 238.0, 225.0, 211.0, 209.0, 209.0, 207.0, 209.0, 212.0, 217.0, 220.0, 220.0, 222.0, 223.0, 222.0]"
20-26,Maroubra,east,100,2022-11-12,1,11.0,11,2022,"[8.1, 7.3, 5.2, 5.4, 6.2, 5.7, 5.7, 5.5, 5.5, 5.6, 6.0, 5.9, 5.5, 3.0, 3.6, 7.4, 11.8, 13.0, 15.9, 16.2, 14.2, 13.1, 12.7, 10.6, 10.6, 10.2, 8.4, 5.8, 4.5, 4.7]","[347.0, 340.0, 329.0, 352.0, 322.0, 316.0, 319.0, 324.0, 306.0, 295.0, 297.0, 290.0, 287.0, 287.0, 210.0, 157.0, 144.0, 135.0, 118.0, 122.0, 126.0, 132.0, 134.0, 133.0, 152.0, 150.0, 140.0, 141.0, 173.0, 182.0]"
20-26,Maroubra,east,100,2017-05-07,0,11.0,5,2017,"[7.9, 7.4, 6.8, 6.8, 6.9, 7.6, 8.7, 9.5, 8.9, 7.7, 6.7, 6.5, 10.5, 13.2, 12.4, 13.9, 15.9, 14.5, 12.2, 9.4, 7.2, 7.1, 7.4, 7.8, 7.4, 5.9, 3.3, 3.8, 6.6, 8.7]","[360.0, 346.0, 328.0, 335.0, 332.0, 335.0, 336.0, 331.0, 320.0, 298.0, 286.0, 267.0, 248.0, 244.0, 240.0, 253.0, 252.0, 243.0, 223.0, 203.0, 186.0, 165.0, 137.0, 112.0, 104.0, 101.0, 167.0, 221.0, 241.0, 246.0]"
20-26,Maroubra,east,100,2020-07-18,0,11.0,7,2020,"[13.1, 12.5, 13.5, 12.9, 13.1, 12.6, 12.0, 11.3, 10.5, 10.3, 9.5, 8.4, 7.4, 7.0, 7.2, 7.6, 9.0, 6.7, 3.4, 1.4, 2.7, 4.1, 5.5, 7.7, 8.4, 8.5, 8.2, 8.0, 8.0, 7.9]","[196.0, 198.0, 205.0, 203.0, 201.0, 200.0, 201.0, 207.0, 211.0, 216.0, 217.0, 220.0, 219.0, 215.0, 233.0, 245.0, 247.0, 234.0, 212.0, 270.0, 337.0, 15.0, 32.0, 37.0, 40.0, 36.0, 15.0, 355.0, 333.0, 336.0]"
20-26,Maroubra,east,100,2013-08-27,0,11.0,8,2013,"[5.9, 6.7, 5.3, 6.9, 9.2, 10.9, 11.4, 9.8, 8.9, 8.1, 8.0, 7.2, 7.0, 7.1, 7.3, 6.2, 5.7, 6.5, 7.8, 8.9, 9.2, 9.2, 10.3, 9.9, 6.6, 7.1, 2.9, 4.2, 5.0, 5.2]","[104.0, 126.0, 208.0, 219.0, 228.0, 236.0, 242.0, 246.0, 249.0, 249.0, 252.0, 252.0, 249.0, 246.0, 259.0, 249.0, 215.0, 174.0, 158.0, 148.0, 138.0, 129.0, 115.0, 109.0, 112.0, 120.0, 180.0, 239.0, 249.0, 258.0]"
20-27,Maroubra,east,100,2022-11-14,1,9.0,11,2022,"[18.0, 19.9, 17.6, 17.7, 16.7, 16.7, 11.9, 12.2, 10.9, 11.0, 13.1, 11.4, 10.8, 11.5, 12.6, 16.7, 25.0, 27.9, 26.6, 30.1, 26.9, 24.7, 24.1, 19.1, 14.8, 13.5, 8.1, 8.4, 9.1, 10.4]","[9.0, 16.0, 20.0, 15.0, 8.0, 2.0, 357.0, 336.0, 321.0, 337.0, 333.0, 329.0, 313.0, 297.0, 290.0, 304.0, 298.0, 293.0, 292.0, 286.0, 280.0, 278.0, 279.0, 279.0, 283.0, 289.0, 276.0, 293.0, 302.0, 306.0]"
20-27,Maroubra,east,100,2006-04-14,0,9.0,4,2006,"[8.4, 8.7, 12.3, 13.3, 12.7, 9.8, 7.7, 6.4, 6.0, 5.4, 5.1, 5.4, 5.9, 7.0, 6.6, 5.6, 5.2, 4.0, 2.9, 3.8, 6.4, 11.3, 16.0, 15.3, 12.5, 11.3, 10.4, 9.8, 9.8, 10.8]","[350.0, 355.0, 355.0, 358.0, 352.0, 343.0, 332.0, 317.0, 303.0, 290.0, 278.0, 266.0, 259.0, 258.0, 241.0, 230.0, 196.0, 175.0, 150.0, 107.0, 74.0, 63.0, 59.0, 56.0, 49.0, 37.0, 14.0, 354.0, 343.0, 345.0]"
20-27,Maroubra,east,100,2025-03-26,0,9.0,3,2025,"[4.6, 4.6, 4.6, 4.6, 4.8, 7.4, 7.2, 5.6, 4.4, 3.4, 2.9, 0.9, 1.4, 1.8, 3.6, 0.9, 2.7, 5.0, 7.3, 9.7, 10.7, 11.8, 12.4, 12.6, 11.0, 11.0, 6.7, 5.8, 4.2, 2.0]","[69.0, 64.0, 99.0, 81.0, 75.0, 68.0, 55.0, 45.0, 35.0, 3.0, 338.0, 281.0, 180.0, 156.0, 233.0, 259.0, 42.0, 55.0, 57.0, 61.0, 65.0, 65.0, 62.0, 59.0, 52.0, 41.0, 52.0, 56.0, 40.0, 315.0]"
20-27,Maroubra,east,100,2015-06-04,0,9.0,6,2015,"[2.9, 2.7, 5.6, 6.3, 6.1, 6.3, 6.6, 7.9, 8.1, 8.4, 8.7, 8.7, 8.0, 7.4, 7.9, 6.8, 5.8, 5.7, 5.9, 6.6, 7.6, 7.6, 5.8, 8.3, 9.5, 9.9, 7.9, 6.6, 6.0, 7.6]","[187.0, 203.0, 255.0, 246.0, 242.0, 239.0, 241.0, 246.0, 249.0, 250.0, 253.0, 253.0, 252.0, 256.0, 270.0, 273.0, 277.0, 288.0, 313.0, 338.0, 360.0, 8.0, 22.0, 34.0, 29.0, 10.0, 360.0, 338.0, 303.0, 273.0]"
20-28,Maroubra,east,100,2022-11-30,1,11.0,11,2022,"[18.2, 15.7, 13.0, 12.9, 10.4, 9.1, 8.3, 7.8, 6.4, 5.2, 4.4, 4.0, 4.0, 5.6, 7.5, 8.1, 9.4, 10.8, 12.0, 13.2, 14.5, 17.1, 17.2, 17.5, 16.2, 13.3, 9.2, 7.9, 6.6, 7.0]","[137.0, 139.0, 128.0, 126.0, 126.0, 122.0, 120.0, 116.0, 115.0, 117.0, 111.0, 108.0, 111.0, 84.0, 60.0, 51.0, 55.0, 53.0, 53.0, 61.0, 56.0, 61.0, 70.0, 73.0, 67.0, 54.0, 43.0, 41.0, 41.0, 32.0]"
20-28,Maroubra,east,100,2024-08-10,0,11.0,8,2024,"[7.2, 7.0, 5.8, 2.3, 4.8, 7.0, 7.3, 6.4, 6.7, 6.9, 8.0, 8.3, 8.4, 8.3, 7.9, 7.1, 7.0, 6.5, 6.3, 6.4, 6.5, 7.9, 8.6, 6.0, 5.4, 6.0, 4.9, 5.5, 5.7, 5.9]","[27.0, 3.0, 4.0, 315.0, 233.0, 206.0, 197.0, 198.0, 211.0, 223.0, 226.0, 219.0, 217.0, 214.0, 237.0, 232.0, 215.0, 180.0, 153.0, 144.0, 138.0, 133.0, 131.0, 129.0, 124.0, 136.0, 174.0, 203.0, 212.0, 218.0]"
20-28,Maroubra,east,100,2016-12-29,0,11.0,12,2016,"[21.1, 19.4, 14.8, 15.1, 11.8, 8.7, 6.1, 6.6, 6.6, 5.8, 5.6, 5.3, 6.4, 5.6, 10.0, 12.4, 14.4, 14.8, 13.4, 9.9, 3.1, 6.6, 11.2, 11.9, 9.8, 8.6, 8.4, 6.1, 5.0, 3.8]","[47.0, 40.0, 29.0, 28.0, 20.0, 7.0, 3.0, 13.0, 13.0, 360.0, 345.0, 332.0, 317.0, 315.0, 291.0, 278.0, 273.0, 271.0, 262.0, 251.0, 201.0, 103.0, 94.0, 92.0, 98.0, 92.0, 65.0, 50.0, 60.0, 73.0]"
20-28,Maroubra,east,100,2008-05-14,0,11.0,5,2008,"[6.6, 3.7, 1.3, 2.5, 1.8, 3.3, 4.2, 5.1, 5.8, 6.2, 6.3, 6.0, 5.5, 4.4, 5.1, 4.3, 3.2, 3.3, 5.1, 6.3, 7.4, 9.0, 8.3, 7.6, 7.6, 7.7, 7.2, 6.5, 6.5, 6.4]","[351.0, 29.0, 214.0, 98.0, 11.0, 319.0, 301.0, 274.0, 263.0, 249.0, 246.0, 253.0, 259.0, 261.0, 262.0, 265.0, 270.0, 319.0, 4.0, 24.0, 43.0, 53.0, 56.0, 59.0, 59.0, 49.0, 18.0, 6.0, 341.0, 322.0]"
20-29,Maroubra,east,100,2022-12-01,1,9.0,12,2022,"[16.2, 13.3, 9.2, 7.9, 6.6, 7.0, 6.9, 2.7, 2.0, 2.3, 3.1, 3.6, 4.3, 5.4, 5.5, 7.2, 9.5, 11.1, 11.9, 12.6, 12.4, 11.8, 12.2, 12.3, 12.2, 10.2, 9.2, 9.7, 9.3, 8.5]","[67.0, 54.0, 43.0, 41.0, 41.0, 32.0, 28.0, 37.0, 45.0, 119.0, 135.0, 160.0, 158.0, 132.0, 109.0, 109.0, 112.0, 104.0, 105.0, 103.0, 103.0, 106.0, 109.0, 112.0, 116.0, 122.0, 133.0, 140.0, 139.0, 144.0]"
20-29,Maroubra,east,100,2015-09-22,0,9.0,9,2015,"[11.5, 9.7, 6.2, 6.2, 4.8, 6.6, 7.4, 7.2, 9.5, 11.6, 12.9, 12.1, 12.0, 14.1, 15.9, 19.8, 22.2, 22.3, 21.9, 22.4, 23.1, 23.1, 23.8, 24.2, 22.5, 20.9, 12.2, 15.2, 20.5, 24.4]","[39.0, 22.0, 291.0, 263.0, 297.0, 315.0, 313.0, 276.0, 259.0, 254.0, 240.0, 233.0, 231.0, 230.0, 232.0, 213.0, 197.0, 190.0, 189.0, 186.0, 184.0, 182.0, 181.0, 185.0, 196.0, 199.0, 223.0, 216.0, 204.0, 202.0]"
20-29,Maroubra,east,100,2014-02-15,0,9.0,2,2014,"[11.6, 10.8, 12.8, 13.0, 12.1, 10.7, 9.9, 9.5, 9.0, 8.0, 7.2, 7.1, 7.0, 9.7, 10.0, 10.3, 9.8, 9.7, 9.7, 8.6, 6.8, 6.9, 7.6, 10.8, 11.3, 12.1, 6.5, 8.6, 8.3, 9.1]","[54.0, 53.0, 50.0, 39.0, 27.0, 12.0, 10.0, 11.0, 2.0, 350.0, 354.0, 15.0, 21.0, 22.0, 26.0, 12.0, 6.0, 356.0, 356.0, 2.0, 3.0, 9.0, 25.0, 37.0, 27.0, 17.0, 360.0, 360.0, 355.0, 353.0]"
20-29,Maroubra,east,100,2020-04-10,0,9.0,4,2020,"[4.3, 3.2, 1.6, 4.6, 4.2, 5.7, 8.0, 9.2, 10.3, 10.8, 9.3, 9.5, 9.9, 11.3, 13.0, 15.1, 14.3, 12.0, 13.7, 15.2, 14.4, 13.0, 13.0, 10.9, 9.5, 10.0, 10.2, 9.7, 11.5, 12.2]","[114.0, 117.0, 63.0, 39.0, 31.0, 18.0, 18.0, 26.0, 25.0, 15.0, 16.0, 9.0, 10.0, 9.0, 14.0, 1.0, 350.0, 351.0, 358.0, 4.0, 357.0, 360.0, 355.0, 343.0, 323.0, 308.0, 309.0, 297.0, 309.0, 313.0]"
20-30,Maroubra,east,100,2022-12-03,1,13.0,12,2022,"[12.9, 10.5, 5.9, 5.2, 6.1, 6.4, 6.4, 6.1, 6.5, 6.5, 6.2, 6.4, 6.0, 6.2, 6.3, 4.9, 5.6, 7.8, 9.4, 12.3, 12.7, 13.5, 14.7, 16.0, 14.6, 11.2, 8.9, 8.4, 7.4, 7.5]","[148.0, 153.0, 153.0, 151.0, 166.0, 191.0, 202.0, 204.0, 204.0, 208.0, 216.0, 223.0, 226.0, 218.0, 198.0, 172.0, 140.0, 127.0, 110.0, 93.0, 82.0, 74.0, 65.0, 59.0, 56.0, 53.0, 48.0, 37.0, 29.0, 21.0]"
20-30,Maroubra,east,100,2026-03-10,0,13.0,3,2026,"[14.2, 14.3, 11.7, 9.3, 7.1, 7.2, 8.3, 8.6, 8.6, 8.7, 8.3, 8.0, 8.1, 8.2, 5.6, 5.0, 3.5, 2.9, 2.5, 4.3, 7.1, 9.0, 9.8, 9.4, 8.6, 8.3, 7.0, 5.6, 4.9, 5.8]","[176.0, 176.0, 171.0, 172.0, 190.0, 205.0, 214.0, 209.0, 200.0, 194.0, 194.0, 196.0, 197.0, 199.0, 228.0, 210.0, 204.0, 210.0, 176.0, 114.0, 99.0, 87.0, 76.0, 70.0, 54.0, 34.0, 26.0, 22.0, 28.0, 30.0]"
20-30,Maroubra,east,100,2024-10-01,0,13.0,10,2024,"[13.6, 10.9, 7.2, 6.4, 5.8, 5.3, 4.8, 4.6, 4.4, 4.0, 4.2, 4.1, 4.9, 5.1, 2.5, 3.5, 4.0, 2.2, 4.5, 10.3, 14.2, 15.1, 14.8, 13.0, 8.6, 6.5, 5.5, 5.8, 5.9, 5.7]","[158.0, 160.0, 176.0, 202.0, 210.0, 215.0, 222.0, 234.0, 243.0, 249.0, 260.0, 272.0, 280.0, 278.0, 266.0, 348.0, 360.0, 9.0, 67.0, 79.0, 81.0, 88.0, 95.0, 96.0, 92.0, 104.0, 139.0, 141.0, 137.0, 139.0]"
20-30,Maroubra,east,100,2016-04-24,0,13.0,4,2016,"[18.9, 18.8, 14.3, 16.4, 16.9, 17.1, 18.5, 18.9, 19.4, 17.9, 16.6, 14.4, 13.3, 13.4, 8.9, 10.5, 13.5, 14.8, 14.5, 14.3, 14.3, 13.5, 12.3, 9.3, 7.3, 7.3, 7.9, 7.0, 6.8, 6.5]","[193.0, 192.0, 198.0, 195.0, 192.0, 195.0, 193.0, 194.0, 190.0, 189.0, 185.0, 183.0, 177.0, 174.0, 159.0, 158.0, 146.0, 137.0, 134.0, 133.0, 135.0, 138.0, 140.0, 144.0, 147.0, 147.0, 137.0, 145.0, 155.0, 161.0]"
20-31,Maroubra,east,100,2022-12-04,1,11.0,12,2022,"[14.6, 11.2, 8.9, 8.4, 7.4, 7.5, 7.2, 5.3, 4.5, 4.3, 3.7, 3.9, 4.0, 3.9, 5.2, 8.8, 12.1, 12.1, 12.6, 14.3, 16.0, 19.4, 22.2, 21.7, 18.6, 15.2, 12.2, 12.2, 10.5, 9.5]","[56.0, 53.0, 48.0, 37.0, 29.0, 21.0, 14.0, 8.0, 5.0, 345.0, 317.0, 286.0, 280.0, 304.0, 344.0, 28.0, 38.0, 41.0, 48.0, 54.0, 54.0, 55.0, 52.0, 49.0, 47.0, 43.0, 26.0, 24.0, 16.0, 10.0]"
20-31,Maroubra,east,100,2021-11-21,0,11.0,11,2021,"[15.9, 16.1, 11.5, 10.4, 6.6, 5.1, 8.1, 12.5, 15.8, 16.8, 15.9, 15.0, 18.2, 20.3, 16.0, 18.2, 17.7, 18.2, 20.1, 24.6, 21.7, 23.5, 24.0, 23.7, 21.9, 19.8, 16.4, 16.9, 16.9, 17.7]","[155.0, 156.0, 148.0, 166.0, 167.0, 184.0, 201.0, 198.0, 197.0, 195.0, 184.0, 169.0, 153.0, 143.0, 166.0, 166.0, 168.0, 172.0, 170.0, 162.0, 159.0, 151.0, 147.0, 147.0, 147.0, 147.0, 154.0, 153.0, 151.0, 147.0]"
20-31,Maroubra,east,100,2009-06-07,0,11.0,6,2009,"[7.1, 7.9, 8.6, 7.9, 7.9, 7.1, 6.6, 6.1, 5.5, 6.3, 6.8, 6.8, 6.2, 6.4, 7.4, 6.6, 7.9, 11.2, 13.7, 14.0, 15.8, 16.5, 15.7, 15.5, 14.9, 12.8, 8.2, 7.4, 8.5, 9.8]","[319.0, 309.0, 303.0, 300.0, 309.0, 315.0, 319.0, 320.0, 328.0, 336.0, 335.0, 328.0, 324.0, 322.0, 313.0, 319.0, 317.0, 310.0, 300.0, 299.0, 297.0, 290.0, 286.0, 283.0, 285.0, 292.0, 311.0, 321.0, 324.0, 324.0]"
20-31,Maroubra,east,100,2015-10-08,0,11.0,10,2015,"[18.1, 14.8, 11.0, 10.6, 10.8, 11.1, 11.7, 12.3, 11.7, 10.8, 9.4, 8.9, 8.4, 8.4, 9.1, 11.2, 12.8, 14.1, 15.8, 15.9, 15.3, 14.6, 14.4, 13.8, 12.0, 11.2, 6.2, 5.4, 6.1, 7.8]","[157.0, 154.0, 157.0, 156.0, 154.0, 151.0, 146.0, 140.0, 133.0, 127.0, 122.0, 117.0, 115.0, 110.0, 99.0, 88.0, 79.0, 75.0, 69.0, 65.0, 60.0, 57.0, 53.0, 51.0, 51.0, 50.0, 36.0, 37.0, 40.0, 34.0]"
20-32,Maroubra,east,100,2022-12-05,1,10.0,12,2022,"[18.6, 15.2, 12.2, 12.2, 10.5, 9.5, 8.3, 8.2, 9.0, 9.6, 9.8, 9.2, 8.3, 8.0, 5.2, 7.7, 9.8, 10.2, 8.8, 8.3, 9.0, 10.4, 9.2, 6.7, 7.5, 8.0, 8.3, 12.5, 14.7, 13.7]","[47.0, 43.0, 26.0, 24.0, 16.0, 10.0, 2.0, 8.0, 15.0, 13.0, 6.0, 359.0, 349.0, 355.0, 2.0, 12.0, 14.0, 7.0, 360.0, 360.0, 13.0, 34.0, 48.0, 71.0, 27.0, 352.0, 158.0, 173.0, 174.0, 178.0]"
20-32,Maroubra,east,100,2009-12-13,0,10.0,12,2009,"[19.0, 14.5, 9.2, 7.0, 5.2, 5.0, 4.7, 5.4, 6.5, 7.4, 8.4, 9.0, 10.5, 12.7, 9.7, 10.1, 11.2, 13.5, 15.5, 16.9, 19.5, 21.7, 23.0, 21.6, 18.8, 15.9, 14.5, 14.5, 15.8, 15.8]","[61.0, 60.0, 59.0, 69.0, 78.0, 111.0, 157.0, 176.0, 186.0, 194.0, 200.0, 203.0, 202.0, 188.0, 184.0, 176.0, 159.0, 146.0, 138.0, 130.0, 120.0, 117.0, 117.0, 116.0, 119.0, 123.0, 134.0, 136.0, 135.0, 137.0]"
20-32,Maroubra,east,100,2022-06-26,0,10.0,6,2022,"[9.7, 9.6, 7.8, 7.0, 8.0, 8.5, 8.2, 7.7, 7.1, 6.8, 6.3, 6.0, 5.9, 6.0, 7.5, 6.8, 5.7, 4.5, 3.7, 4.1, 3.8, 2.5, 3.1, 2.4, 4.3, 6.8, 7.8, 8.8, 9.6, 9.6]","[267.0, 267.0, 261.0, 270.0, 278.0, 287.0, 293.0, 298.0, 300.0, 299.0, 290.0, 286.0, 290.0, 299.0, 305.0, 295.0, 288.0, 293.0, 313.0, 315.0, 319.0, 339.0, 13.0, 351.0, 285.0, 268.0, 255.0, 255.0, 256.0, 257.0]"
20-32,Maroubra,east,100,2017-09-14,0,10.0,9,2017,"[19.4, 17.6, 14.5, 11.9, 10.6, 12.6, 13.8, 15.9, 18.8, 14.3, 9.8, 10.2, 15.0, 19.8, 20.3, 25.8, 29.1, 28.8, 28.7, 28.0, 27.0, 27.2, 27.9, 26.8, 24.5, 24.6, 22.7, 21.8, 21.8, 21.5]","[281.0, 285.0, 284.0, 265.0, 246.0, 239.0, 242.0, 252.0, 253.0, 258.0, 276.0, 293.0, 280.0, 269.0, 263.0, 258.0, 258.0, 257.0, 252.0, 250.0, 249.0, 250.0, 253.0, 255.0, 260.0, 259.0, 260.0, 261.0, 261.0, 260.0]"
20-33,Maroubra,east,100,2022-12-06,1,13.0,12,2022,"[7.5, 8.0, 8.3, 12.5, 14.7, 13.7, 15.2, 17.2, 17.9, 15.9, 11.4, 8.5, 9.8, 12.1, 8.8, 11.5, 12.7, 13.0, 14.1, 15.9, 18.1, 19.6, 18.9, 16.3, 12.8, 9.5, 6.8, 6.0, 3.9, 4.6]","[27.0, 352.0, 158.0, 173.0, 174.0, 178.0, 191.0, 191.0, 184.0, 176.0, 173.0, 186.0, 188.0, 181.0, 181.0, 170.0, 159.0, 151.0, 148.0, 143.0, 145.0, 142.0, 139.0, 135.0, 132.0, 122.0, 102.0, 87.0, 68.0, 59.0]"
20-33,Maroubra,east,100,2020-08-11,0,13.0,8,2020,"[20.9, 19.5, 15.2, 14.7, 14.7, 14.4, 14.0, 13.5, 13.5, 13.3, 12.5, 11.0, 9.7, 8.5, 7.1, 7.1, 7.2, 4.6, 2.9, 3.0, 5.2, 7.1, 7.4, 7.8, 9.0, 8.4, 8.8, 9.2, 8.8, 7.7]","[184.0, 185.0, 202.0, 205.0, 208.0, 212.0, 215.0, 222.0, 228.0, 229.0, 229.0, 229.0, 228.0, 234.0, 246.0, 246.0, 243.0, 252.0, 270.0, 346.0, 12.0, 24.0, 39.0, 56.0, 61.0, 59.0, 55.0, 48.0, 35.0, 11.0]"
20-33,Maroubra,east,100,2012-01-22,0,13.0,1,2012,"[13.7, 13.4, 13.2, 11.1, 11.0, 12.3, 13.9, 14.2, 14.7, 15.3, 16.1, 17.5, 20.1, 20.3, 21.4, 21.4, 21.1, 21.4, 21.7, 22.2, 21.9, 21.7, 21.4, 21.1, 19.6, 17.4, 14.8, 13.7, 13.0, 12.4]","[145.0, 144.0, 145.0, 151.0, 157.0, 159.0, 159.0, 159.0, 163.0, 165.0, 164.0, 161.0, 156.0, 153.0, 136.0, 134.0, 134.0, 136.0, 138.0, 138.0, 138.0, 137.0, 136.0, 134.0, 133.0, 130.0, 119.0, 120.0, 118.0, 120.0]"
20-33,Maroubra,east,100,2019-10-31,0,13.0,10,2019,"[10.8, 8.7, 4.7, 4.4, 4.4, 5.2, 5.4, 5.0, 5.4, 5.4, 4.8, 4.8, 2.8, 3.0, 1.1, 1.8, 3.3, 7.5, 11.6, 13.9, 16.0, 17.6, 17.4, 16.9, 14.7, 14.7, 12.5, 10.7, 9.2, 9.4]","[64.0, 60.0, 113.0, 125.0, 125.0, 106.0, 98.0, 111.0, 132.0, 138.0, 138.0, 138.0, 130.0, 104.0, 180.0, 180.0, 103.0, 73.0, 68.0, 65.0, 67.0, 67.0, 63.0, 61.0, 59.0, 54.0, 44.0, 42.0, 45.0, 47.0]"
20-34,Maroubra,east,100,2022-12-11,1,17.0,12,2022,"[15.1, 13.2, 10.1, 9.8, 7.8, 7.6, 7.8, 8.0, 7.6, 7.2, 7.9, 8.1, 6.8, 8.9, 6.7, 8.0, 9.4, 11.1, 12.2, 13.7, 16.0, 18.2, 21.3, 19.2, 16.8, 15.5, 14.4, 13.8, 11.3, 9.0]","[65.0, 62.0, 59.0, 43.0, 23.0, 15.0, 9.0, 352.0, 332.0, 325.0, 321.0, 317.0, 323.0, 341.0, 346.0, 5.0, 17.0, 25.0, 31.0, 44.0, 52.0, 55.0, 56.0, 50.0, 46.0, 42.0, 44.0, 41.0, 20.0, 359.0]"
20-34,Maroubra,east,100,2024-04-10,0,17.0,4,2024,"[22.6, 21.2, 21.1, 22.4, 24.8, 27.0, 27.4, 28.1, 30.1, 30.8, 29.9, 28.3, 26.7, 25.8, 23.7, 25.5, 24.5, 25.0, 25.4, 24.4, 23.0, 21.9, 19.3, 15.3, 12.8, 10.6, 8.4, 8.0, 8.7, 9.7]","[217.0, 220.0, 217.0, 217.0, 210.0, 211.0, 215.0, 216.0, 214.0, 210.0, 207.0, 207.0, 209.0, 213.0, 216.0, 213.0, 210.0, 203.0, 201.0, 202.0, 200.0, 200.0, 201.0, 199.0, 202.0, 208.0, 223.0, 234.0, 228.0, 228.0]"
20-34,Maroubra,east,100,2018-01-27,0,17.0,1,2018,"[16.0, 14.8, 11.3, 8.3, 7.1, 5.2, 7.9, 9.6, 11.1, 10.6, 10.6, 9.5, 8.9, 11.8, 11.7, 12.1, 12.6, 14.0, 15.8, 19.1, 20.8, 19.7, 17.9, 20.6, 19.2, 15.9, 12.6, 13.1, 14.2, 17.1]","[59.0, 64.0, 59.0, 56.0, 66.0, 78.0, 74.0, 70.0, 65.0, 62.0, 55.0, 53.0, 50.0, 40.0, 47.0, 53.0, 59.0, 64.0, 69.0, 70.0, 72.0, 72.0, 71.0, 65.0, 62.0, 65.0, 59.0, 58.0, 54.0, 48.0]"
20-34,Maroubra,east,100,2023-06-24,0,17.0,6,2023,"[12.1, 11.4, 9.9, 8.0, 9.4, 11.3, 12.2, 11.4, 9.9, 9.0, 9.0, 9.4, 9.6, 9.8, 10.0, 9.8, 10.5, 12.5, 11.4, 10.6, 8.7, 7.4, 5.1, 7.8, 9.5, 13.0, 11.4, 10.8, 9.4, 8.7]","[293.0, 294.0, 327.0, 355.0, 2.0, 353.0, 346.0, 342.0, 341.0, 344.0, 344.0, 342.0, 340.0, 336.0, 319.0, 324.0, 329.0, 309.0, 305.0, 305.0, 308.0, 321.0, 4.0, 13.0, 351.0, 326.0, 325.0, 323.0, 328.0, 336.0]"
20-35,Maroubra,east,100,2023-02-07,1,17.0,2,2023,"[17.2, 12.1, 11.1, 8.0, 5.7, 4.5, 3.3, 3.2, 3.6, 3.6, 2.1, 0.0, 0.8, 0.4, 0.4, 3.2, 6.0, 7.2, 8.7, 10.1, 10.5, 12.9, 14.2, 15.3, 13.3, 10.3, 7.5, 5.7, 3.9, 4.0]","[61.0, 60.0, 54.0, 54.0, 55.0, 61.0, 77.0, 90.0, 96.0, 96.0, 59.0, 270.0, 333.0, 360.0, 360.0, 63.0, 65.0, 72.0, 83.0, 92.0, 106.0, 113.0, 114.0, 109.0, 109.0, 102.0, 107.0, 108.0, 112.0, 100.0]"
20-35,Maroubra,east,100,2016-11-04,0,17.0,11,2016,"[11.5, 7.6, 6.4, 6.2, 5.5, 5.9, 6.7, 6.9, 6.8, 6.3, 6.5, 6.4, 6.3, 5.3, 8.4, 12.9, 12.3, 11.4, 10.8, 10.8, 10.5, 10.6, 9.2, 8.1, 7.0, 8.9, 12.1, 9.2, 9.6, 12.4]","[94.0, 109.0, 142.0, 144.0, 157.0, 191.0, 216.0, 231.0, 245.0, 257.0, 270.0, 286.0, 294.0, 298.0, 310.0, 300.0, 291.0, 294.0, 300.0, 300.0, 297.0, 294.0, 309.0, 328.0, 339.0, 333.0, 300.0, 318.0, 326.0, 334.0]"
20-35,Maroubra,east,100,2016-06-05,0,17.0,6,2016,"[28.6, 28.2, 20.8, 23.1, 23.2, 14.3, 10.8, 15.1, 14.1, 15.9, 15.3, 18.8, 20.1, 31.4, 34.8, 32.0, 27.4, 18.8, 28.9, 36.2, 36.4, 31.8, 18.6, 5.1, 7.9, 19.4, 5.1, 19.3, 27.6, 33.5]","[40.0, 39.0, 26.0, 31.0, 33.0, 41.0, 69.0, 65.0, 58.0, 62.0, 60.0, 58.0, 66.0, 72.0, 72.0, 69.0, 71.0, 83.0, 86.0, 84.0, 90.0, 80.0, 68.0, 94.0, 204.0, 235.0, 266.0, 249.0, 253.0, 258.0]"
20-35,Maroubra,east,100,2015-10-09,0,17.0,10,2015,"[12.0, 11.2, 6.2, 5.4, 6.1, 7.8, 8.7, 9.3, 8.6, 9.1, 8.2, 8.4, 7.2, 7.4, 11.5, 12.2, 11.6, 11.8, 12.3, 13.5, 14.5, 16.4, 17.9, 16.8, 10.5, 6.1, 7.9, 8.7, 5.6, 3.4]","[51.0, 50.0, 36.0, 37.0, 40.0, 34.0, 24.0, 13.0, 2.0, 353.0, 345.0, 335.0, 333.0, 337.0, 346.0, 2.0, 16.0, 31.0, 38.0, 42.0, 46.0, 52.0, 56.0, 59.0, 63.0, 50.0, 43.0, 42.0, 27.0, 18.0]"
20-36,Maroubra,east,100,2023-04-22,1,9.0,4,2023,"[8.8, 7.9, 6.8, 6.6, 6.5, 6.5, 7.2, 7.6, 8.7, 9.2, 9.4, 9.4, 10.0, 10.0, 8.7, 8.4, 8.9, 13.1, 14.0, 13.7, 12.5, 11.0, 9.4, 5.5, 6.0, 5.5, 1.9, 4.7, 5.9, 5.8]","[168.0, 177.0, 198.0, 202.0, 199.0, 199.0, 198.0, 199.0, 204.0, 211.0, 212.0, 212.0, 210.0, 210.0, 228.0, 220.0, 207.0, 171.0, 157.0, 150.0, 147.0, 142.0, 133.0, 122.0, 115.0, 113.0, 292.0, 270.0, 259.0, 248.0]"
20-36,Maroubra,east,100,2024-09-07,0,9.0,9,2024,"[13.1, 14.8, 12.5, 11.3, 11.6, 11.8, 12.7, 15.8, 18.0, 17.8, 14.7, 10.7, 8.0, 7.9, 3.9, 6.9, 11.5, 15.5, 17.0, 17.6, 18.2, 18.3, 16.1, 11.2, 6.7, 5.3, 1.6, 2.8, 2.3, 1.0]","[326.0, 331.0, 333.0, 335.0, 336.0, 336.0, 328.0, 318.0, 310.0, 304.0, 289.0, 286.0, 264.0, 229.0, 152.0, 165.0, 158.0, 155.0, 149.0, 139.0, 131.0, 126.0, 122.0, 122.0, 121.0, 118.0, 117.0, 105.0, 94.0, 301.0]"
20-36,Maroubra,east,100,2022-06-03,0,9.0,6,2022,"[2.9, 4.5, 7.5, 6.0, 5.8, 5.8, 5.5, 5.4, 5.4, 5.5, 5.2, 5.0, 5.2, 5.5, 5.7, 4.4, 5.6, 6.0, 6.0, 7.6, 7.3, 8.2, 9.9, 10.7, 11.4, 11.5, 9.3, 8.8, 9.1, 8.6]","[4.0, 337.0, 305.0, 295.0, 290.0, 286.0, 281.0, 285.0, 290.0, 287.0, 297.0, 305.0, 311.0, 316.0, 307.0, 328.0, 329.0, 327.0, 331.0, 326.0, 330.0, 345.0, 357.0, 353.0, 344.0, 330.0, 323.0, 301.0, 304.0, 278.0]"
20-36,Maroubra,east,100,2019-04-19,0,9.0,4,2019,"[6.5, 6.4, 12.3, 14.8, 14.8, 13.0, 10.9, 9.4, 8.1, 7.1, 6.6, 6.4, 6.9, 8.4, 6.1, 7.9, 6.4, 3.2, 2.5, 3.9, 5.2, 7.3, 9.2, 9.1, 8.9, 8.0, 5.7, 5.1, 3.3, 3.4]","[87.0, 137.0, 175.0, 177.0, 183.0, 185.0, 188.0, 198.0, 212.0, 221.0, 229.0, 232.0, 231.0, 227.0, 225.0, 210.0, 196.0, 180.0, 90.0, 56.0, 74.0, 79.0, 79.0, 72.0, 69.0, 63.0, 55.0, 39.0, 41.0, 18.0]"
20-37,Maroubra,east,100,2023-06-08,1,12.0,6,2023,"[12.5, 13.0, 7.9, 8.4, 9.2, 10.8, 9.0, 7.9, 9.1, 8.8, 7.0, 6.4, 6.2, 7.2, 7.8, 7.7, 8.3, 10.9, 15.2, 16.9, 16.2, 15.4, 14.0, 10.2, 8.8, 9.9, 7.5, 8.7, 8.4, 7.9]","[41.0, 34.0, 24.0, 25.0, 31.0, 15.0, 355.0, 16.0, 7.0, 348.0, 339.0, 333.0, 350.0, 357.0, 347.0, 349.0, 355.0, 8.0, 7.0, 360.0, 347.0, 344.0, 337.0, 321.0, 325.0, 314.0, 305.0, 318.0, 317.0, 309.0]"
20-37,Maroubra,east,100,2012-01-08,0,12.0,1,2012,"[18.1, 14.8, 12.5, 10.4, 9.3, 9.7, 9.8, 7.8, 5.2, 6.3, 6.7, 6.1, 4.7, 6.3, 0.4, 2.9, 6.9, 9.9, 12.7, 14.9, 15.8, 13.8, 10.7, 9.8, 5.2, 5.5, 4.4, 1.1, 5.9, 3.7]","[44.0, 39.0, 39.0, 34.0, 28.0, 27.0, 24.0, 22.0, 25.0, 31.0, 16.0, 3.0, 360.0, 31.0, 360.0, 60.0, 47.0, 46.0, 43.0, 32.0, 27.0, 43.0, 48.0, 62.0, 65.0, 58.0, 99.0, 72.0, 256.0, 281.0]"
20-37,Maroubra,east,100,2013-03-25,0,12.0,3,2013,"[4.7, 4.5, 4.1, 2.5, 4.1, 5.9, 5.9, 7.2, 8.0, 9.0, 9.4, 10.6, 12.2, 13.7, 12.5, 13.7, 13.7, 12.6, 11.5, 11.4, 11.7, 11.6, 12.5, 12.0, 8.7, 6.1, 6.2, 4.0, 1.8, 3.3]","[67.0, 61.0, 75.0, 90.0, 218.0, 227.0, 232.0, 243.0, 243.0, 233.0, 223.0, 215.0, 214.0, 215.0, 221.0, 210.0, 194.0, 185.0, 178.0, 169.0, 162.0, 150.0, 136.0, 129.0, 132.0, 140.0, 144.0, 153.0, 101.0, 6.0]"
20-37,Maroubra,east,100,2025-04-14,0,12.0,4,2025,"[11.5, 11.6, 8.9, 8.9, 9.3, 8.6, 8.4, 8.5, 8.7, 8.8, 8.6, 8.0, 7.0, 5.0, 4.4, 5.6, 6.4, 5.5, 1.9, 7.1, 21.2, 24.7, 24.3, 22.5, 22.5, 21.4, 16.9, 16.3, 17.1, 19.8]","[49.0, 36.0, 29.0, 9.0, 342.0, 327.0, 317.0, 308.0, 312.0, 313.0, 311.0, 314.0, 328.0, 325.0, 302.0, 310.0, 324.0, 322.0, 311.0, 170.0, 174.0, 172.0, 173.0, 177.0, 179.0, 181.0, 177.0, 173.0, 179.0, 183.0]"
20-38,Maroubra,east,100,2023-08-14,1,8.0,8,2023,"[10.0, 8.9, 4.8, 3.4, 4.1, 3.3, 4.1, 3.0, 2.3, 0.5, 1.6, 3.1, 1.9, 1.3, 4.4, 5.9, 4.8, 5.7, 8.6, 10.5, 11.2, 10.8, 12.6, 13.6, 15.1, 14.9, 11.4, 9.8, 8.1, 7.1]","[139.0, 137.0, 167.0, 212.0, 218.0, 229.0, 225.0, 166.0, 162.0, 45.0, 333.0, 315.0, 292.0, 236.0, 189.0, 191.0, 193.0, 215.0, 195.0, 174.0, 165.0, 165.0, 153.0, 163.0, 168.0, 172.0, 204.0, 204.0, 212.0, 225.0]"
20-38,Maroubra,east,100,2011-07-05,0,8.0,7,2011,"[13.0, 12.6, 11.8, 13.9, 15.8, 16.5, 17.0, 17.3, 17.3, 17.9, 19.6, 21.1, 22.6, 24.2, 24.2, 24.6, 31.0, 32.2, 29.6, 27.7, 27.0, 24.1, 18.3, 19.2, 16.6, 13.2, 12.4, 13.3, 14.5, 15.9]","[294.0, 301.0, 301.0, 301.0, 305.0, 306.0, 306.0, 306.0, 301.0, 298.0, 296.0, 293.0, 292.0, 293.0, 285.0, 291.0, 290.0, 286.0, 280.0, 283.0, 289.0, 287.0, 292.0, 287.0, 288.0, 287.0, 296.0, 289.0, 297.0, 303.0]"
20-38,Maroubra,east,100,2024-10-18,0,8.0,10,2024,"[14.3, 13.7, 10.1, 12.1, 12.1, 13.9, 14.1, 12.7, 12.4, 13.1, 10.1, 8.6, 10.8, 10.9, 8.7, 10.8, 11.0, 10.7, 17.0, 20.0, 20.7, 18.0, 14.5, 11.0, 11.0, 10.0, 4.6, 5.1, 6.0, 7.1]","[63.0, 55.0, 43.0, 37.0, 28.0, 24.0, 15.0, 7.0, 13.0, 13.0, 355.0, 22.0, 358.0, 351.0, 354.0, 350.0, 328.0, 351.0, 18.0, 11.0, 1.0, 3.0, 8.0, 24.0, 15.0, 337.0, 121.0, 10.0, 327.0, 304.0]"
20-38,Maroubra,east,100,2007-12-11,0,8.0,12,2007,"[15.6, 13.5, 11.3, 12.8, 14.8, 17.0, 17.0, 17.6, 17.8, 18.6, 19.0, 19.0, 18.6, 20.6, 19.2, 20.4, 21.1, 21.8, 22.3, 21.4, 20.0, 19.8, 19.8, 18.8, 16.5, 16.1, 16.3, 17.1, 17.7, 17.7]","[157.0, 155.0, 171.0, 170.0, 166.0, 163.0, 167.0, 169.0, 172.0, 171.0, 170.0, 170.0, 170.0, 168.0, 174.0, 166.0, 163.0, 164.0, 162.0, 160.0, 157.0, 153.0, 153.0, 154.0, 157.0, 156.0, 158.0, 155.0, 151.0, 151.0]"
20-39,Maroubra,east,100,2023-09-30,1,14.0,9,2023,"[6.1, 4.9, 2.5, 4.3, 4.2, 2.5, 2.2, 1.0, 2.1, 3.3, 4.3, 5.4, 4.4, 4.5, 3.8, 8.0, 9.7, 10.7, 11.3, 11.2, 11.6, 13.0, 13.6, 13.6, 12.5, 12.2, 8.4, 7.8, 8.8, 9.6]","[130.0, 107.0, 90.0, 42.0, 59.0, 82.0, 99.0, 135.0, 239.0, 264.0, 270.0, 274.0, 279.0, 299.0, 343.0, 8.0, 4.0, 12.0, 17.0, 21.0, 36.0, 46.0, 53.0, 50.0, 39.0, 28.0, 20.0, 13.0, 19.0, 20.0]"
20-39,Maroubra,east,100,2012-04-03,0,14.0,4,2012,"[8.6, 7.4, 5.8, 5.1, 6.1, 6.9, 6.0, 5.0, 3.7, 3.7, 5.1, 5.7, 5.8, 6.2, 6.6, 5.8, 5.7, 5.4, 3.6, 1.8, 4.6, 8.0, 11.2, 11.0, 10.4, 9.9, 9.9, 9.2, 8.7, 7.6]","[68.0, 51.0, 30.0, 4.0, 360.0, 351.0, 327.0, 300.0, 299.0, 299.0, 315.0, 305.0, 292.0, 291.0, 292.0, 300.0, 305.0, 307.0, 323.0, 37.0, 72.0, 63.0, 57.0, 52.0, 46.0, 44.0, 44.0, 39.0, 30.0, 25.0]"
20-39,Maroubra,east,100,2025-12-18,0,14.0,12,2025,"[19.2, 16.6, 13.3, 12.4, 11.9, 11.4, 10.6, 9.3, 8.4, 7.7, 7.5, 6.9, 7.5, 8.3, 6.8, 7.7, 9.4, 11.8, 13.8, 15.2, 16.1, 17.1, 17.6, 19.1, 18.9, 18.3, 14.6, 14.1, 12.1, 10.2]","[46.0, 41.0, 42.0, 36.0, 31.0, 24.0, 18.0, 16.0, 20.0, 25.0, 24.0, 20.0, 11.0, 13.0, 11.0, 9.0, 17.0, 20.0, 22.0, 27.0, 33.0, 40.0, 43.0, 43.0, 35.0, 30.0, 27.0, 27.0, 21.0, 14.0]"
20-39,Maroubra,east,100,2016-02-10,0,14.0,2,2016,"[11.4, 8.0, 5.2, 5.9, 2.8, 1.0, 2.2, 4.7, 4.3, 4.7, 4.7, 5.1, 4.0, 4.3, 6.4, 10.0, 10.2, 9.4, 9.8, 13.0, 15.5, 17.8, 18.6, 17.8, 16.3, 14.5, 14.3, 13.0, 11.8, 9.7]","[118.0, 117.0, 106.0, 104.0, 130.0, 225.0, 270.0, 270.0, 265.0, 266.0, 266.0, 266.0, 275.0, 294.0, 322.0, 339.0, 352.0, 7.0, 28.0, 42.0, 48.0, 47.0, 47.0, 48.0, 49.0, 48.0, 45.0, 42.0, 40.0, 39.0]"
20-40,Maroubra,east,100,2023-11-18,1,17.0,11,2023,"[17.8, 14.9, 7.7, 5.6, 3.8, 2.7, 3.1, 2.3, 2.6, 2.9, 3.2, 2.9, 3.7, 6.6, 8.6, 9.1, 9.7, 11.5, 15.8, 20.7, 23.7, 22.7, 21.8, 21.2, 19.6, 16.9, 13.9, 13.4, 13.0, 11.6]","[148.0, 143.0, 139.0, 140.0, 163.0, 203.0, 201.0, 219.0, 254.0, 270.0, 270.0, 263.0, 281.0, 351.0, 345.0, 9.0, 27.0, 41.0, 49.0, 50.0, 49.0, 49.0, 51.0, 50.0, 46.0, 40.0, 31.0, 27.0, 19.0, 16.0]"
20-40,Maroubra,east,100,2011-06-21,0,17.0,6,2011,"[10.9, 10.2, 11.6, 11.5, 12.0, 12.5, 12.8, 13.4, 14.2, 15.3, 15.6, 17.3, 19.1, 20.2, 20.8, 22.1, 22.9, 25.7, 24.3, 25.2, 25.3, 26.0, 23.1, 22.0, 23.8, 24.1, 25.1, 24.2, 24.1, 24.1]","[314.0, 321.0, 324.0, 328.0, 327.0, 327.0, 328.0, 333.0, 339.0, 345.0, 352.0, 360.0, 3.0, 4.0, 9.0, 7.0, 7.0, 11.0, 353.0, 307.0, 281.0, 274.0, 274.0, 281.0, 280.0, 280.0, 277.0, 274.0, 272.0, 272.0]"
20-40,Maroubra,east,100,2022-11-28,0,17.0,11,2022,"[3.4, 4.7, 8.4, 8.8, 6.0, 2.3, 0.6, 6.9, 12.3, 17.5, 18.7, 17.5, 16.2, 16.2, 9.9, 9.3, 8.8, 9.0, 9.4, 9.5, 11.3, 12.5, 13.5, 15.0, 13.4, 10.0, 4.9, 4.8, 4.8, 3.3]","[65.0, 108.0, 285.0, 266.0, 237.0, 119.0, 304.0, 208.0, 190.0, 184.0, 178.0, 177.0, 181.0, 183.0, 178.0, 170.0, 161.0, 157.0, 142.0, 126.0, 107.0, 95.0, 88.0, 84.0, 85.0, 84.0, 86.0, 79.0, 48.0, 331.0]"
20-40,Maroubra,east,100,2016-06-03,0,17.0,6,2016,"[9.2, 8.4, 7.5, 6.8, 7.6, 8.8, 9.3, 9.4, 9.2, 9.3, 9.0, 9.4, 9.3, 9.2, 10.7, 9.4, 8.8, 8.0, 8.0, 8.9, 8.7, 8.7, 7.2, 5.8, 5.6, 5.4, 6.0, 5.2, 5.0, 5.1]","[169.0, 173.0, 197.0, 183.0, 185.0, 192.0, 193.0, 203.0, 206.0, 208.0, 203.0, 203.0, 208.0, 211.0, 228.0, 223.0, 215.0, 198.0, 172.0, 153.0, 142.0, 138.0, 143.0, 150.0, 153.0, 143.0, 163.0, 115.0, 120.0, 94.0]"
20-41,Maroubra,east,100,2024-01-03,1,,1,2024,"[16.0, 15.0, 14.3, 12.8, 10.0, 8.3, 7.3, 7.0, 6.3, 6.2, 5.8, 5.8, 7.3, 8.0, 8.2, 9.5, 11.0, 15.0, 17.2, 19.3, 17.9, 16.1, 15.0, 13.8, 12.4, 12.0, 9.2, 6.5, 5.0, 5.8]","[59.0, 60.0, 51.0, 40.0, 30.0, 34.0, 33.0, 35.0, 31.0, 21.0, 7.0, 22.0, 20.0, 10.0, 29.0, 29.0, 38.0, 46.0, 53.0, 53.0, 50.0, 48.0, 48.0, 39.0, 36.0, 33.0, 26.0, 19.0, 21.0, 22.0]"
20-41,Maroubra,east,100,2018-10-16,0,,10,2018,"[17.4, 17.9, 9.3, 11.4, 12.5, 11.0, 10.3, 11.0, 12.5, 11.9, 11.5, 12.1, 12.7, 13.2, 14.8, 17.6, 18.1, 19.2, 20.1, 20.4, 20.9, 20.7, 20.5, 19.3, 18.1, 17.3, 13.3, 12.2, 12.7, 13.4]","[56.0, 52.0, 54.0, 55.0, 49.0, 41.0, 36.0, 41.0, 39.0, 35.0, 32.0, 30.0, 25.0, 22.0, 23.0, 31.0, 35.0, 40.0, 43.0, 45.0, 49.0, 50.0, 52.0, 53.0, 49.0, 42.0, 41.0, 34.0, 29.0, 27.0]"
20-41,Maroubra,east,100,2019-09-13,0,,9,2019,"[7.6, 7.3, 5.4, 4.7, 3.6, 4.7, 6.4, 9.2, 11.0, 11.5, 10.9, 8.6, 7.3, 9.3, 5.8, 10.2, 10.7, 8.5, 2.9, 5.8, 9.0, 12.7, 15.6, 14.8, 10.2, 6.2, 2.6, 6.2, 6.6, 6.4]","[278.0, 259.0, 143.0, 176.0, 225.0, 261.0, 254.0, 225.0, 212.0, 200.0, 186.0, 178.0, 191.0, 196.0, 176.0, 148.0, 138.0, 126.0, 97.0, 60.0, 61.0, 65.0, 71.0, 72.0, 72.0, 69.0, 34.0, 21.0, 351.0, 317.0]"
20-41,Maroubra,east,100,2021-01-04,0,,1,2021,"[10.0, 6.3, 9.4, 7.7, 6.3, 4.7, 6.0, 6.2, 5.2, 4.3, 4.1, 3.2, 2.5, 2.6, 3.4, 3.9, 6.6, 7.3, 8.1, 8.3, 5.6, 10.2, 8.2, 9.7, 10.6, 8.4, 6.1, 3.8, 2.5, 2.3]","[41.0, 24.0, 50.0, 28.0, 13.0, 23.0, 25.0, 10.0, 16.0, 42.0, 45.0, 27.0, 360.0, 344.0, 302.0, 34.0, 45.0, 33.0, 13.0, 355.0, 333.0, 302.0, 345.0, 27.0, 24.0, 353.0, 315.0, 343.0, 8.0, 162.0]"
20-42,Maroubra,east,100,2024-02-26,1,9.0,2,2024,"[13.5, 10.7, 7.8, 7.9, 7.0, 6.6, 5.8, 4.7, 5.8, 4.8, 5.0, 6.1, 5.0, 5.0, 3.5, 4.8, 10.1, 20.6, 24.5, 24.6, 24.5, 23.8, 24.4, 24.1, 22.3, 20.3, 15.0, 13.7, 13.7, 15.0]","[56.0, 50.0, 34.0, 16.0, 348.0, 338.0, 338.0, 351.0, 360.0, 347.0, 330.0, 320.0, 300.0, 291.0, 294.0, 243.0, 197.0, 175.0, 170.0, 168.0, 166.0, 162.0, 158.0, 158.0, 157.0, 155.0, 153.0, 157.0, 162.0, 163.0]"
20-42,Maroubra,east,100,2014-07-02,0,9.0,7,2014,"[12.8, 15.5, 16.4, 15.1, 14.3, 14.2, 14.1, 13.1, 12.1, 11.8, 12.0, 12.4, 12.5, 12.4, 12.7, 11.4, 11.0, 10.8, 10.7, 9.8, 8.8, 7.7, 4.8, 5.4, 6.3, 3.1, 2.9, 5.0, 7.5, 9.3]","[238.0, 242.0, 244.0, 245.0, 245.0, 246.0, 251.0, 254.0, 258.0, 258.0, 254.0, 253.0, 252.0, 248.0, 255.0, 252.0, 247.0, 240.0, 225.0, 208.0, 199.0, 191.0, 167.0, 132.0, 121.0, 126.0, 240.0, 249.0, 253.0, 257.0]"
20-42,Maroubra,east,100,2013-07-18,0,9.0,7,2013,"[9.2, 10.2, 10.0, 10.1, 9.4, 8.8, 8.0, 7.2, 6.8, 6.4, 5.9, 5.6, 5.9, 6.1, 5.9, 5.2, 4.8, 5.5, 6.2, 7.6, 9.1, 10.2, 11.5, 13.6, 15.3, 15.5, 14.8, 14.1, 13.4, 11.9]","[39.0, 23.0, 15.0, 4.0, 356.0, 351.0, 342.0, 333.0, 328.0, 317.0, 313.0, 315.0, 322.0, 332.0, 317.0, 326.0, 333.0, 337.0, 350.0, 8.0, 18.0, 32.0, 39.0, 37.0, 34.0, 25.0, 18.0, 13.0, 8.0, 360.0]"
20-42,Maroubra,east,100,2006-08-24,0,9.0,8,2006,"[6.2, 7.4, 4.0, 8.4, 7.1, 7.2, 5.2, 4.9, 5.2, 4.7, 4.6, 4.3, 4.0, 3.4, 4.6, 5.1, 7.9, 9.4, 9.3, 8.9, 6.9, 9.2, 8.5, 6.6, 10.4, 14.4, 8.0, 8.8, 7.6, 6.6]","[21.0, 331.0, 297.0, 263.0, 255.0, 252.0, 254.0, 287.0, 295.0, 302.0, 288.0, 265.0, 275.0, 288.0, 342.0, 356.0, 16.0, 2.0, 344.0, 333.0, 351.0, 21.0, 12.0, 13.0, 14.0, 4.0, 350.0, 351.0, 315.0, 311.0]"
20-43,Maroubra,east,100,2024-02-28,1,9.0,2,2024,"[7.9, 8.2, 4.3, 4.6, 5.4, 6.6, 6.4, 5.2, 5.2, 5.5, 6.2, 6.5, 6.5, 7.2, 12.5, 17.1, 17.6, 16.6, 16.8, 16.9, 16.8, 17.3, 18.1, 17.3, 16.6, 15.0, 13.3, 10.9, 10.8, 10.7]","[66.0, 61.0, 42.0, 45.0, 42.0, 29.0, 16.0, 12.0, 12.0, 11.0, 7.0, 3.0, 6.0, 6.0, 18.0, 25.0, 28.0, 34.0, 35.0, 38.0, 43.0, 47.0, 49.0, 48.0, 48.0, 42.0, 41.0, 34.0, 37.0, 33.0]"
20-43,Maroubra,east,100,2017-02-01,0,9.0,2,2017,"[22.0, 19.1, 16.8, 17.6, 17.7, 17.8, 17.3, 16.7, 15.3, 15.1, 14.0, 12.3, 9.9, 8.9, 5.6, 8.2, 8.2, 8.7, 7.7, 6.8, 8.3, 7.9, 10.0, 11.5, 8.9, 4.9, 2.5, 6.4, 6.0, 5.1]","[165.0, 168.0, 170.0, 165.0, 156.0, 166.0, 175.0, 173.0, 172.0, 162.0, 154.0, 148.0, 147.0, 140.0, 153.0, 157.0, 157.0, 150.0, 127.0, 90.0, 72.0, 90.0, 111.0, 131.0, 159.0, 144.0, 315.0, 27.0, 25.0, 8.0]"
20-43,Maroubra,east,100,2025-04-07,0,9.0,4,2025,"[4.0, 6.5, 8.1, 11.1, 11.7, 10.3, 9.7, 9.7, 10.2, 11.0, 11.0, 11.4, 12.3, 12.8, 9.6, 9.2, 10.4, 11.4, 10.7, 9.3, 8.2, 7.2, 9.7, 12.5, 13.0, 12.3, 11.6, 10.8, 10.7, 10.7]","[150.0, 238.0, 273.0, 277.0, 272.0, 266.0, 259.0, 268.0, 278.0, 285.0, 288.0, 286.0, 280.0, 279.0, 283.0, 291.0, 288.0, 266.0, 248.0, 236.0, 218.0, 181.0, 149.0, 130.0, 127.0, 127.0, 144.0, 147.0, 155.0, 164.0]"
20-43,Maroubra,east,100,2013-04-16,0,9.0,4,2013,"[11.8, 11.5, 10.9, 8.8, 8.9, 8.7, 11.4, 14.8, 16.5, 18.4, 18.8, 17.4, 16.3, 15.3, 11.2, 13.8, 15.6, 15.5, 16.2, 17.3, 17.0, 14.6, 13.0, 13.7, 13.3, 13.3, 11.2, 11.1, 10.1, 9.5]","[168.0, 166.0, 174.0, 168.0, 166.0, 185.0, 208.0, 214.0, 212.0, 206.0, 200.0, 202.0, 211.0, 214.0, 225.0, 208.0, 206.0, 202.0, 192.0, 181.0, 176.0, 171.0, 177.0, 182.0, 182.0, 180.0, 195.0, 205.0, 207.0, 209.0]"
20-44,Maroubra,east,100,2024-02-29,1,10.0,2,2024,"[16.6, 15.0, 13.3, 10.9, 10.8, 10.7, 11.2, 10.7, 9.5, 9.3, 8.6, 8.8, 9.5, 11.2, 7.4, 8.8, 8.6, 8.3, 6.0, 5.1, 3.3, 1.5, 2.3, 5.4, 5.1, 5.6, 6.9, 15.1, 21.0, 21.3]","[48.0, 42.0, 41.0, 34.0, 37.0, 33.0, 21.0, 12.0, 9.0, 13.0, 15.0, 19.0, 25.0, 21.0, 14.0, 9.0, 358.0, 342.0, 303.0, 274.0, 257.0, 284.0, 39.0, 70.0, 45.0, 40.0, 186.0, 177.0, 164.0, 156.0]"
20-44,Maroubra,east,100,2010-01-29,0,10.0,1,2010,"[12.1, 9.8, 1.1, 2.5, 5.5, 6.8, 7.9, 7.3, 5.4, 4.0, 2.6, 3.3, 5.2, 6.5, 9.0, 10.8, 12.6, 15.6, 18.4, 21.1, 23.3, 24.7, 25.7, 25.4, 23.0, 21.3, 19.7, 20.2, 19.9, 20.2]","[23.0, 17.0, 18.0, 8.0, 23.0, 32.0, 30.0, 20.0, 360.0, 350.0, 326.0, 257.0, 236.0, 214.0, 185.0, 176.0, 167.0, 161.0, 157.0, 160.0, 158.0, 161.0, 162.0, 159.0, 163.0, 169.0, 172.0, 175.0, 176.0, 178.0]"
20-44,Maroubra,east,100,2016-12-08,0,10.0,12,2016,"[16.9, 15.4, 14.0, 14.8, 14.7, 14.8, 13.6, 11.4, 9.5, 9.4, 8.7, 8.6, 11.6, 11.9, 6.8, 10.2, 12.9, 14.1, 16.3, 17.9, 19.1, 21.4, 19.9, 16.8, 14.0, 11.2, 5.6, 14.6, 17.6, 19.8]","[63.0, 57.0, 48.0, 41.0, 31.0, 23.0, 17.0, 13.0, 9.0, 4.0, 5.0, 2.0, 5.0, 5.0, 25.0, 23.0, 30.0, 32.0, 31.0, 34.0, 46.0, 48.0, 44.0, 35.0, 26.0, 15.0, 333.0, 260.0, 255.0, 258.0]"
20-44,Maroubra,east,100,2010-10-04,0,10.0,10,2010,"[11.5, 11.2, 8.6, 8.3, 9.7, 9.4, 8.5, 9.4, 10.4, 8.3, 5.4, 4.5, 5.1, 8.1, 5.6, 5.2, 9.4, 13.7, 14.8, 14.3, 14.2, 13.5, 12.6, 11.0, 8.0, 7.0, 6.5, 5.6, 4.5, 4.0]","[70.0, 69.0, 75.0, 72.0, 59.0, 58.0, 62.0, 67.0, 70.0, 72.0, 86.0, 104.0, 94.0, 77.0, 105.0, 106.0, 94.0, 76.0, 67.0, 65.0, 63.0, 61.0, 59.0, 58.0, 54.0, 55.0, 71.0, 63.0, 61.0, 27.0]"
20-45,Maroubra,east,100,2024-03-02,1,17.0,3,2024,"[12.7, 13.6, 9.5, 9.1, 8.4, 7.6, 6.1, 3.6, 1.1, 2.5, 1.3, 2.0, 3.8, 6.1, 21.8, 23.0, 24.1, 22.0, 19.8, 16.7, 14.2, 17.2, 19.1, 18.9, 17.1, 15.3, 12.2, 12.0, 10.9, 10.5]","[15.0, 22.0, 11.0, 351.0, 350.0, 341.0, 320.0, 323.0, 342.0, 225.0, 214.0, 225.0, 197.0, 177.0, 164.0, 170.0, 171.0, 176.0, 180.0, 173.0, 159.0, 160.0, 164.0, 159.0, 155.0, 153.0, 152.0, 141.0, 134.0, 128.0]"
20-45,Maroubra,east,100,2013-12-16,0,17.0,12,2013,"[13.3, 11.6, 9.4, 8.6, 8.3, 8.1, 6.6, 6.3, 5.9, 6.8, 7.3, 7.4, 6.6, 7.0, 8.2, 9.4, 10.2, 11.5, 12.7, 14.4, 14.9, 16.2, 16.8, 18.4, 17.1, 13.7, 11.1, 9.6, 7.7, 5.9]","[103.0, 97.0, 90.0, 88.0, 85.0, 77.0, 77.0, 77.0, 76.0, 72.0, 70.0, 61.0, 61.0, 55.0, 38.0, 43.0, 51.0, 58.0, 65.0, 68.0, 70.0, 73.0, 75.0, 67.0, 62.0, 63.0, 65.0, 56.0, 41.0, 38.0]"
20-45,Maroubra,east,100,2024-01-04,0,17.0,1,2024,"[12.4, 12.0, 9.2, 6.5, 5.0, 5.8, 7.2, 6.6, 5.8, 4.3, 3.8, 2.3, 1.5, 4.5, 9.4, 17.3, 22.7, 23.1, 24.2, 23.5, 19.4, 16.7, 14.4, 14.8, 14.5, 14.8, 15.0, 15.5, 15.9, 16.6]","[36.0, 33.0, 26.0, 19.0, 21.0, 22.0, 6.0, 351.0, 4.0, 5.0, 343.0, 309.0, 256.0, 209.0, 184.0, 181.0, 177.0, 175.0, 169.0, 169.0, 169.0, 173.0, 177.0, 186.0, 187.0, 184.0, 169.0, 168.0, 167.0, 162.0]"
20-45,Maroubra,east,100,2011-10-18,0,17.0,10,2011,"[13.5, 9.7, 7.2, 5.5, 6.4, 6.5, 5.8, 5.6, 5.6, 5.0, 5.3, 5.0, 5.8, 5.0, 4.0, 2.9, 4.4, 5.0, 7.6, 9.5, 12.1, 13.6, 15.0, 15.5, 12.2, 10.2, 8.2, 7.9, 8.3, 8.7]","[134.0, 138.0, 143.0, 148.0, 164.0, 177.0, 187.0, 195.0, 195.0, 201.0, 208.0, 210.0, 210.0, 210.0, 190.0, 120.0, 99.0, 90.0, 87.0, 79.0, 73.0, 68.0, 66.0, 65.0, 62.0, 51.0, 41.0, 30.0, 18.0, 5.0]"
20-46,Maroubra,east,100,2024-03-14,1,9.0,3,2024,"[11.6, 11.1, 7.5, 7.9, 8.8, 10.1, 10.8, 11.2, 10.4, 9.8, 9.9, 8.6, 7.1, 7.2, 6.0, 5.9, 4.6, 2.4, 6.8, 13.9, 21.1, 25.7, 26.5, 25.0, 24.2, 22.7, 23.9, 24.6, 24.1, 25.0]","[64.0, 54.0, 35.0, 24.0, 9.0, 4.0, 2.0, 354.0, 346.0, 352.0, 350.0, 338.0, 345.0, 354.0, 335.0, 317.0, 288.0, 207.0, 155.0, 149.0, 150.0, 160.0, 165.0, 173.0, 177.0, 177.0, 168.0, 169.0, 171.0, 168.0]"
20-46,Maroubra,east,100,2013-08-20,0,9.0,8,2013,"[17.9, 17.5, 21.7, 22.3, 23.2, 23.4, 23.1, 22.5, 20.9, 19.9, 19.6, 20.0, 19.7, 20.2, 18.3, 20.8, 21.6, 21.4, 21.7, 21.4, 22.3, 23.6, 23.3, 19.8, 19.6, 19.7, 21.0, 21.6, 21.6, 21.3]","[261.0, 262.0, 264.0, 273.0, 276.0, 274.0, 267.0, 263.0, 259.0, 257.0, 257.0, 256.0, 255.0, 254.0, 254.0, 252.0, 252.0, 250.0, 249.0, 250.0, 252.0, 251.0, 250.0, 254.0, 257.0, 262.0, 263.0, 259.0, 255.0, 254.0]"
20-46,Maroubra,east,100,2012-04-09,0,9.0,4,2012,"[10.3, 11.8, 11.9, 9.3, 8.7, 15.1, 19.1, 19.0, 18.8, 17.4, 14.3, 13.4, 12.8, 13.7, 13.9, 15.0, 15.0, 14.3, 14.2, 13.9, 14.6, 15.2, 16.0, 14.4, 15.1, 15.5, 15.0, 18.0, 22.6, 24.2]","[25.0, 12.0, 360.0, 332.0, 300.0, 267.0, 258.0, 260.0, 258.0, 257.0, 258.0, 256.0, 254.0, 252.0, 253.0, 249.0, 246.0, 245.0, 246.0, 253.0, 260.0, 263.0, 262.0, 257.0, 252.0, 248.0, 240.0, 206.0, 188.0, 185.0]"
20-46,Maroubra,east,100,2025-12-07,0,9.0,12,2025,"[7.6, 13.4, 8.2, 11.5, 6.9, 8.3, 12.2, 17.6, 9.8, 2.6, 5.1, 13.5, 23.9, 24.1, 20.8, 22.6, 21.5, 20.2, 22.3, 22.1, 21.4, 21.3, 20.1, 17.8, 16.1, 13.6, 10.7, 9.5, 8.9, 8.8]","[1.0, 290.0, 255.0, 229.0, 250.0, 304.0, 256.0, 232.0, 229.0, 309.0, 216.0, 190.0, 181.0, 174.0, 168.0, 169.0, 164.0, 149.0, 138.0, 135.0, 131.0, 128.0, 124.0, 120.0, 121.0, 124.0, 107.0, 101.0, 98.0, 94.0]"
20-47,Maroubra,east,100,2024-03-18,1,10.0,3,2024,"[8.4, 6.6, 6.0, 3.6, 2.5, 3.5, 3.7, 4.4, 5.4, 5.4, 4.6, 4.2, 4.1, 4.6, 6.7, 4.8, 3.8, 2.3, 1.8, 3.0, 5.8, 9.7, 11.7, 12.1, 11.8, 10.5, 7.3, 7.0, 6.1, 6.0]","[97.0, 112.0, 115.0, 143.0, 188.0, 204.0, 209.0, 215.0, 222.0, 228.0, 231.0, 239.0, 225.0, 231.0, 254.0, 228.0, 229.0, 198.0, 169.0, 104.0, 97.0, 86.0, 81.0, 73.0, 63.0, 52.0, 57.0, 69.0, 62.0, 57.0]"
20-47,Maroubra,east,100,2019-05-19,0,10.0,5,2019,"[6.9, 7.0, 5.2, 4.1, 7.1, 8.2, 8.7, 8.3, 8.2, 7.2, 6.8, 7.1, 7.5, 7.9, 7.1, 6.6, 6.3, 5.4, 5.9, 5.4, 5.4, 6.9, 7.2, 7.2, 7.2, 6.2, 5.4, 4.7, 4.8, 2.4]","[141.0, 145.0, 168.0, 218.0, 221.0, 209.0, 204.0, 198.0, 209.0, 217.0, 212.0, 210.0, 215.0, 219.0, 229.0, 221.0, 211.0, 180.0, 133.0, 110.0, 94.0, 84.0, 84.0, 72.0, 53.0, 36.0, 356.0, 302.0, 283.0, 297.0]"
20-47,Maroubra,east,100,2021-10-02,0,10.0,10,2021,"[6.7, 7.4, 1.8, 2.5, 4.5, 5.6, 6.8, 6.8, 6.8, 6.4, 4.8, 4.7, 5.4, 5.9, 6.2, 8.4, 8.3, 5.7, 2.3, 4.2, 5.4, 5.6, 4.6, 2.3, 4.2, 5.5, 1.1, 2.9, 4.4, 5.4]","[164.0, 166.0, 127.0, 45.0, 331.0, 315.0, 302.0, 295.0, 295.0, 297.0, 283.0, 274.0, 274.0, 284.0, 291.0, 280.0, 268.0, 252.0, 198.0, 110.0, 94.0, 117.0, 198.0, 141.0, 70.0, 11.0, 342.0, 277.0, 261.0, 250.0]"
20-47,Maroubra,east,100,2025-12-05,0,10.0,12,2025,"[21.4, 20.8, 19.3, 17.5, 12.6, 8.4, 6.7, 7.1, 6.9, 6.7, 7.0, 6.8, 8.4, 7.9, 7.7, 10.3, 13.2, 10.3, 7.0, 7.7, 11.3, 15.0, 17.3, 18.5, 20.4, 20.0, 21.8, 20.2, 17.4, 13.9]","[47.0, 40.0, 42.0, 37.0, 25.0, 15.0, 360.0, 350.0, 337.0, 324.0, 312.0, 307.0, 304.0, 309.0, 309.0, 311.0, 300.0, 305.0, 334.0, 12.0, 36.0, 45.0, 48.0, 48.0, 46.0, 42.0, 40.0, 32.0, 18.0, 3.0]"
20-48,Maroubra,east,100,2024-03-25,1,16.0,3,2024,"[11.9, 10.7, 7.4, 7.2, 7.6, 6.8, 3.9, 2.7, 2.3, 3.8, 4.3, 4.3, 4.4, 5.4, 4.8, 5.0, 6.7, 8.4, 8.5, 7.1, 5.1, 3.3, 6.2, 9.4, 10.0, 8.5, 5.8, 4.9, 2.3, 4.2]","[65.0, 57.0, 51.0, 27.0, 8.0, 357.0, 338.0, 293.0, 309.0, 319.0, 312.0, 294.0, 279.0, 274.0, 283.0, 291.0, 286.0, 290.0, 298.0, 300.0, 309.0, 6.0, 54.0, 67.0, 64.0, 62.0, 83.0, 107.0, 162.0, 200.0]"
20-48,Maroubra,east,100,2012-03-13,0,16.0,3,2012,"[14.3, 12.2, 10.8, 9.7, 8.7, 7.8, 7.4, 6.6, 4.8, 3.4, 3.3, 3.8, 3.6, 3.3, 3.6, 5.6, 8.2, 11.1, 12.4, 13.0, 13.0, 14.0, 15.3, 15.4, 15.1, 14.3, 13.5, 12.4, 10.9, 9.4]","[49.0, 47.0, 53.0, 51.0, 45.0, 34.0, 23.0, 13.0, 13.0, 18.0, 13.0, 343.0, 315.0, 311.0, 307.0, 345.0, 15.0, 29.0, 36.0, 39.0, 42.0, 44.0, 49.0, 53.0, 50.0, 45.0, 42.0, 36.0, 27.0, 18.0]"
20-48,Maroubra,east,100,2018-06-23,0,16.0,6,2018,"[8.7, 8.9, 8.1, 7.3, 6.3, 5.4, 4.8, 5.5, 5.9, 7.9, 8.0, 7.6, 7.3, 6.8, 7.3, 5.9, 5.9, 6.1, 5.4, 4.9, 4.0, 2.7, 2.9, 4.8, 6.9, 9.9, 9.8, 10.4, 10.9, 10.3]","[48.0, 40.0, 21.0, 351.0, 329.0, 307.0, 297.0, 281.0, 259.0, 246.0, 243.0, 251.0, 261.0, 273.0, 279.0, 281.0, 281.0, 273.0, 278.0, 287.0, 280.0, 247.0, 173.0, 153.0, 174.0, 190.0, 197.0, 214.0, 226.0, 241.0]"
20-48,Maroubra,east,100,2006-03-25,0,16.0,3,2006,"[16.8, 15.7, 15.3, 15.0, 14.5, 13.4, 12.3, 11.0, 11.3, 12.1, 12.2, 12.0, 11.2, 11.5, 10.0, 15.3, 17.1, 16.9, 16.4, 16.2, 16.7, 16.9, 16.0, 14.3, 11.6, 10.5, 9.4, 8.3, 7.9, 6.9]","[157.0, 160.0, 153.0, 150.0, 145.0, 144.0, 148.0, 157.0, 163.0, 163.0, 166.0, 171.0, 180.0, 182.0, 167.0, 150.0, 145.0, 146.0, 147.0, 148.0, 147.0, 146.0, 149.0, 155.0, 164.0, 174.0, 180.0, 182.0, 183.0, 186.0]"
20-49,Maroubra,east,100,2024-03-28,1,14.0,3,2024,"[10.7, 9.2, 5.9, 5.5, 4.9, 4.8, 6.1, 6.2, 6.6, 7.0, 9.2, 10.0, 9.2, 9.0, 8.7, 11.4, 12.0, 11.8, 12.5, 13.4, 13.8, 15.0, 15.5, 14.5, 11.7, 9.7, 7.9, 6.8, 5.2, 4.7]","[104.0, 101.0, 128.0, 157.0, 163.0, 167.0, 180.0, 173.0, 167.0, 159.0, 154.0, 154.0, 154.0, 151.0, 187.0, 167.0, 159.0, 153.0, 147.0, 144.0, 137.0, 132.0, 132.0, 134.0, 135.0, 138.0, 156.0, 155.0, 164.0, 176.0]"
20-49,Maroubra,east,100,2017-08-03,0,14.0,8,2017,"[11.6, 10.8, 8.1, 8.7, 9.6, 9.7, 9.5, 9.8, 8.9, 8.2, 7.9, 7.1, 6.3, 5.0, 7.4, 6.4, 6.4, 7.1, 7.9, 8.3, 10.1, 11.5, 11.7, 12.1, 11.2, 9.8, 11.0, 8.7, 2.4, 7.0]","[175.0, 180.0, 212.0, 210.0, 214.0, 207.0, 205.0, 208.0, 201.0, 195.0, 196.0, 195.0, 193.0, 201.0, 241.0, 232.0, 207.0, 150.0, 114.0, 90.0, 86.0, 88.0, 79.0, 63.0, 48.0, 24.0, 328.0, 287.0, 297.0, 12.0]"
20-49,Maroubra,east,100,2010-04-15,0,14.0,4,2010,"[11.5, 11.2, 8.7, 7.9, 6.0, 6.0, 6.1, 4.8, 3.7, 5.3, 5.6, 6.1, 6.9, 7.7, 8.9, 7.8, 7.6, 6.6, 6.8, 8.8, 11.4, 13.1, 14.8, 14.8, 14.6, 14.0, 12.1, 12.1, 11.5, 10.1]","[49.0, 42.0, 30.0, 30.0, 25.0, 17.0, 357.0, 312.0, 259.0, 242.0, 230.0, 225.0, 223.0, 221.0, 212.0, 202.0, 185.0, 171.0, 155.0, 145.0, 145.0, 143.0, 139.0, 139.0, 142.0, 145.0, 163.0, 163.0, 160.0, 163.0]"
20-49,Maroubra,east,100,2007-12-03,0,14.0,12,2007,"[16.6, 13.7, 12.7, 12.0, 11.2, 9.5, 8.4, 7.5, 7.1, 7.6, 6.9, 6.2, 7.2, 11.2, 6.2, 8.0, 9.4, 11.1, 12.5, 12.0, 11.6, 12.7, 7.4, 4.0, 8.0, 9.2, 10.3, 9.2, 9.0, 8.4]","[49.0, 45.0, 43.0, 39.0, 33.0, 25.0, 20.0, 17.0, 15.0, 5.0, 354.0, 353.0, 354.0, 360.0, 350.0, 5.0, 18.0, 25.0, 39.0, 44.0, 36.0, 29.0, 29.0, 27.0, 342.0, 329.0, 324.0, 318.0, 331.0, 350.0]"
20-50,Maroubra,east,100,2024-03-31,1,16.0,3,2024,"[8.4, 7.0, 7.1, 6.3, 5.9, 1.9, 2.4, 3.3, 2.9, 2.2, 2.9, 3.6, 5.1, 6.4, 4.3, 4.1, 1.5, 2.6, 4.9, 6.1, 7.7, 9.8, 11.6, 11.8, 10.5, 8.9, 6.6, 6.5, 6.3, 6.5]","[70.0, 55.0, 41.0, 24.0, 11.0, 22.0, 117.0, 131.0, 150.0, 189.0, 210.0, 225.0, 231.0, 227.0, 228.0, 232.0, 256.0, 16.0, 36.0, 50.0, 62.0, 66.0, 64.0, 63.0, 63.0, 58.0, 49.0, 34.0, 24.0, 19.0]"
20-50,Maroubra,east,100,2011-06-01,0,16.0,6,2011,"[16.5, 16.3, 16.6, 16.7, 16.6, 17.1, 16.5, 15.3, 16.1, 16.3, 15.5, 14.3, 15.1, 15.8, 12.7, 15.4, 15.9, 17.3, 20.4, 18.9, 16.3, 14.8, 13.2, 12.5, 11.5, 10.1, 8.1, 9.3, 11.0, 11.9]","[134.0, 131.0, 146.0, 143.0, 138.0, 134.0, 136.0, 139.0, 138.0, 135.0, 138.0, 146.0, 152.0, 145.0, 151.0, 147.0, 141.0, 137.0, 131.0, 130.0, 131.0, 135.0, 135.0, 136.0, 141.0, 153.0, 167.0, 164.0, 157.0, 151.0]"
20-50,Maroubra,east,100,2022-03-05,0,16.0,3,2022,"[12.1, 10.7, 6.5, 5.4, 4.0, 3.3, 3.3, 2.5, 2.2, 2.3, 2.1, 2.5, 3.1, 3.6, 4.4, 7.1, 7.2, 7.7, 9.3, 11.2, 14.9, 17.6, 17.4, 16.3, 12.2, 9.9, 6.2, 4.3, 5.4, 5.4]","[165.0, 172.0, 180.0, 172.0, 170.0, 193.0, 209.0, 249.0, 279.0, 274.0, 301.0, 339.0, 315.0, 315.0, 21.0, 6.0, 359.0, 9.0, 29.0, 41.0, 49.0, 49.0, 46.0, 54.0, 54.0, 52.0, 69.0, 152.0, 184.0, 194.0]"
20-50,Maroubra,east,100,2015-02-12,0,16.0,2,2015,"[16.7, 15.1, 10.2, 9.9, 10.2, 9.7, 8.1, 8.1, 7.9, 5.8, 4.0, 4.3, 4.1, 3.1, 2.3, 5.1, 7.6, 8.8, 10.4, 12.6, 15.0, 16.7, 15.8, 14.0, 11.4, 8.8, 6.8, 6.8, 9.3, 10.0]","[53.0, 50.0, 45.0, 44.0, 39.0, 31.0, 21.0, 13.0, 357.0, 330.0, 280.0, 246.0, 232.0, 225.0, 219.0, 51.0, 65.0, 78.0, 92.0, 103.0, 120.0, 127.0, 131.0, 132.0, 118.0, 125.0, 155.0, 198.0, 208.0, 193.0]"
20-51,Maroubra,east,100,2024-04-01,1,14.0,4,2024,"[10.5, 8.9, 6.6, 6.5, 6.3, 6.5, 6.6, 7.2, 7.1, 6.3, 5.7, 4.8, 4.8, 5.8, 4.5, 6.2, 9.4, 12.0, 13.2, 13.7, 14.4, 15.8, 17.8, 18.1, 17.8, 17.1, 17.2, 16.3, 15.7, 14.5]","[63.0, 58.0, 49.0, 34.0, 24.0, 19.0, 13.0, 6.0, 345.0, 329.0, 325.0, 333.0, 347.0, 360.0, 331.0, 339.0, 356.0, 9.0, 17.0, 23.0, 32.0, 41.0, 47.0, 47.0, 42.0, 35.0, 33.0, 28.0, 20.0, 14.0]"
20-51,Maroubra,east,100,2016-12-16,0,14.0,12,2016,"[13.6, 13.2, 9.0, 8.7, 9.2, 9.2, 8.4, 8.4, 9.9, 9.5, 8.5, 9.0, 8.4, 11.6, 8.7, 7.2, 5.8, 5.4, 4.1, 1.8, 2.9, 4.1, 4.7, 5.4, 7.5, 6.7, 6.2, 6.2, 7.8, 8.7]","[140.0, 137.0, 143.0, 138.0, 138.0, 138.0, 133.0, 137.0, 136.0, 143.0, 152.0, 164.0, 187.0, 187.0, 175.0, 180.0, 202.0, 222.0, 232.0, 270.0, 353.0, 315.0, 328.0, 356.0, 17.0, 16.0, 10.0, 21.0, 13.0, 7.0]"
20-51,Maroubra,east,100,2018-06-18,0,14.0,6,2018,"[20.0, 20.0, 16.5, 17.2, 18.4, 18.1, 20.3, 20.9, 21.1, 21.9, 21.1, 21.4, 22.6, 23.8, 22.1, 23.5, 21.4, 23.9, 27.2, 27.7, 26.0, 24.7, 22.5, 22.5, 22.9, 24.2, 18.9, 17.4, 17.3, 18.1]","[284.0, 284.0, 286.0, 281.0, 271.0, 263.0, 258.0, 251.0, 245.0, 243.0, 243.0, 241.0, 236.0, 231.0, 224.0, 221.0, 221.0, 217.0, 206.0, 203.0, 204.0, 203.0, 200.0, 200.0, 202.0, 203.0, 211.0, 218.0, 222.0, 221.0]"
20-51,Maroubra,east,100,2023-02-06,0,14.0,2,2023,"[17.3, 13.7, 9.2, 7.3, 7.4, 6.8, 5.9, 5.5, 5.4, 6.0, 6.0, 2.3, 2.3, 2.7, 5.6, 8.0, 11.0, 10.8, 9.4, 12.2, 18.2, 24.5, 24.3, 21.4, 17.2, 12.1, 11.1, 8.0, 5.7, 4.5]","[95.0, 104.0, 101.0, 110.0, 113.0, 108.0, 104.0, 101.0, 86.0, 57.0, 33.0, 342.0, 288.0, 293.0, 333.0, 18.0, 23.0, 21.0, 32.0, 56.0, 63.0, 64.0, 63.0, 63.0, 61.0, 60.0, 54.0, 54.0, 55.0, 61.0]"
20-52,Maroubra,east,100,2024-04-04,1,8.0,4,2024,"[12.9, 12.3, 7.3, 8.7, 8.7, 9.0, 9.8, 9.7, 9.7, 10.3, 10.8, 12.3, 12.8, 14.2, 10.4, 11.2, 15.6, 14.6, 15.3, 15.7, 14.7, 11.2, 10.4, 10.5, 11.5, 13.3, 12.0, 13.9, 14.4, 15.2]","[120.0, 122.0, 123.0, 128.0, 138.0, 151.0, 156.0, 153.0, 153.0, 155.0, 159.0, 159.0, 158.0, 153.0, 166.0, 159.0, 140.0, 140.0, 135.0, 127.0, 118.0, 123.0, 134.0, 139.0, 141.0, 142.0, 141.0, 149.0, 143.0, 144.0]"
20-52,Maroubra,east,100,2011-05-23,0,8.0,5,2011,"[13.5, 13.9, 13.8, 13.2, 11.2, 9.4, 8.7, 8.0, 8.9, 8.7, 8.7, 10.1, 12.6, 14.2, 14.3, 15.7, 18.4, 19.7, 20.0, 19.9, 20.2, 19.1, 16.5, 16.6, 15.8, 14.3, 14.3, 15.8, 18.6, 19.7]","[29.0, 25.0, 20.0, 11.0, 4.0, 2.0, 353.0, 333.0, 302.0, 312.0, 336.0, 354.0, 2.0, 353.0, 335.0, 328.0, 329.0, 329.0, 321.0, 312.0, 305.0, 302.0, 302.0, 294.0, 294.0, 304.0, 315.0, 313.0, 306.0, 298.0]"
20-52,Maroubra,east,100,2021-07-07,0,8.0,7,2021,"[8.0, 8.1, 8.3, 7.7, 7.9, 9.0, 10.4, 10.2, 10.0, 9.7, 9.4, 9.2, 8.8, 8.5, 10.4, 8.4, 7.8, 6.9, 4.9, 2.5, 0.8, 0.0, 1.8, 5.6, 7.4, 7.3, 4.0, 3.4, 3.8, 5.8]","[126.0, 148.0, 182.0, 191.0, 204.0, 217.0, 224.0, 228.0, 229.0, 228.0, 230.0, 231.0, 235.0, 234.0, 250.0, 250.0, 248.0, 242.0, 234.0, 225.0, 243.0, 270.0, 127.0, 135.0, 141.0, 147.0, 180.0, 198.0, 229.0, 240.0]"
20-52,Maroubra,east,100,2016-09-05,0,8.0,9,2016,"[4.8, 3.6, 7.8, 8.9, 9.4, 10.4, 10.2, 9.8, 9.1, 8.4, 7.6, 6.8, 6.5, 7.6, 6.4, 5.8, 4.8, 3.8, 3.7, 4.0, 5.4, 7.5, 9.5, 9.2, 8.5, 8.0, 7.4, 7.6, 7.3, 6.9]","[138.0, 225.0, 257.0, 256.0, 252.0, 256.0, 260.0, 264.0, 263.0, 263.0, 267.0, 273.0, 276.0, 278.0, 286.0, 292.0, 297.0, 319.0, 349.0, 27.0, 48.0, 55.0, 65.0, 69.0, 62.0, 54.0, 29.0, 3.0, 340.0, 317.0]"
20-53,Maroubra,east,100,2024-04-08,1,16.0,4,2024,"[4.7, 1.6, 4.4, 5.0, 5.0, 5.5, 6.9, 7.6, 7.7, 8.7, 9.2, 9.7, 9.2, 9.3, 9.3, 11.4, 10.9, 8.6, 6.2, 4.9, 6.0, 8.6, 11.3, 9.8, 7.3, 5.9, 4.3, 1.9, 1.3, 2.3]","[90.0, 153.0, 189.0, 210.0, 240.0, 259.0, 264.0, 262.0, 259.0, 253.0, 249.0, 243.0, 239.0, 234.0, 216.0, 193.0, 186.0, 180.0, 170.0, 144.0, 107.0, 88.0, 83.0, 82.0, 81.0, 76.0, 66.0, 68.0, 326.0, 309.0]"
20-53,Maroubra,east,100,2020-07-05,0,16.0,7,2020,"[15.3, 16.7, 17.6, 19.4, 20.8, 22.0, 22.6, 22.6, 22.4, 22.0, 21.1, 19.9, 19.6, 19.0, 19.1, 17.3, 17.1, 15.6, 15.3, 13.5, 12.6, 12.0, 9.2, 7.9, 8.4, 9.9, 9.4, 11.4, 12.9, 12.6]","[255.0, 256.0, 255.0, 259.0, 260.0, 255.0, 253.0, 253.0, 255.0, 255.0, 253.0, 253.0, 253.0, 251.0, 248.0, 247.0, 248.0, 251.0, 243.0, 241.0, 239.0, 231.0, 222.0, 227.0, 239.0, 251.0, 247.0, 242.0, 243.0, 246.0]"
20-53,Maroubra,east,100,2021-12-28,0,16.0,12,2021,"[16.8, 16.9, 14.1, 15.9, 16.1, 18.2, 18.7, 18.1, 17.1, 16.0, 16.2, 16.6, 17.6, 18.8, 16.9, 20.6, 22.3, 22.3, 21.3, 20.3, 19.6, 19.8, 21.4, 22.0, 21.9, 18.8, 14.9, 13.5, 13.1, 11.9]","[137.0, 128.0, 148.0, 147.0, 146.0, 146.0, 150.0, 157.0, 165.0, 172.0, 176.0, 179.0, 179.0, 176.0, 181.0, 175.0, 170.0, 170.0, 169.0, 168.0, 166.0, 164.0, 163.0, 162.0, 163.0, 163.0, 173.0, 171.0, 172.0, 177.0]"
20-53,Maroubra,east,100,2017-01-03,0,16.0,1,2017,"[20.3, 19.1, 17.9, 16.1, 14.4, 14.9, 14.4, 13.7, 14.3, 15.3, 16.2, 16.6, 18.2, 20.5, 18.5, 18.7, 19.7, 20.8, 21.9, 22.1, 21.5, 21.5, 20.1, 18.6, 17.8, 15.5, 11.7, 12.5, 11.5, 10.4]","[155.0, 160.0, 161.0, 164.0, 167.0, 173.0, 179.0, 183.0, 190.0, 195.0, 197.0, 198.0, 198.0, 191.0, 187.0, 179.0, 171.0, 166.0, 163.0, 161.0, 159.0, 157.0, 151.0, 144.0, 138.0, 134.0, 135.0, 136.0, 136.0, 136.0]"
20-54,Maroubra,east,100,2024-04-17,1,14.0,4,2024,"[9.3, 7.1, 6.1, 5.4, 5.5, 6.7, 7.8, 8.8, 8.8, 8.0, 6.6, 6.3, 6.8, 8.1, 12.1, 14.1, 13.8, 13.1, 13.7, 11.3, 11.0, 13.2, 12.4, 9.3, 7.9, 5.1, 5.9, 5.2, 4.8, 3.8]","[126.0, 131.0, 183.0, 188.0, 191.0, 196.0, 193.0, 192.0, 189.0, 188.0, 189.0, 193.0, 198.0, 201.0, 190.0, 177.0, 173.0, 172.0, 166.0, 153.0, 148.0, 154.0, 150.0, 152.0, 141.0, 141.0, 191.0, 205.0, 193.0, 197.0]"
20-54,Maroubra,east,100,2016-01-20,0,14.0,1,2016,"[14.0, 13.2, 14.5, 14.2, 13.6, 12.1, 9.4, 7.2, 7.6, 7.6, 7.5, 7.4, 7.1, 7.0, 6.9, 8.9, 11.1, 12.6, 12.8, 12.8, 12.6, 12.3, 11.6, 12.7, 7.8, 9.7, 18.9, 14.2, 9.4, 8.0]","[42.0, 43.0, 35.0, 30.0, 22.0, 12.0, 4.0, 360.0, 360.0, 352.0, 343.0, 337.0, 330.0, 325.0, 321.0, 313.0, 306.0, 307.0, 320.0, 338.0, 2.0, 21.0, 30.0, 35.0, 56.0, 153.0, 162.0, 164.0, 173.0, 207.0]"
20-54,Maroubra,east,100,2023-11-24,0,14.0,11,2023,"[20.4, 19.2, 16.5, 15.8, 15.3, 14.4, 13.4, 12.1, 10.6, 9.7, 6.4, 5.0, 4.7, 6.1, 5.2, 5.7, 5.5, 6.5, 8.2, 9.7, 10.8, 11.8, 12.3, 12.2, 12.9, 12.2, 10.5, 10.5, 10.4, 11.2]","[171.0, 172.0, 169.0, 163.0, 165.0, 167.0, 166.0, 168.0, 162.0, 158.0, 164.0, 159.0, 157.0, 118.0, 102.0, 72.0, 67.0, 71.0, 75.0, 75.0, 69.0, 63.0, 52.0, 45.0, 36.0, 34.0, 27.0, 31.0, 34.0, 40.0]"
20-54,Maroubra,east,100,2006-05-22,0,14.0,5,2006,"[13.2, 11.3, 7.1, 7.0, 6.2, 4.7, 5.4, 6.0, 4.3, 4.7, 4.7, 5.9, 5.8, 7.4, 12.2, 13.0, 15.5, 16.3, 17.3, 19.9, 22.5, 23.6, 23.3, 21.0, 22.4, 19.5, 15.3, 13.9, 13.5, 12.9]","[61.0, 53.0, 45.0, 12.0, 324.0, 279.0, 228.0, 197.0, 185.0, 184.0, 189.0, 194.0, 202.0, 219.0, 214.0, 204.0, 193.0, 188.0, 182.0, 176.0, 174.0, 172.0, 171.0, 173.0, 175.0, 185.0, 207.0, 205.0, 209.0, 210.0]"
20-55,Maroubra,east,100,2024-04-22,1,16.0,4,2024,"[8.7, 7.7, 5.8, 5.9, 6.5, 7.6, 7.9, 8.5, 9.6, 10.3, 10.9, 10.8, 10.1, 9.7, 6.0, 6.5, 4.9, 3.0, 3.0, 4.8, 6.3, 7.9, 9.2, 7.1, 7.7, 7.4, 6.3, 6.8, 7.5, 7.6]","[135.0, 139.0, 173.0, 194.0, 199.0, 205.0, 210.0, 216.0, 214.0, 209.0, 207.0, 210.0, 215.0, 222.0, 237.0, 236.0, 234.0, 256.0, 346.0, 13.0, 31.0, 43.0, 45.0, 49.0, 49.0, 43.0, 24.0, 360.0, 343.0, 329.0]"
20-55,Maroubra,east,100,2008-02-02,0,16.0,2,2008,"[18.3, 16.6, 16.0, 14.6, 12.7, 11.6, 11.2, 10.4, 9.0, 8.7, 8.8, 9.5, 10.6, 11.5, 11.2, 10.0, 8.7, 8.5, 9.0, 9.5, 10.5, 11.2, 11.8, 12.3, 12.3, 10.8, 8.5, 7.7, 6.3, 6.1]","[170.0, 167.0, 172.0, 171.0, 173.0, 173.0, 178.0, 178.0, 182.0, 187.0, 192.0, 191.0, 190.0, 184.0, 174.0, 159.0, 138.0, 118.0, 106.0, 101.0, 94.0, 86.0, 78.0, 75.0, 75.0, 64.0, 62.0, 62.0, 59.0, 45.0]"
20-55,Maroubra,east,100,2012-08-07,0,16.0,8,2012,"[16.2, 15.9, 15.2, 15.8, 16.6, 16.4, 16.6, 17.2, 17.1, 16.9, 16.3, 14.5, 13.4, 12.8, 12.6, 11.3, 9.8, 6.6, 4.8, 4.8, 4.0, 4.0, 5.2, 7.0, 6.6, 6.6, 6.3, 5.9, 5.9, 6.8]","[249.0, 252.0, 256.0, 258.0, 257.0, 255.0, 252.0, 250.0, 248.0, 246.0, 245.0, 247.0, 250.0, 254.0, 257.0, 253.0, 253.0, 257.0, 283.0, 318.0, 333.0, 5.0, 34.0, 55.0, 45.0, 29.0, 347.0, 308.0, 281.0, 267.0]"
20-55,Maroubra,east,100,2010-12-21,0,16.0,12,2010,"[23.1, 18.1, 18.8, 18.1, 18.4, 17.3, 14.4, 11.6, 10.2, 11.8, 12.4, 12.9, 13.6, 13.2, 16.6, 22.0, 23.1, 20.2, 18.4, 16.0, 13.9, 12.0, 9.0, 4.7, 1.1, 3.8, 4.9, 4.5, 4.0, 5.2]","[267.0, 276.0, 277.0, 276.0, 271.0, 270.0, 274.0, 292.0, 318.0, 333.0, 330.0, 330.0, 328.0, 325.0, 297.0, 281.0, 272.0, 269.0, 266.0, 261.0, 260.0, 263.0, 265.0, 261.0, 180.0, 107.0, 107.0, 119.0, 153.0, 205.0]"
20-56,Maroubra,east,100,2024-05-02,1,13.0,5,2024,"[16.9, 16.4, 13.8, 15.1, 15.3, 15.0, 15.1, 14.0, 13.1, 12.9, 12.9, 12.7, 12.5, 12.2, 11.4, 12.9, 12.7, 13.0, 13.4, 13.2, 12.9, 12.6, 12.1, 10.5, 10.9, 10.6, 6.3, 6.8, 6.8, 6.5]","[192.0, 189.0, 200.0, 198.0, 199.0, 201.0, 198.0, 198.0, 201.0, 198.0, 198.0, 195.0, 192.0, 194.0, 208.0, 207.0, 195.0, 185.0, 174.0, 169.0, 167.0, 167.0, 170.0, 174.0, 171.0, 170.0, 193.0, 198.0, 205.0, 199.0]"
20-56,Maroubra,east,100,2015-01-26,0,13.0,1,2015,"[17.6, 22.8, 26.9, 25.2, 23.2, 21.2, 19.8, 19.5, 19.2, 19.3, 19.3, 19.8, 19.6, 20.2, 20.1, 19.4, 18.6, 18.3, 19.8, 19.2, 20.2, 19.1, 19.8, 18.9, 17.8, 16.8, 12.5, 12.0, 11.5, 11.8]","[169.0, 164.0, 168.0, 166.0, 168.0, 170.0, 170.0, 168.0, 167.0, 166.0, 166.0, 164.0, 163.0, 161.0, 165.0, 165.0, 165.0, 164.0, 161.0, 163.0, 161.0, 158.0, 153.0, 149.0, 148.0, 145.0, 147.0, 141.0, 141.0, 140.0]"
20-56,Maroubra,east,100,2021-07-17,0,13.0,7,2021,"[26.2, 24.0, 15.5, 14.7, 11.5, 10.7, 12.9, 14.4, 14.1, 13.2, 12.7, 13.1, 15.6, 18.3, 16.8, 20.1, 27.1, 31.7, 32.8, 33.1, 35.9, 34.8, 31.4, 31.5, 29.2, 25.6, 21.1, 23.8, 23.5, 22.2]","[288.0, 287.0, 295.0, 301.0, 319.0, 340.0, 347.0, 347.0, 345.0, 349.0, 353.0, 344.0, 320.0, 313.0, 305.0, 297.0, 289.0, 282.0, 279.0, 279.0, 276.0, 277.0, 279.0, 276.0, 274.0, 273.0, 278.0, 273.0, 265.0, 262.0]"
20-56,Maroubra,east,100,2011-06-17,0,13.0,6,2011,"[11.1, 11.8, 9.2, 7.6, 6.6, 6.5, 6.1, 6.4, 6.5, 6.3, 7.1, 7.4, 8.1, 9.0, 8.9, 7.4, 8.4, 15.5, 19.9, 24.3, 24.5, 26.0, 24.9, 24.8, 25.5, 25.8, 28.0, 27.9, 26.0, 25.0]","[216.0, 220.0, 225.0, 225.0, 241.0, 264.0, 273.0, 286.0, 289.0, 294.0, 294.0, 299.0, 302.0, 307.0, 310.0, 313.0, 301.0, 271.0, 265.0, 264.0, 267.0, 267.0, 266.0, 261.0, 257.0, 255.0, 254.0, 255.0, 256.0, 255.0]"
20-57,Maroubra,east,100,2024-05-06,1,10.0,5,2024,"[18.0, 17.8, 17.7, 19.5, 19.9, 21.4, 21.9, 21.4, 22.1, 24.9, 25.3, 21.1, 19.6, 18.2, 17.8, 18.5, 18.8, 23.0, 24.7, 24.3, 22.8, 20.9, 20.0, 17.2, 16.3, 15.4, 10.3, 12.1, 10.6, 10.2]","[177.0, 172.0, 186.0, 178.0, 174.0, 163.0, 163.0, 167.0, 173.0, 169.0, 169.0, 172.0, 167.0, 162.0, 159.0, 159.0, 160.0, 153.0, 146.0, 148.0, 149.0, 151.0, 152.0, 154.0, 152.0, 147.0, 155.0, 153.0, 156.0, 162.0]"
20-57,Maroubra,east,100,2012-11-13,0,10.0,11,2012,"[17.1, 15.3, 8.8, 8.1, 7.8, 9.9, 9.1, 7.6, 5.9, 17.1, 26.3, 22.0, 19.5, 19.8, 18.4, 18.2, 19.9, 19.9, 21.3, 21.9, 21.4, 22.1, 21.6, 20.0, 18.9, 16.6, 11.7, 8.2, 9.2, 8.0]","[39.0, 27.0, 9.0, 21.0, 34.0, 33.0, 18.0, 357.0, 317.0, 188.0, 181.0, 182.0, 183.0, 179.0, 174.0, 166.0, 160.0, 158.0, 156.0, 160.0, 153.0, 152.0, 156.0, 157.0, 156.0, 153.0, 146.0, 131.0, 121.0, 126.0]"
20-57,Maroubra,east,100,2020-12-01,0,10.0,12,2020,"[17.0, 16.5, 12.7, 11.7, 11.6, 10.0, 8.6, 9.7, 10.8, 10.5, 10.8, 11.5, 12.6, 17.4, 15.0, 12.9, 14.8, 17.2, 18.4, 18.9, 21.3, 22.9, 17.1, 10.7, 11.4, 13.8, 15.0, 13.9, 10.1, 7.3]","[58.0, 54.0, 55.0, 45.0, 36.0, 26.0, 15.0, 4.0, 358.0, 356.0, 2.0, 4.0, 3.0, 13.0, 10.0, 18.0, 26.0, 29.0, 28.0, 31.0, 39.0, 45.0, 62.0, 76.0, 62.0, 57.0, 42.0, 21.0, 2.0, 340.0]"
20-57,Maroubra,east,100,2019-01-20,0,10.0,1,2019,"[17.9, 16.4, 12.7, 12.9, 12.7, 10.7, 8.0, 7.9, 7.9, 7.9, 7.3, 9.0, 10.0, 9.4, 7.4, 7.2, 4.6, 4.4, 6.1, 7.8, 9.7, 10.7, 10.6, 10.5, 11.2, 10.4, 6.8, 6.3, 5.4, 4.7]","[155.0, 154.0, 155.0, 150.0, 151.0, 160.0, 172.0, 177.0, 177.0, 177.0, 169.0, 164.0, 159.0, 148.0, 157.0, 153.0, 129.0, 81.0, 45.0, 34.0, 45.0, 50.0, 55.0, 68.0, 75.0, 76.0, 108.0, 103.0, 110.0, 122.0]"
20-58,Maroubra,east,100,2024-05-09,1,17.0,5,2024,"[5.9, 5.5, 5.6, 6.2, 5.4, 3.9, 2.1, 4.2, 4.9, 6.2, 7.1, 7.5, 7.1, 6.9, 5.6, 6.2, 5.4, 7.8, 8.9, 8.9, 8.5, 8.2, 7.6, 5.1, 5.6, 5.9, 4.1, 3.9, 5.0, 5.6]","[142.0, 148.0, 220.0, 190.0, 184.0, 202.0, 211.0, 250.0, 253.0, 234.0, 210.0, 197.0, 195.0, 189.0, 225.0, 216.0, 188.0, 146.0, 133.0, 122.0, 126.0, 119.0, 121.0, 135.0, 153.0, 137.0, 225.0, 214.0, 201.0, 195.0]"
20-58,Maroubra,east,100,2014-04-12,0,17.0,4,2014,"[4.3, 4.0, 7.9, 11.8, 16.5, 20.7, 21.5, 21.4, 21.1, 21.6, 21.9, 22.7, 23.2, 25.2, 17.7, 24.3, 30.4, 28.5, 27.4, 27.2, 27.8, 25.7, 23.4, 21.6, 20.9, 21.3, 17.9, 17.9, 18.6, 18.1]","[138.0, 170.0, 240.0, 220.0, 212.0, 211.0, 218.0, 222.0, 226.0, 226.0, 225.0, 222.0, 224.0, 224.0, 231.0, 220.0, 204.0, 206.0, 210.0, 208.0, 201.0, 200.0, 203.0, 206.0, 209.0, 208.0, 220.0, 220.0, 223.0, 224.0]"
20-58,Maroubra,east,100,2016-08-12,0,17.0,8,2016,"[8.7, 10.5, 11.4, 11.8, 11.8, 11.8, 11.8, 10.9, 10.1, 9.0, 8.6, 9.4, 7.9, 7.2, 8.5, 6.6, 6.2, 6.4, 7.3, 7.9, 8.4, 8.3, 8.1, 10.0, 12.2, 12.7, 7.3, 9.2, 13.0, 12.8]","[246.0, 243.0, 242.0, 247.0, 247.0, 250.0, 258.0, 262.0, 264.0, 270.0, 272.0, 268.0, 267.0, 273.0, 282.0, 283.0, 280.0, 286.0, 303.0, 321.0, 340.0, 5.0, 32.0, 41.0, 34.0, 15.0, 327.0, 291.0, 275.0, 280.0]"
20-58,Maroubra,east,100,2018-06-04,0,17.0,6,2018,"[16.7, 16.8, 12.7, 12.9, 13.5, 12.7, 12.6, 12.6, 12.6, 12.4, 12.2, 13.2, 13.5, 13.2, 10.9, 11.8, 12.6, 14.1, 13.7, 16.9, 18.4, 19.1, 17.0, 16.5, 16.6, 17.3, 10.8, 10.8, 12.2, 13.5]","[186.0, 189.0, 209.0, 207.0, 205.0, 205.0, 207.0, 211.0, 211.0, 210.0, 208.0, 206.0, 205.0, 206.0, 214.0, 207.0, 204.0, 193.0, 194.0, 191.0, 182.0, 182.0, 185.0, 191.0, 193.0, 192.0, 206.0, 206.0, 204.0, 205.0]"
20-59,Maroubra,east,100,2024-07-04,1,15.0,7,2024,"[18.6, 19.6, 11.3, 11.4, 9.9, 10.1, 9.6, 10.2, 11.5, 10.7, 9.8, 10.3, 9.7, 9.7, 6.5, 8.5, 9.9, 11.7, 14.4, 15.1, 15.1, 15.0, 12.3, 11.7, 12.6, 12.6, 5.8, 7.2, 8.3, 8.8]","[193.0, 187.0, 207.0, 195.0, 192.0, 175.0, 172.0, 172.0, 169.0, 171.0, 175.0, 176.0, 179.0, 180.0, 186.0, 182.0, 176.0, 177.0, 172.0, 168.0, 163.0, 161.0, 170.0, 181.0, 183.0, 178.0, 194.0, 179.0, 175.0, 182.0]"
20-59,Maroubra,east,100,2017-11-29,0,15.0,11,2017,"[13.3, 10.7, 6.7, 6.6, 7.7, 4.7, 2.9, 1.5, 4.3, 4.7, 2.9, 5.0, 7.0, 8.5, 7.4, 8.7, 9.4, 11.2, 12.1, 11.9, 13.3, 13.6, 12.8, 12.2, 12.3, 10.8, 7.9, 5.9, 4.5, 4.4]","[109.0, 104.0, 106.0, 103.0, 101.0, 99.0, 97.0, 194.0, 180.0, 176.0, 187.0, 180.0, 168.0, 144.0, 129.0, 107.0, 108.0, 105.0, 102.0, 104.0, 103.0, 102.0, 106.0, 104.0, 97.0, 92.0, 90.0, 79.0, 61.0, 55.0]"
20-59,Maroubra,east,100,2013-09-17,0,15.0,9,2013,"[23.8, 22.8, 24.1, 25.1, 23.7, 17.9, 15.1, 13.1, 13.7, 14.3, 13.7, 13.7, 14.1, 15.8, 15.5, 16.6, 18.3, 21.3, 21.2, 19.5, 18.9, 16.7, 13.2, 10.4, 9.7, 10.6, 11.0, 12.2, 13.1, 13.9]","[51.0, 51.0, 58.0, 63.0, 62.0, 52.0, 33.0, 16.0, 3.0, 350.0, 333.0, 315.0, 322.0, 330.0, 347.0, 347.0, 340.0, 332.0, 328.0, 322.0, 312.0, 307.0, 317.0, 326.0, 333.0, 332.0, 328.0, 336.0, 328.0, 323.0]"
20-59,Maroubra,east,100,2015-07-18,0,15.0,7,2015,"[15.5, 15.7, 17.1, 16.6, 16.6, 17.4, 17.6, 17.7, 18.3, 18.6, 18.6, 18.6, 18.6, 19.2, 14.5, 14.0, 15.2, 19.7, 21.4, 20.9, 20.9, 19.9, 18.5, 16.6, 15.2, 14.0, 11.3, 11.3, 11.9, 12.2]","[252.0, 254.0, 252.0, 248.0, 248.0, 243.0, 235.0, 231.0, 227.0, 226.0, 226.0, 224.0, 223.0, 220.0, 228.0, 226.0, 216.0, 201.0, 197.0, 201.0, 201.0, 197.0, 193.0, 193.0, 194.0, 198.0, 217.0, 217.0, 215.0, 214.0]"
20-60,Maroubra,east,100,2025-01-05,1,11.0,1,2025,"[18.3, 18.6, 15.8, 14.0, 12.0, 10.5, 10.4, 10.3, 8.6, 6.7, 5.6, 5.3, 6.0, 5.9, 3.8, 4.6, 4.8, 8.7, 10.7, 12.3, 14.8, 13.0, 5.4, 6.4, 11.7, 12.6, 3.5, 7.4, 2.1, 4.6]","[44.0, 43.0, 40.0, 32.0, 16.0, 12.0, 18.0, 15.0, 10.0, 6.0, 7.0, 10.0, 5.0, 2.0, 357.0, 347.0, 29.0, 45.0, 45.0, 50.0, 57.0, 66.0, 64.0, 45.0, 41.0, 46.0, 258.0, 269.0, 340.0, 36.0]"
20-60,Maroubra,east,100,2022-10-06,0,11.0,10,2022,"[16.4, 15.7, 14.8, 13.8, 15.2, 17.6, 17.5, 17.5, 18.2, 17.3, 18.6, 18.2, 17.2, 17.3, 11.6, 12.9, 17.1, 20.1, 22.1, 22.1, 22.5, 20.4, 16.6, 14.5, 12.6, 11.9, 6.0, 8.0, 9.9, 9.9]","[87.0, 84.0, 85.0, 83.0, 76.0, 65.0, 64.0, 64.0, 64.0, 69.0, 71.0, 70.0, 67.0, 59.0, 49.0, 42.0, 42.0, 42.0, 44.0, 50.0, 45.0, 40.0, 37.0, 35.0, 34.0, 27.0, 17.0, 16.0, 4.0, 1.0]"
20-60,Maroubra,east,100,2018-05-09,0,11.0,5,2018,"[7.9, 7.0, 6.4, 3.8, 1.8, 3.7, 2.4, 3.7, 5.3, 6.8, 6.0, 5.7, 5.2, 5.1, 7.1, 5.1, 3.7, 3.9, 4.4, 4.7, 7.1, 8.3, 10.5, 12.3, 12.8, 10.7, 6.3, 6.6, 6.4, 6.0]","[30.0, 21.0, 27.0, 17.0, 11.0, 11.0, 333.0, 241.0, 208.0, 198.0, 197.0, 198.0, 205.0, 231.0, 255.0, 262.0, 281.0, 304.0, 325.0, 4.0, 24.0, 34.0, 49.0, 52.0, 40.0, 20.0, 347.0, 299.0, 286.0, 287.0]"
20-60,Maroubra,east,100,2013-06-02,0,11.0,6,2013,"[16.6, 17.6, 17.6, 17.3, 16.4, 15.3, 13.3, 10.9, 8.5, 5.8, 4.4, 4.0, 2.8, 4.9, 11.4, 22.2, 33.2, 35.4, 33.2, 28.9, 27.9, 28.4, 28.2, 26.7, 27.6, 27.7, 24.9, 23.7, 25.0, 26.4]","[1.0, 360.0, 359.0, 355.0, 351.0, 345.0, 341.0, 343.0, 348.0, 353.0, 351.0, 350.0, 320.0, 234.0, 198.0, 200.0, 200.0, 202.0, 201.0, 203.0, 204.0, 204.0, 205.0, 201.0, 197.0, 196.0, 202.0, 206.0, 208.0, 206.0]"
20-61,Maroubra,east,100,2025-01-13,1,9.0,1,2025,"[14.7, 15.2, 14.8, 9.4, 6.5, 6.7, 5.8, 3.6, 2.3, 2.2, 5.2, 6.9, 6.7, 6.8, 1.7, 1.0, 2.4, 3.5, 4.5, 6.1, 8.8, 11.5, 13.9, 14.3, 14.2, 12.6, 11.2, 7.2, 4.0, 4.5]","[43.0, 41.0, 30.0, 29.0, 42.0, 38.0, 26.0, 354.0, 309.0, 104.0, 56.0, 30.0, 8.0, 360.0, 252.0, 45.0, 17.0, 35.0, 56.0, 66.0, 70.0, 61.0, 65.0, 71.0, 68.0, 63.0, 45.0, 53.0, 51.0, 56.0]"
20-61,Maroubra,east,100,2013-11-22,0,9.0,11,2013,"[17.6, 15.3, 15.6, 13.6, 16.1, 16.4, 13.3, 7.8, 5.8, 6.4, 10.0, 13.5, 15.4, 15.1, 18.5, 19.8, 26.9, 25.8, 28.3, 29.2, 29.1, 20.8, 14.9, 17.3, 18.4, 16.5, 6.5, 8.0, 12.6, 15.0]","[55.0, 45.0, 52.0, 40.0, 50.0, 38.0, 13.0, 13.0, 22.0, 38.0, 49.0, 44.0, 37.0, 33.0, 29.0, 29.0, 28.0, 27.0, 34.0, 38.0, 34.0, 34.0, 37.0, 47.0, 48.0, 44.0, 3.0, 5.0, 24.0, 10.0]"
20-61,Maroubra,east,100,2021-10-15,0,9.0,10,2021,"[13.9, 16.6, 10.8, 7.6, 5.9, 6.2, 4.7, 5.4, 5.5, 6.8, 8.5, 14.0, 13.2, 10.9, 14.6, 18.2, 15.3, 18.6, 20.6, 25.3, 18.5, 18.8, 19.7, 16.9, 18.4, 18.6, 11.7, 8.1, 11.6, 15.1]","[31.0, 39.0, 37.0, 352.0, 308.0, 280.0, 261.0, 250.0, 247.0, 245.0, 234.0, 228.0, 227.0, 236.0, 280.0, 288.0, 311.0, 313.0, 313.0, 300.0, 291.0, 296.0, 294.0, 294.0, 293.0, 292.0, 304.0, 315.0, 306.0, 295.0]"
20-61,Maroubra,east,100,2016-03-06,0,9.0,3,2016,"[16.7, 15.5, 13.5, 11.4, 10.4, 10.0, 9.0, 7.7, 7.7, 7.4, 7.2, 5.5, 4.6, 4.1, 5.7, 8.6, 12.4, 15.8, 18.1, 19.9, 21.0, 21.3, 21.7, 21.2, 18.5, 17.1, 14.0, 12.0, 10.7, 9.9]","[53.0, 48.0, 42.0, 35.0, 34.0, 30.0, 29.0, 28.0, 28.0, 29.0, 27.0, 11.0, 342.0, 322.0, 342.0, 360.0, 22.0, 35.0, 43.0, 48.0, 51.0, 53.0, 54.0, 55.0, 53.0, 48.0, 46.0, 41.0, 40.0, 33.0]"
20-62,Maroubra,east,100,2025-02-04,1,11.0,2,2025,"[20.4, 18.5, 12.8, 11.8, 11.4, 10.5, 9.5, 8.7, 7.9, 6.9, 6.4, 4.7, 4.1, 3.9, 8.7, 10.0, 9.8, 9.9, 10.7, 11.1, 12.2, 15.3, 18.0, 17.7, 16.2, 14.8, 12.8, 11.0, 8.3, 8.3]","[54.0, 50.0, 42.0, 38.0, 35.0, 31.0, 22.0, 13.0, 360.0, 343.0, 335.0, 328.0, 322.0, 336.0, 17.0, 17.0, 23.0, 32.0, 37.0, 42.0, 47.0, 51.0, 48.0, 44.0, 41.0, 36.0, 24.0, 11.0, 6.0, 18.0]"
20-62,Maroubra,east,100,2012-01-29,0,11.0,1,2012,"[12.4, 9.7, 9.4, 8.7, 7.9, 8.2, 8.3, 8.5, 8.5, 8.2, 6.9, 6.3, 6.2, 8.1, 11.2, 14.3, 17.1, 18.6, 20.4, 21.7, 22.5, 23.0, 23.4, 22.2, 20.1, 17.6, 21.2, 21.4, 20.1, 19.2]","[64.0, 59.0, 50.0, 52.0, 51.0, 41.0, 34.0, 28.0, 28.0, 29.0, 28.0, 31.0, 36.0, 45.0, 42.0, 45.0, 46.0, 47.0, 48.0, 50.0, 51.0, 50.0, 47.0, 47.0, 46.0, 46.0, 42.0, 36.0, 33.0, 30.0]"
20-62,Maroubra,east,100,2012-11-16,0,11.0,11,2012,"[13.0, 9.9, 5.9, 5.2, 2.2, 7.3, 13.8, 15.9, 16.6, 18.0, 15.5, 13.4, 15.5, 17.9, 13.1, 12.4, 12.7, 12.1, 11.8, 12.5, 13.9, 15.8, 16.5, 16.8, 16.7, 16.6, 15.6, 14.7, 13.5, 12.1]","[56.0, 44.0, 38.0, 34.0, 81.0, 169.0, 171.0, 177.0, 182.0, 183.0, 176.0, 172.0, 176.0, 171.0, 164.0, 154.0, 151.0, 143.0, 140.0, 134.0, 127.0, 131.0, 136.0, 138.0, 143.0, 150.0, 151.0, 152.0, 155.0, 157.0]"
20-62,Maroubra,east,100,2011-08-22,0,11.0,8,2011,"[13.8, 13.4, 9.8, 10.3, 9.8, 10.0, 10.8, 10.8, 9.9, 9.3, 8.9, 9.2, 9.2, 9.9, 8.6, 9.5, 12.4, 14.8, 15.3, 15.5, 15.3, 15.0, 13.0, 10.4, 9.0, 8.5, 8.4, 7.8, 7.5, 7.4]","[152.0, 149.0, 156.0, 155.0, 156.0, 159.0, 159.0, 159.0, 161.0, 164.0, 166.0, 169.0, 169.0, 170.0, 180.0, 171.0, 158.0, 141.0, 135.0, 136.0, 137.0, 138.0, 141.0, 146.0, 151.0, 152.0, 155.0, 146.0, 145.0, 137.0]"
20-63,Maroubra,east,100,2025-02-08,1,8.0,2,2025,"[20.5, 19.2, 16.2, 16.3, 14.3, 11.6, 9.3, 8.6, 8.0, 6.8, 6.2, 6.3, 6.6, 6.8, 3.4, 6.4, 7.5, 9.8, 9.5, 10.9, 12.3, 12.3, 12.2, 11.0, 6.9, 6.4, 3.8, 6.3, 7.9, 9.0]","[46.0, 42.0, 36.0, 33.0, 28.0, 28.0, 25.0, 26.0, 28.0, 32.0, 26.0, 24.0, 17.0, 12.0, 18.0, 32.0, 44.0, 52.0, 57.0, 71.0, 65.0, 69.0, 74.0, 67.0, 65.0, 74.0, 191.0, 207.0, 177.0, 145.0]"
20-63,Maroubra,east,100,2011-03-04,0,8.0,3,2011,"[16.7, 16.1, 14.0, 11.8, 9.5, 6.1, 3.6, 0.4, 1.9, 2.5, 2.9, 3.3, 3.7, 4.2, 4.9, 5.8, 7.7, 6.4, 5.6, 4.8, 7.2, 11.9, 18.7, 22.6, 23.2, 22.9, 21.8, 22.1, 22.6, 23.3]","[123.0, 130.0, 134.0, 128.0, 127.0, 130.0, 135.0, 90.0, 292.0, 278.0, 270.0, 276.0, 299.0, 301.0, 324.0, 338.0, 332.0, 344.0, 15.0, 48.0, 87.0, 104.0, 124.0, 143.0, 150.0, 156.0, 158.0, 152.0, 151.0, 153.0]"
20-63,Maroubra,east,100,2008-09-15,0,8.0,9,2008,"[15.3, 18.6, 18.6, 17.6, 14.5, 9.6, 8.0, 11.4, 14.4, 16.2, 16.9, 17.3, 18.1, 19.9, 19.7, 22.0, 23.5, 23.7, 24.6, 25.5, 25.5, 25.0, 22.5, 21.1, 20.3, 24.9, 23.5, 18.1, 24.3, 30.6]","[351.0, 338.0, 342.0, 337.0, 333.0, 340.0, 5.0, 11.0, 4.0, 3.0, 2.0, 5.0, 7.0, 5.0, 8.0, 1.0, 349.0, 343.0, 333.0, 327.0, 324.0, 320.0, 320.0, 316.0, 327.0, 342.0, 339.0, 314.0, 243.0, 246.0]"
20-63,Maroubra,east,100,2022-03-15,0,8.0,3,2022,"[8.3, 8.3, 6.9, 6.7, 6.8, 6.7, 6.6, 6.5, 6.6, 6.8, 6.2, 5.5, 5.8, 6.3, 6.0, 9.1, 10.2, 10.3, 10.8, 12.2, 13.3, 13.7, 13.4, 12.1, 9.9, 9.8, 7.3, 7.2, 6.6, 5.9]","[138.0, 136.0, 141.0, 136.0, 138.0, 136.0, 135.0, 136.0, 139.0, 143.0, 144.0, 163.0, 171.0, 160.0, 153.0, 131.0, 121.0, 121.0, 126.0, 128.0, 128.0, 128.0, 129.0, 131.0, 136.0, 144.0, 140.0, 141.0, 135.0, 121.0]"
20-64,Maroubra,east,100,2025-02-28,1,,2,2025,"[14.4, 13.9, 12.6, 11.5, 11.4, 9.8, 8.2, 8.2, 8.3, 7.6, 6.7, 6.5, 6.3, 7.2, 4.7, 3.2, 2.8, 3.5, 6.9, 4.5, 3.3, 7.3, 11.3, 12.7, 8.4, 6.2, 13.2, 19.2, 19.3, 17.9]","[56.0, 54.0, 47.0, 41.0, 35.0, 26.0, 22.0, 26.0, 24.0, 15.0, 8.0, 5.0, 360.0, 3.0, 332.0, 313.0, 305.0, 336.0, 263.0, 217.0, 68.0, 50.0, 53.0, 52.0, 67.0, 139.0, 166.0, 170.0, 177.0, 185.0]"
20-64,Maroubra,east,100,2010-04-27,0,,4,2010,"[7.2, 6.5, 4.0, 6.1, 6.1, 6.9, 7.9, 7.9, 7.9, 6.9, 6.9, 6.1, 6.0, 6.0, 5.1, 5.1, 3.5, 3.6, 5.4, 7.4, 7.7, 7.3, 5.8, 7.2, 7.8, 8.4, 9.1, 9.4, 8.0, 7.0]","[96.0, 84.0, 10.0, 320.0, 320.0, 321.0, 321.0, 321.0, 317.0, 321.0, 317.0, 310.0, 303.0, 295.0, 274.0, 274.0, 294.0, 323.0, 312.0, 313.0, 298.0, 290.0, 292.0, 297.0, 292.0, 277.0, 263.0, 266.0, 278.0, 282.0]"
20-64,Maroubra,east,100,2013-01-28,0,,1,2013,"[6.5, 9.1, 5.2, 9.6, 12.2, 13.6, 13.5, 13.7, 15.0, 13.2, 14.2, 12.7, 11.5, 11.0, 10.8, 18.3, 19.9, 19.1, 18.6, 24.0, 22.4, 21.2, 21.3, 26.0, 25.8, 24.9, 21.3, 19.1, 18.4, 17.3]","[93.0, 72.0, 56.0, 56.0, 43.0, 32.0, 29.0, 30.0, 30.0, 29.0, 27.0, 29.0, 32.0, 38.0, 53.0, 45.0, 42.0, 43.0, 47.0, 47.0, 46.0, 48.0, 62.0, 68.0, 71.0, 76.0, 84.0, 92.0, 92.0, 85.0]"
20-64,Maroubra,east,100,2008-09-06,0,,9,2008,"[17.6, 17.8, 19.1, 20.9, 23.1, 24.5, 24.9, 24.2, 24.6, 25.2, 27.0, 27.7, 27.5, 28.1, 27.0, 27.6, 27.8, 28.5, 28.8, 28.7, 27.3, 26.9, 26.8, 26.0, 26.9, 25.5, 20.5, 20.4, 20.6, 20.3]","[152.0, 159.0, 168.0, 176.0, 176.0, 176.0, 176.0, 175.0, 174.0, 177.0, 179.0, 181.0, 185.0, 190.0, 182.0, 187.0, 190.0, 189.0, 189.0, 192.0, 196.0, 198.0, 197.0, 199.0, 200.0, 203.0, 211.0, 216.0, 216.0, 217.0]"
20-65,Maroubra,east,100,2025-04-10,1,15.0,4,2025,"[12.1, 11.7, 9.4, 8.4, 8.0, 8.1, 8.7, 8.7, 6.7, 5.3, 4.8, 3.8, 3.5, 4.9, 3.5, 4.7, 4.8, 4.4, 4.4, 5.1, 6.4, 8.0, 8.6, 7.9, 8.4, 9.3, 7.1, 7.1, 7.0, 6.6]","[44.0, 38.0, 29.0, 11.0, 344.0, 339.0, 336.0, 330.0, 340.0, 342.0, 333.0, 335.0, 345.0, 6.0, 339.0, 337.0, 340.0, 348.0, 12.0, 27.0, 38.0, 44.0, 39.0, 39.0, 37.0, 27.0, 21.0, 6.0, 348.0, 351.0]"
20-65,Maroubra,east,100,2022-09-09,0,15.0,9,2022,"[21.9, 22.1, 20.3, 18.6, 16.7, 15.1, 14.0, 14.3, 15.0, 13.0, 9.1, 8.7, 10.1, 10.7, 10.1, 10.3, 9.3, 10.7, 11.7, 13.3, 11.6, 9.7, 9.4, 5.8, 6.6, 7.9, 7.8, 8.3, 9.5, 9.1]","[45.0, 41.0, 42.0, 35.0, 22.0, 18.0, 20.0, 25.0, 24.0, 29.0, 32.0, 24.0, 22.0, 20.0, 350.0, 3.0, 22.0, 25.0, 11.0, 347.0, 347.0, 15.0, 20.0, 34.0, 43.0, 33.0, 341.0, 333.0, 327.0, 321.0]"
20-65,Maroubra,east,100,2018-01-08,0,15.0,1,2018,"[22.4, 19.6, 22.3, 15.9, 15.1, 15.5, 13.7, 7.6, 2.7, 2.7, 5.4, 6.0, 6.3, 3.3, 4.7, 6.3, 6.8, 7.0, 9.1, 11.7, 15.5, 16.1, 11.1, 6.1, 10.8, 14.7, 10.4, 13.6, 15.2, 10.4]","[156.0, 167.0, 159.0, 175.0, 168.0, 158.0, 157.0, 172.0, 203.0, 247.0, 278.0, 287.0, 283.0, 276.0, 351.0, 13.0, 360.0, 21.0, 34.0, 47.0, 62.0, 63.0, 54.0, 45.0, 64.0, 62.0, 178.0, 163.0, 144.0, 160.0]"
20-65,Maroubra,east,100,2023-03-12,0,15.0,3,2023,"[14.9, 11.4, 4.9, 6.9, 8.7, 10.3, 12.8, 13.4, 13.3, 13.8, 14.2, 15.4, 15.3, 15.4, 19.8, 20.9, 20.3, 20.0, 19.7, 19.5, 20.9, 20.2, 19.4, 17.4, 15.3, 12.9, 12.5, 11.7, 11.2, 9.0]","[58.0, 55.0, 126.0, 141.0, 156.0, 168.0, 169.0, 172.0, 177.0, 189.0, 196.0, 201.0, 199.0, 196.0, 183.0, 177.0, 173.0, 166.0, 162.0, 155.0, 153.0, 149.0, 145.0, 146.0, 146.0, 144.0, 141.0, 146.0, 165.0, 178.0]"
20-66,Maroubra,east,100,2025-04-24,1,11.0,4,2025,"[11.4, 9.9, 9.5, 7.2, 6.5, 6.9, 6.9, 6.6, 6.4, 6.1, 5.9, 6.4, 6.3, 3.5, 2.2, 2.4, 4.7, 8.7, 10.7, 11.4, 11.5, 11.3, 9.9, 6.7, 6.0, 5.5, 4.6, 4.6, 6.0, 6.1]","[119.0, 119.0, 123.0, 127.0, 129.0, 123.0, 123.0, 123.0, 117.0, 113.0, 117.0, 122.0, 117.0, 114.0, 85.0, 81.0, 86.0, 94.0, 98.0, 95.0, 94.0, 90.0, 89.0, 87.0, 80.0, 73.0, 59.0, 72.0, 65.0, 50.0]"
20-66,Maroubra,east,100,2021-07-03,0,11.0,7,2021,"[7.1, 7.8, 6.6, 6.7, 5.9, 5.4, 5.9, 5.5, 5.5, 5.3, 5.5, 6.0, 5.3, 5.4, 6.8, 5.3, 4.6, 4.0, 4.2, 3.9, 3.7, 3.3, 4.6, 6.6, 5.6, 2.2, 8.5, 10.0, 11.8, 11.7]","[15.0, 347.0, 315.0, 306.0, 308.0, 312.0, 308.0, 302.0, 302.0, 298.0, 302.0, 303.0, 298.0, 290.0, 288.0, 298.0, 321.0, 333.0, 301.0, 326.0, 349.0, 13.0, 51.0, 68.0, 63.0, 360.0, 258.0, 249.0, 247.0, 252.0]"
20-66,Maroubra,east,100,2010-02-25,0,11.0,2,2010,"[12.6, 11.2, 9.8, 9.9, 9.5, 8.7, 7.2, 5.8, 5.1, 4.3, 3.7, 3.5, 2.8, 2.9, 5.9, 8.6, 10.1, 11.2, 12.2, 13.3, 13.7, 14.8, 14.0, 14.4, 14.1, 12.0, 10.8, 9.6, 8.4, 7.7]","[92.0, 92.0, 82.0, 80.0, 79.0, 83.0, 87.0, 86.0, 86.0, 90.0, 101.0, 114.0, 130.0, 120.0, 101.0, 90.0, 88.0, 90.0, 92.0, 92.0, 90.0, 91.0, 90.0, 91.0, 94.0, 99.0, 105.0, 110.0, 115.0, 118.0]"
20-66,Maroubra,east,100,2010-04-19,0,11.0,4,2010,"[7.6, 6.8, 6.2, 5.8, 3.6, 4.7, 5.4, 4.8, 4.7, 4.7, 4.5, 4.2, 4.9, 5.9, 5.6, 4.3, 2.2, 2.9, 5.7, 7.2, 8.7, 9.8, 9.8, 7.9, 6.4, 6.0, 6.6, 7.4, 6.5, 5.8]","[85.0, 72.0, 54.0, 22.0, 307.0, 261.0, 250.0, 243.0, 247.0, 247.0, 241.0, 239.0, 234.0, 232.0, 225.0, 222.0, 180.0, 83.0, 72.0, 72.0, 73.0, 73.0, 73.0, 74.0, 74.0, 73.0, 68.0, 47.0, 19.0, 353.0]"
20-67,Maroubra,east,100,2025-08-11,1,16.0,8,2025,"[10.9, 10.2, 6.0, 6.6, 6.9, 8.0, 9.7, 10.5, 11.7, 12.8, 12.2, 11.5, 10.7, 10.7, 6.6, 8.9, 10.1, 9.9, 11.0, 11.8, 11.8, 12.4, 12.1, 9.8, 8.3, 8.9, 7.6, 7.3, 8.1, 7.7]","[173.0, 173.0, 217.0, 213.0, 200.0, 200.0, 199.0, 199.0, 195.0, 197.0, 200.0, 200.0, 203.0, 207.0, 229.0, 216.0, 196.0, 185.0, 179.0, 173.0, 168.0, 166.0, 165.0, 166.0, 174.0, 186.0, 207.0, 218.0, 227.0, 221.0]"
20-67,Maroubra,east,100,2010-11-08,0,16.0,11,2010,"[15.0, 14.3, 10.3, 11.5, 11.9, 9.0, 6.6, 4.4, 4.7, 5.8, 6.6, 6.3, 8.8, 9.0, 8.0, 10.8, 13.3, 14.7, 15.6, 18.5, 17.8, 3.6, 8.2, 11.8, 6.9, 6.1, 17.7, 11.0, 4.7, 6.9]","[46.0, 39.0, 29.0, 32.0, 14.0, 358.0, 351.0, 351.0, 9.0, 7.0, 351.0, 347.0, 351.0, 355.0, 10.0, 15.0, 19.0, 17.0, 23.0, 37.0, 48.0, 354.0, 113.0, 70.0, 351.0, 273.0, 175.0, 139.0, 90.0, 354.0]"
20-67,Maroubra,east,100,2022-08-04,0,16.0,8,2022,"[18.5, 18.0, 16.4, 15.1, 14.4, 14.3, 15.5, 17.3, 17.7, 18.0, 17.8, 18.4, 19.8, 21.5, 16.9, 18.7, 20.0, 18.5, 18.4, 19.4, 19.4, 21.6, 25.6, 25.4, 25.2, 24.8, 24.2, 21.2, 15.1, 10.8]","[8.0, 3.0, 3.0, 359.0, 356.0, 356.0, 357.0, 356.0, 351.0, 359.0, 1.0, 359.0, 3.0, 4.0, 1.0, 358.0, 349.0, 342.0, 346.0, 347.0, 349.0, 359.0, 356.0, 356.0, 353.0, 353.0, 351.0, 348.0, 338.0, 350.0]"
20-67,Maroubra,east,100,2016-11-10,0,16.0,11,2016,"[8.9, 6.5, 5.2, 2.9, 1.9, 0.8, 0.8, 2.3, 2.5, 3.7, 2.6, 0.7, 2.0, 1.6, 1.1, 2.7, 2.7, 2.3, 2.7, 6.9, 9.4, 11.7, 13.7, 13.8, 11.4, 8.0, 5.2, 4.2, 4.4, 5.7]","[111.0, 109.0, 78.0, 90.0, 158.0, 153.0, 333.0, 309.0, 270.0, 281.0, 286.0, 360.0, 315.0, 333.0, 198.0, 203.0, 203.0, 129.0, 113.0, 84.0, 72.0, 79.0, 92.0, 97.0, 101.0, 108.0, 102.0, 110.0, 145.0, 162.0]"
20-68,Maroubra,east,100,2025-10-22,1,,10,2025,"[12.5, 13.0, 9.9, 11.4, 11.1, 9.6, 7.2, 6.1, 3.2, 4.6, 5.9, 4.1, 6.0, 10.4, 7.7, 11.8, 16.8, 22.5, 23.0, 26.0, 28.0, 32.4, 32.3, 27.8, 21.5, 18.8, 14.9, 12.1, 11.2, 13.7]","[69.0, 42.0, 22.0, 21.0, 7.0, 8.0, 18.0, 360.0, 304.0, 206.0, 166.0, 135.0, 61.0, 20.0, 344.0, 351.0, 354.0, 353.0, 344.0, 326.0, 314.0, 301.0, 289.0, 285.0, 281.0, 285.0, 279.0, 267.0, 276.0, 293.0]"
20-68,Maroubra,east,100,2012-03-15,0,,3,2012,"[15.1, 13.8, 13.0, 12.5, 11.0, 9.5, 8.1, 7.6, 7.4, 5.8, 4.1, 3.2, 4.0, 4.1, 6.2, 10.7, 9.7, 9.0, 8.8, 10.5, 12.9, 16.2, 17.2, 17.4, 16.5, 15.0, 16.6, 15.4, 13.4, 11.6]","[52.0, 47.0, 51.0, 49.0, 41.0, 37.0, 32.0, 25.0, 29.0, 22.0, 15.0, 27.0, 27.0, 15.0, 36.0, 20.0, 15.0, 16.0, 35.0, 49.0, 54.0, 58.0, 53.0, 50.0, 46.0, 42.0, 42.0, 37.0, 31.0, 26.0]"
20-68,Maroubra,east,100,2022-04-11,0,,4,2022,"[6.3, 6.6, 6.7, 5.6, 5.4, 4.5, 4.9, 4.4, 5.0, 5.2, 5.7, 5.2, 5.9, 7.1, 6.9, 6.9, 8.5, 8.6, 8.8, 8.0, 9.6, 15.9, 23.2, 24.1, 20.4, 18.9, 11.5, 11.4, 12.7, 14.8]","[55.0, 55.0, 63.0, 33.0, 360.0, 326.0, 306.0, 300.0, 296.0, 295.0, 288.0, 282.0, 282.0, 285.0, 287.0, 279.0, 274.0, 270.0, 251.0, 220.0, 188.0, 170.0, 164.0, 167.0, 172.0, 177.0, 176.0, 185.0, 187.0, 180.0]"
20-68,Maroubra,east,100,2019-03-26,0,,3,2019,"[12.2, 7.3, 8.5, 12.9, 12.4, 10.1, 8.9, 12.3, 12.5, 11.3, 10.5, 10.2, 10.2, 10.6, 15.2, 13.0, 11.9, 14.0, 14.6, 14.7, 13.3, 11.8, 11.1, 10.8, 12.2, 13.0, 10.5, 8.4, 7.9, 8.3]","[315.0, 303.0, 258.0, 243.0, 253.0, 268.0, 256.0, 238.0, 237.0, 243.0, 248.0, 247.0, 247.0, 252.0, 265.0, 264.0, 265.0, 258.0, 254.0, 245.0, 232.0, 218.0, 193.0, 159.0, 137.0, 129.0, 149.0, 149.0, 156.0, 162.0]"
20-69,Maroubra,east,100,2026-01-06,1,16.0,1,2026,"[11.4, 13.8, 6.8, 0.4, 3.0, 3.6, 7.3, 8.3, 8.8, 8.5, 7.9, 8.3, 9.3, 10.5, 5.2, 2.7, 1.3, 4.5, 7.0, 8.2, 12.4, 17.5, 18.8, 17.6, 15.0, 10.5, 6.1, 5.1, 5.6, 5.2]","[141.0, 153.0, 158.0, 90.0, 322.0, 200.0, 170.0, 164.0, 171.0, 185.0, 196.0, 196.0, 193.0, 188.0, 207.0, 188.0, 90.0, 56.0, 58.0, 67.0, 74.0, 76.0, 72.0, 67.0, 61.0, 53.0, 71.0, 73.0, 88.0, 94.0]"
20-69,Maroubra,east,100,2023-02-24,0,16.0,2,2023,"[12.1, 9.9, 7.7, 6.9, 5.8, 5.6, 5.7, 3.4, 1.5, 1.8, 3.4, 4.3, 4.3, 2.6, 2.6, 1.1, 7.1, 10.7, 11.6, 12.0, 12.5, 13.8, 13.9, 13.0, 11.0, 9.0, 7.7, 7.7, 7.4, 7.0]","[120.0, 123.0, 127.0, 118.0, 112.0, 105.0, 108.0, 108.0, 104.0, 217.0, 238.0, 228.0, 228.0, 236.0, 254.0, 108.0, 75.0, 70.0, 68.0, 69.0, 72.0, 70.0, 69.0, 71.0, 71.0, 67.0, 53.0, 41.0, 29.0, 21.0]"
20-69,Maroubra,east,100,2017-10-07,0,16.0,10,2017,"[20.8, 18.6, 14.1, 15.5, 16.2, 16.2, 15.9, 16.7, 16.9, 15.7, 13.0, 11.0, 11.2, 12.9, 11.3, 12.8, 11.5, 11.1, 11.4, 13.2, 14.9, 16.2, 16.4, 15.0, 11.5, 10.5, 7.4, 5.7, 6.3, 5.2]","[162.0, 171.0, 177.0, 183.0, 184.0, 183.0, 185.0, 187.0, 191.0, 196.0, 204.0, 218.0, 222.0, 216.0, 217.0, 190.0, 176.0, 167.0, 156.0, 151.0, 148.0, 143.0, 140.0, 138.0, 139.0, 142.0, 151.0, 162.0, 156.0, 164.0]"
20-69,Maroubra,east,100,2019-05-24,0,16.0,5,2019,"[6.0, 6.1, 2.0, 3.2, 5.0, 5.2, 6.3, 7.1, 6.1, 5.3, 5.6, 5.9, 5.9, 6.3, 6.5, 5.8, 6.2, 6.4, 6.4, 6.6, 5.9, 4.7, 5.0, 6.6, 7.6, 7.9, 6.3, 6.6, 7.1, 7.4]","[73.0, 50.0, 315.0, 297.0, 300.0, 326.0, 336.0, 330.0, 310.0, 298.0, 285.0, 281.0, 284.0, 283.0, 289.0, 300.0, 306.0, 308.0, 313.0, 315.0, 322.0, 337.0, 360.0, 9.0, 360.0, 344.0, 283.0, 279.0, 285.0, 293.0]"
20-70,Maroubra,east,100,2026-05-03,1,13.0,5,2026,"[16.1, 16.3, 12.5, 11.7, 11.5, 11.1, 11.0, 9.4, 8.5, 8.1, 8.4, 9.5, 9.9, 10.9, 9.3, 10.4, 13.3, 13.5, 13.8, 14.9, 15.4, 15.5, 14.9, 14.3, 15.7, 17.0, 16.0, 15.2, 13.4, 12.5]","[53.0, 47.0, 39.0, 32.0, 30.0, 32.0, 30.0, 24.0, 18.0, 12.0, 9.0, 11.0, 10.0, 9.0, 18.0, 17.0, 16.0, 19.0, 24.0, 31.0, 36.0, 40.0, 44.0, 48.0, 45.0, 37.0, 36.0, 24.0, 15.0, 11.0]"
20-70,Maroubra,east,100,2012-05-07,0,13.0,5,2012,"[4.0, 7.8, 9.7, 11.4, 12.9, 13.4, 12.7, 11.6, 11.2, 10.9, 10.1, 9.0, 7.8, 7.2, 9.4, 10.4, 9.8, 10.2, 9.8, 10.0, 9.9, 9.1, 7.2, 5.1, 4.0, 4.3, 8.3, 9.1, 9.3, 9.7]","[180.0, 202.0, 231.0, 235.0, 240.0, 239.0, 241.0, 244.0, 249.0, 253.0, 253.0, 254.0, 257.0, 267.0, 268.0, 270.0, 264.0, 260.0, 253.0, 249.0, 251.0, 252.0, 252.0, 262.0, 270.0, 275.0, 270.0, 261.0, 257.0, 255.0]"
20-70,Maroubra,east,100,2008-04-03,0,13.0,4,2008,"[17.1, 17.9, 18.2, 18.9, 18.7, 19.1, 19.1, 19.5, 18.6, 17.4, 15.5, 10.6, 31.5, 24.3, 19.8, 21.3, 25.2, 25.9, 24.5, 24.5, 24.1, 23.9, 23.5, 21.0, 17.3, 17.1, 17.4, 18.3, 17.4, 16.0]","[22.0, 15.0, 14.0, 9.0, 2.0, 2.0, 360.0, 356.0, 350.0, 347.0, 347.0, 298.0, 239.0, 246.0, 258.0, 266.0, 270.0, 272.0, 267.0, 256.0, 253.0, 252.0, 249.0, 248.0, 247.0, 245.0, 248.0, 248.0, 248.0, 247.0]"
20-70,Maroubra,east,100,2024-11-02,0,13.0,11,2024,"[16.6, 17.6, 14.9, 17.1, 17.5, 17.2, 17.1, 16.8, 15.7, 13.6, 11.4, 9.6, 7.8, 5.1, 3.6, 4.4, 6.9, 9.1, 10.9, 12.2, 13.1, 13.7, 11.6, 11.2, 11.4, 13.5, 14.6, 15.1, 15.1, 14.9]","[129.0, 137.0, 148.0, 154.0, 158.0, 160.0, 163.0, 163.0, 163.0, 163.0, 165.0, 168.0, 175.0, 172.0, 135.0, 125.0, 104.0, 83.0, 70.0, 64.0, 58.0, 50.0, 44.0, 37.0, 31.0, 34.0, 38.0, 27.0, 22.0, 15.0]"
20-71,Maroubra,east,100,2026-05-29,1,14.0,5,2026,"[17.1, 18.7, 22.0, 21.3, 21.5, 21.6, 21.2, 20.6, 20.0, 20.9, 22.6, 23.8, 25.3, 26.5, 21.2, 21.9, 21.3, 20.9, 20.5, 18.4, 15.8, 12.8, 12.5, 10.8, 9.4, 8.9, 8.7, 10.4, 12.2, 12.3]","[178.0, 182.0, 178.0, 183.0, 189.0, 190.0, 189.0, 190.0, 191.0, 197.0, 200.0, 201.0, 203.0, 207.0, 206.0, 210.0, 209.0, 205.0, 203.0, 206.0, 197.0, 171.0, 162.0, 176.0, 204.0, 228.0, 233.0, 249.0, 246.0, 239.0]"
20-71,Maroubra,east,100,2010-05-10,0,14.0,5,2010,"[9.6, 8.9, 7.4, 7.3, 7.3, 7.5, 7.2, 6.8, 6.0, 5.9, 5.5, 5.5, 5.4, 4.7, 4.2, 3.2, 3.1, 5.4, 8.6, 10.4, 11.1, 12.0, 12.0, 12.0, 13.0, 12.9, 12.4, 12.1, 11.5, 10.3]","[56.0, 47.0, 29.0, 11.0, 349.0, 325.0, 307.0, 295.0, 287.0, 284.0, 281.0, 281.0, 274.0, 274.0, 290.0, 297.0, 324.0, 360.0, 15.0, 20.0, 25.0, 33.0, 44.0, 49.0, 44.0, 36.0, 26.0, 12.0, 358.0, 348.0]"
20-71,Maroubra,east,100,2012-08-23,0,14.0,8,2012,"[16.3, 14.4, 12.4, 15.4, 14.8, 12.6, 11.5, 13.0, 15.2, 17.6, 18.5, 18.7, 17.3, 17.0, 21.3, 23.7, 16.6, 16.9, 23.5, 28.6, 29.1, 23.7, 20.5, 16.1, 7.6, 5.0, 12.1, 13.1, 16.1, 18.9]","[18.0, 4.0, 10.0, 11.0, 4.0, 358.0, 360.0, 358.0, 5.0, 360.0, 353.0, 349.0, 343.0, 343.0, 330.0, 314.0, 318.0, 348.0, 342.0, 329.0, 326.0, 319.0, 292.0, 260.0, 273.0, 21.0, 348.0, 344.0, 350.0, 346.0]"
20-71,Maroubra,east,100,2011-02-07,0,14.0,2,2011,"[32.4, 31.0, 26.3, 25.7, 26.1, 24.6, 23.3, 21.1, 19.2, 17.7, 16.2, 14.8, 13.0, 12.0, 9.7, 7.6, 5.8, 6.1, 6.1, 6.2, 6.4, 7.3, 7.8, 7.3, 5.7, 4.8, 5.5, 5.2, 4.5, 5.4]","[172.0, 171.0, 170.0, 169.0, 169.0, 168.0, 167.0, 166.0, 167.0, 168.0, 167.0, 166.0, 166.0, 159.0, 195.0, 185.0, 158.0, 135.0, 130.0, 126.0, 117.0, 110.0, 112.0, 110.0, 108.0, 103.0, 101.0, 102.0, 119.0, 138.0]"
20-72,Maroubra,east,100,2026-07-18,1,14.0,7,2026,"[null, null, null, null, null, null, null, null, null, null, null, null, null, null, null, null, null, null, null, null, null, null, null, null, null, null, null, null, null, null]","[null, null, null, null, null, null, null, null, null, null, null, null, null, null, null, null, null, null, null, null, null, null, null, null, null, null, null, null, null, null]"
20-72,Maroubra,east,100,2014-02-04,0,14.0,2,2014,"[21.9, 19.6, 20.6, 17.7, 14.5, 11.8, 10.6, 9.2, 4.7, 5.0, 7.2, 9.4, 12.6, 16.9, 17.6, 17.9, 21.7, 26.4, 29.9, 30.0, 29.8, 28.3, 27.3, 28.6, 26.9, 26.0, 24.5, 22.7, 22.7, 22.4]","[46.0, 43.0, 36.0, 29.0, 27.0, 27.0, 35.0, 45.0, 81.0, 159.0, 174.0, 178.0, 175.0, 169.0, 145.0, 158.0, 169.0, 175.0, 181.0, 176.0, 168.0, 165.0, 164.0, 161.0, 160.0, 161.0, 152.0, 153.0, 153.0, 152.0]"
20-72,Maroubra,east,100,2010-01-09,0,14.0,1,2010,"[15.8, 14.5, 14.3, 13.7, 12.1, 10.1, 10.4, 8.6, 7.6, 7.6, 7.6, 6.8, 6.9, 6.5, 6.5, 6.0, 6.1, 5.7, 4.6, 5.0, 8.4, 12.0, 14.1, 15.0, 14.0, 11.6, 12.4, 11.6, 10.7, 7.9]","[43.0, 46.0, 41.0, 30.0, 17.0, 4.0, 2.0, 360.0, 5.0, 8.0, 3.0, 357.0, 351.0, 354.0, 341.0, 335.0, 332.0, 325.0, 342.0, 21.0, 43.0, 49.0, 50.0, 48.0, 42.0, 30.0, 22.0, 5.0, 348.0, 330.0]"
20-72,Maroubra,east,100,2012-10-12,0,14.0,10,2012,"[5.5, 6.3, 17.3, 18.6, 16.6, 15.9, 15.1, 15.9, 16.4, 18.4, 22.1, 22.0, 23.4, 24.3, 24.8, 23.6, 23.2, 32.7, 35.7, 32.8, 32.3, 33.4, 30.0, 22.8, 12.7, 10.4, 9.8, 7.6, 6.2, 7.1]","[247.0, 257.0, 270.0, 255.0, 252.0, 257.0, 273.0, 283.0, 285.0, 273.0, 264.0, 265.0, 267.0, 264.0, 271.0, 254.0, 228.0, 197.0, 183.0, 193.0, 211.0, 200.0, 193.0, 196.0, 188.0, 180.0, 188.0, 199.0, 234.0, 246.0]"
20-73,Maroubra,east,100,2026-07-19,1,16.0,7,2026,"[null, null, null, null, null, null, null, null, null, null, null, null, null, null, null, null, null, null, null, null, null, null, null, null, null, null, null, null, null, null]","[null, null, null, null, null, null, null, null, null, null, null, null, null, null, null, null, null, null, null, null, null, null, null, null, null, null, null, null, null, null]"
20-73,Maroubra,east,100,2006-04-26,0,16.0,4,2006,"[16.9, 15.5, 13.7, 13.1, 11.7, 11.8, 11.8, 11.9, 12.3, 12.8, 13.3, 13.9, 14.5, 15.2, 12.5, 14.7, 17.4, 18.9, 19.1, 19.8, 20.1, 20.3, 19.5, 17.6, 17.3, 17.0, 13.6, 13.2, 13.8, 14.5]","[178.0, 181.0, 185.0, 189.0, 198.0, 207.0, 211.0, 215.0, 218.0, 220.0, 218.0, 217.0, 215.0, 216.0, 224.0, 216.0, 202.0, 193.0, 191.0, 192.0, 190.0, 186.0, 182.0, 181.0, 184.0, 185.0, 202.0, 206.0, 208.0, 210.0]"
20-73,Maroubra,east,100,2021-11-27,0,16.0,11,2021,"[28.2, 29.2, 24.9, 24.8, 26.3, 26.0, 25.0, 23.9, 24.5, 25.6, 25.9, 26.0, 24.7, 24.1, 23.4, 24.9, 28.1, 28.1, 29.2, 29.6, 29.3, 28.3, 27.4, 25.6, 25.2, 22.0, 18.8, 18.3, 18.9, 18.7]","[176.0, 176.0, 183.0, 180.0, 178.0, 176.0, 174.0, 174.0, 177.0, 179.0, 182.0, 184.0, 188.0, 190.0, 183.0, 183.0, 181.0, 181.0, 178.0, 176.0, 174.0, 173.0, 177.0, 181.0, 182.0, 184.0, 183.0, 190.0, 194.0, 196.0]"
20-73,Maroubra,east,100,2017-12-25,0,16.0,12,2017,"[27.1, 26.0, 21.6, 20.7, 22.4, 22.7, 24.6, 22.2, 20.3, 22.9, 22.1, 23.3, 22.6, 21.4, 19.2, 14.8, 19.5, 21.6, 22.9, 22.9, 21.6, 21.2, 20.5, 20.3, 19.9, 16.9, 16.4, 14.6, 12.4, 10.8]","[175.0, 176.0, 162.0, 163.0, 152.0, 165.0, 168.0, 167.0, 174.0, 173.0, 173.0, 171.0, 171.0, 167.0, 175.0, 179.0, 164.0, 162.0, 161.0, 161.0, 162.0, 159.0, 156.0, 153.0, 148.0, 146.0, 130.0, 123.0, 120.0, 127.0]"
20-74,Maroubra,east,100,2026-07-20,1,7.0,7,2026,"[null, null, null, null, null, null, null, null, null, null, null, null, null, null, null, null, null, null, null, null, null, null, null, null, null, null, null, null, null, null]","[null, null, null, null, null, null, null, null, null, null, null, null, null, null, null, null, null, null, null, null, null, null, null, null, null, null, null, null, null, null]"
20-74,Maroubra,east,100,2008-11-02,0,7.0,11,2008,"[16.6, 14.3, 10.6, 10.9, 10.0, 7.1, 5.9, 5.1, 4.0, 3.5, 3.3, 4.0, 6.4, 10.7, 11.3, 11.3, 12.3, 13.6, 14.6, 15.2, 15.7, 16.6, 18.1, 18.1, 17.8, 17.3, 15.1, 15.5, 15.5, 14.7]","[138.0, 137.0, 152.0, 146.0, 139.0, 139.0, 137.0, 129.0, 117.0, 114.0, 103.0, 85.0, 74.0, 50.0, 31.0, 37.0, 40.0, 40.0, 33.0, 36.0, 37.0, 39.0, 43.0, 46.0, 43.0, 42.0, 28.0, 28.0, 22.0, 17.0]"
20-74,Maroubra,east,100,2012-02-26,0,7.0,2,2012,"[16.6, 16.6, 16.8, 16.4, 15.0, 14.2, 12.6, 11.5, 11.4, 11.5, 9.1, 8.9, 7.2, 6.6, 4.8, 7.0, 7.0, 7.3, 7.4, 7.1, 8.2, 8.9, 10.1, 10.8, 12.2, 13.8, 13.1, 14.2, 13.9, 13.4]","[56.0, 51.0, 47.0, 38.0, 30.0, 24.0, 20.0, 20.0, 18.0, 14.0, 9.0, 14.0, 6.0, 9.0, 13.0, 12.0, 21.0, 11.0, 14.0, 15.0, 15.0, 21.0, 27.0, 37.0, 45.0, 43.0, 37.0, 27.0, 21.0, 24.0]"
20-74,Maroubra,east,100,2007-01-08,0,7.0,1,2007,"[15.9, 15.5, 13.8, 13.4, 10.9, 6.0, 6.7, 11.0, 18.8, 21.1, 19.9, 18.7, 17.4, 18.2, 16.1, 18.2, 20.1, 21.3, 22.4, 23.1, 24.1, 23.8, 22.5, 21.1, 20.1, 17.9, 15.6, 13.9, 14.1, 13.1]","[3.0, 3.0, 354.0, 340.0, 326.0, 295.0, 254.0, 199.0, 173.0, 163.0, 160.0, 157.0, 156.0, 155.0, 151.0, 153.0, 156.0, 156.0, 156.0, 157.0, 158.0, 160.0, 160.0, 157.0, 156.0, 155.0, 157.0, 163.0, 165.0, 171.0]"
21-0,Malabar,east,70,2015-12-12,1,14.0,12,2015,"[17.7, 14.0, 21.9, 21.3, 21.5, 20.5, 18.9, 16.8, 14.5, 12.5, 10.7, 8.4, 9.4, 8.8, 5.9, 9.5, 11.7, 13.7, 16.6, 19.5, 20.9, 20.9, 17.7, 16.0, 16.1, 14.5, 10.6, 10.7, 10.3, 9.9]","[250.0, 209.0, 171.0, 164.0, 162.0, 158.0, 156.0, 152.0, 145.0, 139.0, 130.0, 121.0, 113.0, 109.0, 101.0, 99.0, 99.0, 104.0, 112.0, 115.0, 114.0, 114.0, 110.0, 113.0, 117.0, 117.0, 108.0, 102.0, 102.0, 100.0]"
21-0,Malabar,east,70,2007-03-23,0,14.0,3,2007,"[14.6, 14.0, 14.5, 13.8, 12.5, 10.6, 8.7, 8.0, 7.0, 5.7, 5.6, 5.8, 5.8, 6.6, 8.9, 9.2, 9.0, 9.4, 11.5, 13.5, 15.0, 17.4, 19.4, 19.1, 19.1, 18.4, 17.9, 15.8, 14.0, 13.1]","[52.0, 48.0, 44.0, 43.0, 33.0, 24.0, 17.0, 18.0, 21.0, 18.0, 15.0, 22.0, 22.0, 22.0, 27.0, 21.0, 23.0, 32.0, 41.0, 46.0, 48.0, 50.0, 50.0, 47.0, 44.0, 39.0, 38.0, 30.0, 23.0, 21.0]"
21-0,Malabar,east,70,2018-06-04,0,14.0,6,2018,"[16.7, 16.8, 12.7, 12.9, 13.5, 12.7, 12.6, 12.6, 12.6, 12.4, 12.2, 13.2, 13.5, 13.2, 10.9, 11.8, 12.6, 14.1, 13.7, 16.9, 18.4, 19.1, 17.0, 16.5, 16.6, 17.3, 10.8, 10.8, 12.2, 13.5]","[186.0, 189.0, 209.0, 207.0, 205.0, 205.0, 207.0, 211.0, 211.0, 210.0, 208.0, 206.0, 205.0, 206.0, 214.0, 207.0, 204.0, 193.0, 194.0, 191.0, 182.0, 182.0, 185.0, 191.0, 193.0, 192.0, 206.0, 206.0, 204.0, 205.0]"
21-0,Malabar,east,70,2012-07-21,0,14.0,7,2012,"[13.1, 13.9, 12.2, 12.2, 12.7, 13.7, 15.6, 17.0, 17.8, 18.6, 18.7, 18.7, 18.4, 18.3, 17.6, 18.4, 21.9, 22.6, 22.9, 23.2, 23.5, 23.1, 21.3, 20.2, 19.5, 18.9, 15.0, 15.8, 17.2, 18.0]","[188.0, 190.0, 204.0, 208.0, 209.0, 207.0, 203.0, 201.0, 201.0, 202.0, 203.0, 203.0, 203.0, 202.0, 206.0, 203.0, 194.0, 189.0, 187.0, 186.0, 184.0, 184.0, 182.0, 184.0, 185.0, 188.0, 197.0, 197.0, 200.0, 200.0]"
21-1,Malabar,east,70,2015-12-15,1,,12,2015,"[11.5, 4.5, 3.3, 1.0, 3.0, 2.7, 3.6, 4.8, 5.9, 4.7, 5.2, 3.6, 4.3, 5.8, 7.1, 6.9, 9.0, 11.7, 14.7, 15.6, 15.5, 16.8, 17.5, 19.3, 17.6, 16.1, 18.4, 18.3, 15.5, 13.0]","[92.0, 76.0, 41.0, 225.0, 194.0, 157.0, 135.0, 117.0, 101.0, 86.0, 78.0, 84.0, 66.0, 60.0, 49.0, 51.0, 53.0, 56.0, 59.0, 61.0, 65.0, 81.0, 98.0, 104.0, 90.0, 70.0, 48.0, 32.0, 13.0, 358.0]"
21-1,Malabar,east,70,2021-09-01,0,,9,2021,"[12.0, 11.7, 7.3, 7.8, 7.7, 7.0, 6.9, 6.5, 6.5, 6.6, 6.5, 6.1, 6.2, 6.7, 6.6, 5.4, 5.2, 4.8, 2.7, 0.7, 3.3, 5.5, 6.8, 6.9, 7.9, 7.8, 9.1, 8.9, 8.2, 8.3]","[49.0, 34.0, 9.0, 347.0, 319.0, 305.0, 298.0, 289.0, 267.0, 261.0, 267.0, 270.0, 277.0, 286.0, 279.0, 290.0, 295.0, 297.0, 293.0, 90.0, 103.0, 101.0, 93.0, 84.0, 74.0, 68.0, 56.0, 40.0, 23.0, 5.0]"
21-1,Malabar,east,70,2008-10-31,0,,10,2008,"[12.9, 14.7, 13.4, 11.2, 7.7, 7.2, 6.6, 5.9, 5.8, 5.3, 8.7, 11.9, 13.6, 14.6, 17.2, 20.6, 25.0, 26.2, 25.3, 25.9, 25.8, 24.3, 19.8, 14.5, 20.9, 24.1, 22.2, 21.7, 18.5, 14.2]","[23.0, 28.0, 20.0, 354.0, 332.0, 323.0, 319.0, 284.0, 266.0, 28.0, 7.0, 355.0, 348.0, 351.0, 349.0, 344.0, 330.0, 316.0, 306.0, 297.0, 289.0, 282.0, 271.0, 235.0, 177.0, 160.0, 160.0, 156.0, 153.0, 156.0]"
21-1,Malabar,east,70,2020-04-27,0,,4,2020,"[15.3, 17.2, 12.1, 11.4, 11.7, 12.9, 12.0, 11.3, 10.7, 8.7, 7.0, 6.0, 6.9, 7.8, 6.9, 7.6, 8.0, 7.9, 8.0, 9.2, 10.2, 9.7, 8.6, 6.3, 6.1, 7.1, 6.0, 7.4, 8.5, 9.2]","[255.0, 259.0, 258.0, 259.0, 252.0, 243.0, 229.0, 207.0, 192.0, 187.0, 192.0, 197.0, 208.0, 214.0, 223.0, 225.0, 207.0, 180.0, 144.0, 121.0, 100.0, 88.0, 75.0, 66.0, 62.0, 60.0, 73.0, 67.0, 62.0, 51.0]"
21-2,Malabar,east,70,2017-11-14,1,22.0,11,2017,"[12.8, 10.0, 7.6, 7.6, 7.7, 6.7, 5.8, 5.3, 4.0, 2.6, 1.0, 1.8, 1.6, 3.4, 2.8, 7.2, 9.4, 10.4, 13.4, 13.6, 13.9, 14.6, 17.2, 19.2, 18.3, 15.0, 9.3, 7.3, 6.6, 5.4]","[80.0, 75.0, 85.0, 85.0, 79.0, 74.0, 68.0, 62.0, 63.0, 74.0, 135.0, 191.0, 207.0, 72.0, 130.0, 84.0, 83.0, 76.0, 76.0, 73.0, 73.0, 74.0, 74.0, 73.0, 70.0, 66.0, 62.0, 57.0, 41.0, 20.0]"
21-2,Malabar,east,70,2025-07-23,0,22.0,7,2025,"[18.8, 18.2, 14.0, 12.7, 11.7, 11.7, 11.2, 10.5, 9.7, 9.9, 9.2, 6.1, 4.7, 5.8, 6.0, 5.6, 6.3, 8.5, 10.1, 11.4, 13.9, 15.3, 15.0, 15.8, 15.9, 15.1, 16.1, 14.4, 14.7, 15.4]","[24.0, 20.0, 15.0, 8.0, 4.0, 1.0, 349.0, 343.0, 357.0, 357.0, 340.0, 313.0, 286.0, 275.0, 275.0, 263.0, 267.0, 268.0, 268.0, 259.0, 250.0, 248.0, 246.0, 247.0, 252.0, 255.0, 264.0, 261.0, 259.0, 259.0]"
21-2,Malabar,east,70,2022-12-02,0,22.0,12,2022,"[12.2, 10.2, 9.2, 9.7, 9.3, 8.5, 8.3, 8.4, 8.2, 7.8, 7.3, 7.7, 8.9, 11.3, 11.0, 10.2, 11.6, 12.9, 13.1, 13.0, 12.9, 13.0, 13.5, 13.8, 12.9, 10.5, 5.9, 5.2, 6.1, 6.4]","[116.0, 122.0, 133.0, 140.0, 139.0, 144.0, 146.0, 152.0, 154.0, 161.0, 163.0, 168.0, 173.0, 163.0, 155.0, 156.0, 148.0, 143.0, 143.0, 145.0, 144.0, 142.0, 143.0, 145.0, 148.0, 153.0, 153.0, 151.0, 166.0, 191.0]"
21-2,Malabar,east,70,2017-01-06,0,22.0,1,2017,"[11.6, 9.6, 9.8, 8.3, 8.3, 6.6, 6.3, 7.2, 7.9, 7.9, 4.3, 4.0, 3.0, 4.4, 5.1, 7.6, 10.7, 12.3, 12.8, 13.9, 13.9, 14.8, 15.4, 15.4, 14.8, 12.6, 11.3, 9.7, 8.6, 7.6]","[74.0, 77.0, 73.0, 72.0, 72.0, 77.0, 66.0, 63.0, 51.0, 43.0, 48.0, 63.0, 76.0, 81.0, 82.0, 82.0, 76.0, 69.0, 68.0, 65.0, 69.0, 77.0, 79.0, 79.0, 77.0, 77.0, 73.0, 75.0, 75.0, 71.0]"
21-3,Malabar,east,70,2018-02-17,1,16.0,2,2018,"[20.7, 17.1, 13.1, 12.3, 10.7, 9.3, 7.7, 6.3, 5.0, 5.2, 4.7, 4.1, 3.3, 3.4, 10.0, 12.2, 14.5, 15.8, 17.4, 20.5, 20.9, 21.7, 25.9, 27.2, 24.6, 19.4, 13.1, 10.4, 8.5, 7.6]","[131.0, 141.0, 148.0, 140.0, 130.0, 126.0, 127.0, 121.0, 111.0, 102.0, 86.0, 75.0, 84.0, 72.0, 41.0, 45.0, 44.0, 43.0, 40.0, 51.0, 45.0, 47.0, 55.0, 55.0, 52.0, 47.0, 37.0, 34.0, 28.0, 25.0]"
21-3,Malabar,east,70,2008-04-20,0,16.0,4,2008,"[16.9, 16.5, 16.1, 15.3, 14.4, 13.4, 11.6, 11.0, 9.5, 10.0, 10.9, 10.0, 9.0, 10.4, 10.0, 10.5, 12.0, 12.8, 13.5, 13.6, 13.4, 12.1, 11.7, 9.2, 7.3, 7.2, 8.6, 8.6, 8.9, 9.0]","[156.0, 157.0, 156.0, 150.0, 148.0, 149.0, 150.0, 148.0, 151.0, 154.0, 153.0, 154.0, 164.0, 166.0, 154.0, 149.0, 141.0, 140.0, 136.0, 140.0, 144.0, 150.0, 146.0, 154.0, 169.0, 183.0, 180.0, 195.0, 201.0, 203.0]"
21-3,Malabar,east,70,2025-08-27,0,16.0,8,2025,"[16.7, 17.7, 17.2, 17.8, 17.0, 15.5, 13.9, 13.1, 15.2, 16.2, 15.5, 13.7, 10.6, 11.3, 11.3, 13.9, 16.5, 24.9, 21.1, 20.8, 20.9, 20.6, 20.8, 20.7, 20.8, 21.7, 18.6, 19.7, 21.6, 21.9]","[30.0, 19.0, 15.0, 11.0, 4.0, 1.0, 356.0, 360.0, 6.0, 3.0, 351.0, 330.0, 317.0, 316.0, 324.0, 304.0, 288.0, 285.0, 299.0, 301.0, 299.0, 302.0, 305.0, 309.0, 307.0, 300.0, 322.0, 317.0, 311.0, 302.0]"
21-3,Malabar,east,70,2006-04-11,0,16.0,4,2006,"[16.4, 15.3, 14.0, 10.5, 9.1, 9.3, 9.5, 9.5, 9.5, 8.9, 7.2, 5.8, 6.6, 6.6, 6.1, 6.5, 7.2, 9.5, 11.6, 11.7, 10.8, 11.0, 11.3, 11.4, 12.9, 12.8, 11.1, 9.4, 8.4, 7.6]","[50.0, 43.0, 29.0, 8.0, 351.0, 347.0, 349.0, 351.0, 349.0, 346.0, 342.0, 338.0, 338.0, 331.0, 320.0, 326.0, 333.0, 351.0, 355.0, 349.0, 358.0, 11.0, 22.0, 35.0, 30.0, 22.0, 13.0, 360.0, 350.0, 341.0]"
21-4,Malabar,east,70,2019-06-30,1,10.0,6,2019,"[20.8, 21.7, 17.9, 17.0, 16.2, 15.8, 16.9, 15.7, 13.0, 10.0, 11.4, 11.2, 5.4, 1.9, 3.2, 3.3, 0.8, 5.1, 9.6, 12.2, 13.8, 12.8, 10.5, 10.8, 11.2, 10.6, 11.0, 11.5, 11.4, 10.7]","[18.0, 15.0, 9.0, 5.0, 360.0, 360.0, 360.0, 351.0, 346.0, 319.0, 259.0, 249.0, 262.0, 292.0, 180.0, 103.0, 27.0, 315.0, 304.0, 294.0, 285.0, 280.0, 274.0, 268.0, 264.0, 260.0, 251.0, 238.0, 246.0, 250.0]"
21-4,Malabar,east,70,2018-11-20,0,10.0,11,2018,"[15.1, 11.6, 9.4, 7.7, 7.4, 7.1, 6.6, 6.9, 6.4, 6.5, 7.1, 6.2, 5.4, 8.0, 8.3, 11.2, 13.6, 15.8, 17.8, 18.6, 20.7, 22.7, 23.6, 22.0, 19.4, 17.0, 11.3, 11.4, 10.5, 8.0]","[65.0, 64.0, 58.0, 53.0, 43.0, 41.0, 41.0, 43.0, 43.0, 34.0, 15.0, 350.0, 356.0, 10.0, 2.0, 21.0, 32.0, 41.0, 43.0, 47.0, 51.0, 54.0, 56.0, 52.0, 48.0, 36.0, 31.0, 18.0, 6.0, 342.0]"
21-4,Malabar,east,70,2012-05-18,0,10.0,5,2012,"[7.1, 6.8, 5.9, 5.4, 5.5, 6.1, 6.1, 6.2, 5.7, 3.7, 4.0, 5.4, 4.7, 4.7, 6.2, 4.9, 4.9, 5.9, 6.5, 5.8, 5.2, 5.4, 5.0, 8.4, 8.7, 7.7, 8.3, 7.6, 6.8, 6.2]","[105.0, 115.0, 166.0, 188.0, 212.0, 225.0, 242.0, 249.0, 252.0, 259.0, 260.0, 266.0, 261.0, 261.0, 277.0, 287.0, 306.0, 317.0, 326.0, 330.0, 348.0, 8.0, 30.0, 43.0, 42.0, 28.0, 5.0, 335.0, 302.0, 280.0]"
21-4,Malabar,east,70,2016-07-14,0,10.0,7,2016,"[14.8, 15.8, 16.0, 16.7, 17.3, 17.0, 16.1, 14.7, 15.3, 16.5, 17.0, 16.2, 14.2, 13.4, 13.4, 12.3, 13.7, 12.8, 12.6, 11.9, 11.3, 11.3, 9.0, 11.2, 11.9, 11.9, 13.0, 13.3, 13.1, 13.6]","[267.0, 269.0, 262.0, 264.0, 266.0, 265.0, 260.0, 259.0, 262.0, 259.0, 257.0, 258.0, 261.0, 264.0, 275.0, 285.0, 284.0, 281.0, 275.0, 273.0, 279.0, 287.0, 293.0, 285.0, 273.0, 267.0, 267.0, 267.0, 261.0, 259.0]"
21-5,Malabar,east,70,2020-08-01,1,13.0,8,2020,"[6.8, 7.6, 6.0, 3.0, 4.0, 4.7, 5.4, 5.6, 4.7, 4.7, 6.5, 6.1, 6.3, 6.2, 6.6, 5.1, 5.9, 7.4, 8.6, 8.4, 6.9, 6.2, 6.6, 8.7, 9.7, 7.4, 6.3, 4.1, 4.3, 5.4]","[90.0, 85.0, 73.0, 14.0, 297.0, 274.0, 250.0, 255.0, 270.0, 293.0, 304.0, 298.0, 294.0, 291.0, 299.0, 315.0, 322.0, 331.0, 345.0, 350.0, 351.0, 10.0, 41.0, 48.0, 48.0, 43.0, 13.0, 345.0, 294.0, 266.0]"
21-5,Malabar,east,70,2016-09-28,0,13.0,9,2016,"[17.3, 15.0, 11.6, 11.3, 11.9, 12.7, 13.4, 13.5, 12.9, 12.0, 11.2, 10.6, 10.5, 10.3, 9.0, 8.4, 6.2, 4.9, 4.3, 5.4, 7.6, 10.2, 12.7, 14.5, 15.4, 15.2, 11.3, 10.1, 9.9, 10.9]","[239.0, 243.0, 244.0, 243.0, 245.0, 245.0, 243.0, 241.0, 243.0, 249.0, 249.0, 246.0, 243.0, 241.0, 241.0, 227.0, 190.0, 144.0, 114.0, 98.0, 85.0, 82.0, 82.0, 84.0, 79.0, 68.0, 37.0, 17.0, 10.0, 6.0]"
21-5,Malabar,east,70,2015-11-18,0,13.0,11,2015,"[14.6, 13.1, 9.8, 7.8, 7.2, 7.6, 7.2, 6.8, 6.7, 7.1, 7.2, 6.9, 9.2, 9.2, 9.4, 13.8, 17.4, 18.4, 18.1, 18.8, 18.6, 15.2, 11.6, 10.3, 13.4, 22.7, 23.4, 19.8, 16.3, 12.8]","[40.0, 37.0, 24.0, 13.0, 3.0, 360.0, 354.0, 342.0, 324.0, 315.0, 307.0, 309.0, 315.0, 318.0, 320.0, 313.0, 308.0, 301.0, 287.0, 273.0, 261.0, 266.0, 265.0, 245.0, 204.0, 176.0, 176.0, 180.0, 185.0, 191.0]"
21-5,Malabar,east,70,2013-08-23,0,13.0,8,2013,"[15.3, 15.9, 11.1, 11.5, 11.8, 11.2, 12.5, 13.8, 14.3, 14.2, 14.0, 12.0, 11.4, 15.3, 14.6, 14.2, 19.4, 26.7, 30.3, 30.6, 27.8, 24.6, 20.9, 20.0, 19.9, 21.5, 18.2, 20.4, 20.6, 20.5]","[294.0, 303.0, 324.0, 328.0, 329.0, 327.0, 319.0, 311.0, 309.0, 306.0, 305.0, 309.0, 336.0, 341.0, 340.0, 339.0, 292.0, 273.0, 272.0, 271.0, 275.0, 277.0, 281.0, 288.0, 290.0, 284.0, 284.0, 279.0, 276.0, 271.0]"
21-6,Malabar,east,70,2020-12-04,1,10.0,12,2020,"[14.8, 14.7, 10.4, 8.1, 8.0, 5.4, 4.3, 2.5, 0.8, 2.4, 4.2, 4.9, 6.2, 5.2, 3.2, 3.9, 7.8, 8.5, 4.2, 1.5, 1.8, 3.6, 5.0, 6.1, 9.1, 12.9, 10.3, 18.8, 20.1, 19.0]","[45.0, 31.0, 20.0, 13.0, 5.0, 360.0, 24.0, 45.0, 297.0, 243.0, 250.0, 253.0, 249.0, 254.0, 270.0, 248.0, 248.0, 242.0, 239.0, 225.0, 180.0, 143.0, 120.0, 90.0, 72.0, 67.0, 126.0, 154.0, 159.0, 161.0]"
21-6,Malabar,east,70,2010-02-19,0,10.0,2,2010,"[13.5, 11.0, 9.9, 8.2, 7.1, 6.4, 6.5, 5.7, 5.7, 5.7, 6.4, 6.6, 7.1, 8.2, 11.3, 12.0, 11.6, 10.8, 10.1, 10.4, 11.0, 11.5, 11.8, 12.6, 11.3, 8.5, 7.4, 7.8, 7.9, 8.0]","[136.0, 139.0, 136.0, 139.0, 139.0, 142.0, 146.0, 145.0, 145.0, 145.0, 137.0, 131.0, 120.0, 113.0, 99.0, 97.0, 95.0, 92.0, 84.0, 76.0, 71.0, 70.0, 67.0, 63.0, 59.0, 54.0, 43.0, 34.0, 24.0, 10.0]"
21-6,Malabar,east,70,2007-02-25,0,10.0,2,2007,"[6.9, 12.8, 12.2, 12.1, 10.9, 10.6, 11.3, 12.9, 15.0, 18.3, 22.5, 25.7, 24.6, 22.4, 21.5, 21.0, 23.8, 24.8, 21.6, 23.8, 24.7, 24.6, 21.8, 20.2, 17.7, 16.5, 13.4, 13.9, 15.3, 16.1]","[186.0, 191.0, 180.0, 192.0, 197.0, 190.0, 187.0, 198.0, 197.0, 195.0, 192.0, 186.0, 186.0, 186.0, 189.0, 186.0, 181.0, 179.0, 181.0, 176.0, 167.0, 165.0, 167.0, 164.0, 167.0, 169.0, 174.0, 163.0, 156.0, 153.0]"
21-6,Malabar,east,70,2011-08-31,0,10.0,8,2011,"[6.7, 6.5, 5.7, 4.2, 4.4, 3.2, 4.6, 5.1, 5.6, 6.0, 5.2, 6.2, 6.4, 4.3, 4.9, 4.3, 4.1, 3.6, 4.9, 6.5, 7.9, 12.0, 13.8, 10.8, 7.6, 6.6, 5.6, 5.7, 5.6, 5.9]","[144.0, 161.0, 145.0, 160.0, 171.0, 207.0, 231.0, 231.0, 220.0, 213.0, 214.0, 216.0, 218.0, 222.0, 216.0, 175.0, 135.0, 90.0, 73.0, 71.0, 74.0, 81.0, 83.0, 86.0, 98.0, 112.0, 140.0, 145.0, 140.0, 133.0]"
21-7,Malabar,east,70,2021-01-08,1,11.0,1,2021,"[19.5, 20.3, 17.9, 19.1, 19.5, 18.4, 16.3, 15.9, 14.8, 14.4, 13.3, 13.0, 14.2, 16.0, 17.1, 19.2, 21.4, 21.4, 20.9, 20.8, 20.7, 20.2, 19.3, 18.5, 17.2, 14.5, 10.3, 10.2, 9.8, 9.5]","[164.0, 168.0, 171.0, 177.0, 182.0, 184.0, 186.0, 185.0, 184.0, 181.0, 180.0, 177.0, 173.0, 166.0, 155.0, 154.0, 153.0, 153.0, 151.0, 150.0, 149.0, 149.0, 151.0, 153.0, 154.0, 157.0, 155.0, 162.0, 163.0, 169.0]"
21-7,Malabar,east,70,2025-05-29,0,11.0,5,2025,"[13.2, 15.4, 16.3, 17.6, 16.9, 15.7, 14.5, 14.2, 13.6, 13.8, 14.4, 14.6, 14.5, 14.2, 11.7, 12.2, 11.1, 12.3, 13.6, 14.6, 14.0, 13.0, 11.3, 10.8, 10.4, 9.3, 7.3, 7.2, 7.3, 7.5]","[246.0, 247.0, 245.0, 243.0, 242.0, 243.0, 243.0, 248.0, 247.0, 242.0, 238.0, 232.0, 228.0, 229.0, 252.0, 243.0, 234.0, 226.0, 219.0, 213.0, 209.0, 204.0, 200.0, 198.0, 200.0, 207.0, 230.0, 233.0, 232.0, 230.0]"
21-7,Malabar,east,70,2016-09-20,0,11.0,9,2016,"[11.2, 12.0, 9.4, 10.8, 11.6, 11.1, 10.8, 10.5, 9.4, 10.3, 10.5, 10.3, 9.5, 9.0, 7.6, 8.4, 6.8, 3.7, 4.1, 5.0, 7.7, 10.2, 12.5, 12.1, 11.3, 9.6, 7.1, 6.4, 6.9, 7.4]","[230.0, 229.0, 227.0, 233.0, 244.0, 241.0, 240.0, 248.0, 263.0, 258.0, 239.0, 245.0, 261.0, 275.0, 275.0, 260.0, 267.0, 331.0, 15.0, 30.0, 41.0, 48.0, 57.0, 60.0, 59.0, 56.0, 41.0, 52.0, 51.0, 43.0]"
21-7,Malabar,east,70,2008-07-23,0,11.0,7,2008,"[7.6, 6.8, 6.1, 7.2, 6.9, 6.5, 7.3, 8.7, 9.9, 11.3, 10.8, 10.7, 10.7, 11.8, 12.3, 13.0, 13.7, 15.1, 16.6, 16.0, 17.1, 17.8, 15.6, 13.6, 13.8, 13.0, 12.2, 12.6, 13.0, 11.5]","[161.0, 177.0, 267.0, 267.0, 261.0, 251.0, 237.0, 222.0, 213.0, 211.0, 217.0, 225.0, 228.0, 230.0, 232.0, 224.0, 210.0, 192.0, 181.0, 172.0, 165.0, 166.0, 165.0, 169.0, 173.0, 174.0, 182.0, 182.0, 166.0, 166.0]"
21-8,Malabar,east,70,2021-02-17,1,11.0,2,2021,"[16.6, 15.3, 9.4, 10.9, 12.0, 12.5, 12.5, 12.6, 11.4, 10.7, 11.2, 12.3, 12.4, 12.9, 12.6, 12.9, 13.5, 15.1, 17.1, 18.1, 19.4, 19.6, 19.1, 18.4, 15.6, 13.6, 12.5, 11.7, 10.7, 8.9]","[131.0, 133.0, 140.0, 146.0, 147.0, 147.0, 147.0, 149.0, 156.0, 166.0, 174.0, 173.0, 170.0, 162.0, 177.0, 167.0, 155.0, 140.0, 132.0, 131.0, 130.0, 131.0, 131.0, 130.0, 130.0, 130.0, 134.0, 137.0, 138.0, 140.0]"
21-8,Malabar,east,70,2024-06-28,0,11.0,6,2024,"[7.2, 8.0, 9.0, 9.4, 9.7, 10.1, 10.1, 10.1, 9.7, 9.1, 8.7, 8.3, 7.9, 7.2, 9.1, 7.9, 5.8, 7.2, 7.6, 6.2, 4.5, 3.0, 4.4, 7.9, 8.7, 10.8, 8.3, 7.2, 7.9, 7.6]","[297.0, 280.0, 270.0, 266.0, 266.0, 268.0, 270.0, 268.0, 266.0, 263.0, 265.0, 268.0, 270.0, 276.0, 277.0, 273.0, 277.0, 273.0, 275.0, 280.0, 299.0, 346.0, 35.0, 39.0, 30.0, 21.0, 360.0, 333.0, 317.0, 335.0]"
21-8,Malabar,east,70,2007-06-20,0,11.0,6,2007,"[22.4, 23.9, 27.8, 27.2, 29.3, 32.4, 32.2, 33.8, 33.2, 32.1, 28.0, 28.0, 29.6, 29.7, 26.1, 26.0, 25.0, 27.2, 23.7, 20.4, 17.3, 12.3, 10.4, 12.6, 14.8, 15.9, 16.6, 17.7, 18.7, 19.8]","[264.0, 263.0, 266.0, 264.0, 264.0, 261.0, 256.0, 249.0, 246.0, 240.0, 235.0, 228.0, 217.0, 216.0, 218.0, 223.0, 223.0, 215.0, 216.0, 221.0, 225.0, 230.0, 256.0, 272.0, 269.0, 266.0, 268.0, 265.0, 268.0, 267.0]"
21-8,Malabar,east,70,2014-12-27,0,11.0,12,2014,"[25.3, 21.0, 15.3, 14.5, 13.8, 12.5, 12.3, 11.1, 11.3, 10.3, 9.3, 8.4, 7.8, 8.4, 6.4, 5.9, 7.0, 8.9, 9.6, 10.7, 11.4, 11.8, 11.7, 11.7, 11.5, 9.4, 6.5, 6.6, 5.8, 4.3]","[147.0, 149.0, 146.0, 138.0, 137.0, 141.0, 142.0, 144.0, 149.0, 151.0, 152.0, 149.0, 146.0, 137.0, 133.0, 128.0, 111.0, 111.0, 110.0, 104.0, 103.0, 102.0, 101.0, 99.0, 92.0, 88.0, 93.0, 81.0, 83.0, 85.0]"
21-9,Malabar,east,70,2021-10-27,1,13.0,10,2021,"[12.4, 7.2, 4.8, 2.7, 1.6, 1.1, 2.4, 3.6, 4.3, 4.1, 3.7, 3.9, 4.9, 3.9, 2.5, 5.2, 6.6, 7.4, 7.9, 9.0, 12.9, 17.3, 17.7, 14.4, 9.2, 5.4, 3.8, 3.0, 2.5, 3.3]","[98.0, 93.0, 63.0, 23.0, 333.0, 342.0, 297.0, 276.0, 265.0, 255.0, 241.0, 236.0, 234.0, 248.0, 315.0, 12.0, 41.0, 43.0, 47.0, 67.0, 77.0, 78.0, 73.0, 68.0, 69.0, 70.0, 139.0, 166.0, 172.0, 193.0]"
21-9,Malabar,east,70,2017-01-13,0,13.0,1,2017,"[18.0, 16.0, 13.2, 12.3, 11.9, 10.6, 11.0, 11.3, 11.1, 11.4, 11.6, 11.9, 12.3, 19.1, 15.1, 15.5, 16.6, 18.2, 19.1, 20.5, 19.6, 17.3, 15.2, 12.1, 10.1, 11.5, 5.4, 4.5, 4.0, 7.4]","[87.0, 81.0, 61.0, 50.0, 35.0, 24.0, 19.0, 17.0, 13.0, 11.0, 5.0, 3.0, 357.0, 4.0, 1.0, 5.0, 18.0, 18.0, 20.0, 22.0, 20.0, 17.0, 14.0, 10.0, 6.0, 4.0, 222.0, 166.0, 185.0, 231.0]"
21-9,Malabar,east,70,2007-08-30,0,13.0,8,2007,"[8.3, 5.9, 4.7, 4.0, 3.9, 3.3, 3.9, 4.3, 4.0, 4.0, 4.3, 4.0, 3.8, 4.2, 3.8, 5.2, 6.8, 8.9, 11.6, 13.0, 14.0, 14.5, 14.1, 14.4, 14.8, 14.9, 14.1, 13.0, 12.1, 10.9]","[95.0, 101.0, 113.0, 90.0, 68.0, 347.0, 292.0, 275.0, 265.0, 265.0, 270.0, 275.0, 287.0, 301.0, 311.0, 348.0, 3.0, 14.0, 22.0, 24.0, 29.0, 35.0, 40.0, 37.0, 29.0, 20.0, 4.0, 355.0, 348.0, 343.0]"
21-9,Malabar,east,70,2018-12-14,0,13.0,12,2018,"[14.8, 18.0, 5.8, 3.3, 4.1, 1.1, 4.0, 3.3, 3.3, 3.2, 3.6, 1.3, 5.1, 8.4, 4.2, 3.8, 3.4, 1.3, 3.1, 5.4, 7.6, 8.1, 10.5, 11.8, 11.8, 11.5, 6.6, 3.7, 4.6, 5.8]","[43.0, 53.0, 176.0, 174.0, 285.0, 72.0, 117.0, 167.0, 167.0, 207.0, 186.0, 124.0, 51.0, 40.0, 211.0, 197.0, 148.0, 146.0, 225.0, 127.0, 121.0, 148.0, 142.0, 130.0, 128.0, 131.0, 151.0, 191.0, 225.0, 210.0]"
21-10,Malabar,east,70,2022-07-24,1,11.0,7,2022,"[5.6, 4.8, 5.0, 5.1, 5.5, 5.5, 5.7, 5.8, 6.7, 7.5, 8.5, 8.8, 9.1, 9.2, 8.0, 7.2, 6.4, 5.0, 4.1, 1.7, 1.8, 3.9, 4.3, 5.5, 6.6, 6.9, 4.4, 3.8, 2.1, 3.8]","[149.0, 158.0, 218.0, 228.0, 226.0, 221.0, 229.0, 234.0, 234.0, 233.0, 235.0, 237.0, 238.0, 239.0, 245.0, 243.0, 241.0, 235.0, 241.0, 238.0, 84.0, 77.0, 73.0, 73.0, 73.0, 76.0, 69.0, 65.0, 329.0, 273.0]"
21-10,Malabar,east,70,2020-02-18,0,11.0,2,2020,"[8.7, 5.8, 4.3, 4.0, 4.7, 5.4, 2.4, 2.9, 2.9, 3.4, 3.1, 2.7, 2.4, 6.8, 4.3, 4.8, 6.3, 7.7, 9.5, 12.2, 15.0, 15.3, 16.9, 16.6, 16.9, 18.5, 16.5, 17.7, 13.9, 9.2]","[66.0, 60.0, 66.0, 63.0, 58.0, 42.0, 63.0, 30.0, 353.0, 328.0, 315.0, 293.0, 333.0, 342.0, 318.0, 333.0, 347.0, 11.0, 25.0, 34.0, 44.0, 47.0, 52.0, 42.0, 40.0, 29.0, 11.0, 4.0, 350.0, 334.0]"
21-10,Malabar,east,70,2021-06-03,0,11.0,6,2021,"[7.7, 7.4, 8.4, 7.3, 5.4, 3.8, 5.2, 6.9, 4.3, 4.1, 1.5, 4.0, 4.7, 2.7, 4.4, 6.8, 6.2, 4.6, 3.1, 1.9, 2.3, 1.5, 2.2, 1.0, 0.8, 3.3, 5.2, 7.7, 10.3, 10.6]","[53.0, 43.0, 20.0, 340.0, 312.0, 311.0, 344.0, 313.0, 294.0, 322.0, 45.0, 297.0, 293.0, 293.0, 279.0, 288.0, 280.0, 309.0, 315.0, 248.0, 231.0, 346.0, 360.0, 135.0, 243.0, 229.0, 236.0, 242.0, 245.0, 246.0]"
21-10,Malabar,east,70,2007-03-16,0,11.0,3,2007,"[15.5, 14.9, 12.2, 12.0, 11.6, 10.4, 8.3, 7.6, 7.3, 7.4, 8.0, 8.4, 9.0, 10.8, 10.7, 10.5, 11.0, 14.5, 19.0, 17.9, 18.0, 17.6, 14.3, 10.1, 9.2, 7.9, 6.4, 5.7, 5.9, 5.5]","[46.0, 37.0, 24.0, 16.0, 7.0, 358.0, 342.0, 341.0, 340.0, 337.0, 333.0, 335.0, 331.0, 334.0, 340.0, 329.0, 319.0, 305.0, 295.0, 300.0, 303.0, 305.0, 304.0, 305.0, 321.0, 336.0, 322.0, 288.0, 281.0, 302.0]"
21-11,Malabar,east,70,2022-07-25,1,12.0,7,2022,"[6.6, 6.9, 4.4, 3.8, 2.1, 3.8, 5.8, 6.5, 6.2, 6.5, 6.5, 6.2, 4.9, 4.6, 5.8, 4.4, 3.5, 3.3, 5.8, 8.1, 9.4, 10.2, 9.3, 8.5, 9.4, 10.5, 7.5, 7.0, 7.7, 7.0]","[73.0, 76.0, 69.0, 65.0, 329.0, 273.0, 266.0, 267.0, 258.0, 256.0, 256.0, 255.0, 260.0, 261.0, 272.0, 277.0, 282.0, 311.0, 346.0, 6.0, 23.0, 28.0, 32.0, 36.0, 40.0, 35.0, 27.0, 18.0, 11.0, 10.0]"
21-11,Malabar,east,70,2009-05-27,0,12.0,5,2009,"[5.8, 6.6, 4.4, 3.7, 3.9, 5.2, 5.1, 6.4, 6.4, 7.1, 6.9, 6.9, 7.2, 6.9, 5.9, 5.1, 4.6, 4.2, 3.6, 1.8, 1.4, 2.4, 4.0, 6.5, 7.6, 7.9, 4.4, 4.9, 6.4, 6.5]","[30.0, 13.0, 325.0, 281.0, 248.0, 236.0, 231.0, 227.0, 223.0, 221.0, 219.0, 219.0, 217.0, 223.0, 232.0, 231.0, 225.0, 211.0, 217.0, 259.0, 270.0, 207.0, 180.0, 177.0, 183.0, 196.0, 235.0, 234.0, 232.0, 236.0]"
21-11,Malabar,east,70,2009-05-07,0,12.0,5,2009,"[9.8, 9.0, 7.4, 6.5, 6.5, 6.6, 6.6, 6.1, 5.9, 6.4, 7.0, 7.2, 7.0, 6.9, 7.0, 6.6, 6.3, 6.0, 6.4, 7.0, 8.6, 10.2, 11.8, 11.3, 11.3, 10.2, 8.8, 7.3, 7.0, 8.0]","[36.0, 23.0, 14.0, 3.0, 341.0, 319.0, 299.0, 273.0, 256.0, 243.0, 235.0, 233.0, 235.0, 242.0, 258.0, 261.0, 257.0, 245.0, 223.0, 192.0, 165.0, 148.0, 140.0, 143.0, 149.0, 157.0, 168.0, 200.0, 215.0, 216.0]"
21-11,Malabar,east,70,2024-03-30,0,12.0,3,2024,"[11.3, 9.8, 6.1, 6.1, 6.6, 6.5, 6.8, 6.5, 7.1, 6.1, 4.7, 3.7, 2.9, 3.7, 4.4, 4.3, 6.8, 8.3, 7.7, 6.7, 8.0, 11.1, 12.6, 10.8, 8.4, 7.0, 7.1, 6.3, 5.9, 1.9]","[63.0, 54.0, 50.0, 28.0, 9.0, 354.0, 335.0, 326.0, 319.0, 315.0, 302.0, 299.0, 300.0, 299.0, 279.0, 312.0, 342.0, 355.0, 11.0, 36.0, 63.0, 77.0, 77.0, 75.0, 70.0, 55.0, 41.0, 24.0, 11.0, 22.0]"
21-12,Malabar,east,70,2022-10-01,1,9.0,10,2022,"[15.2, 15.7, 14.9, 14.0, 12.3, 13.1, 13.1, 12.5, 12.3, 12.8, 12.8, 12.8, 12.1, 12.2, 12.7, 14.3, 13.7, 14.2, 14.8, 14.9, 15.4, 16.5, 15.3, 13.8, 11.2, 9.9, 6.7, 6.8, 6.4, 5.8]","[157.0, 150.0, 145.0, 145.0, 151.0, 157.0, 162.0, 168.0, 172.0, 178.0, 179.0, 178.0, 174.0, 172.0, 168.0, 157.0, 153.0, 151.0, 150.0, 148.0, 137.0, 145.0, 146.0, 147.0, 152.0, 159.0, 180.0, 177.0, 172.0, 180.0]"
21-12,Malabar,east,70,2018-08-20,0,9.0,8,2018,"[26.6, 25.6, 22.1, 22.7, 21.4, 20.6, 21.1, 22.4, 23.2, 23.5, 23.3, 23.4, 23.4, 21.7, 15.6, 18.7, 21.2, 19.7, 17.1, 15.2, 13.1, 11.2, 9.8, 7.4, 5.0, 3.6, 5.2, 6.6, 7.8, 10.3]","[243.0, 242.0, 248.0, 243.0, 241.0, 243.0, 243.0, 242.0, 242.0, 241.0, 238.0, 236.0, 233.0, 230.0, 244.0, 230.0, 212.0, 204.0, 198.0, 194.0, 188.0, 180.0, 172.0, 157.0, 150.0, 217.0, 282.0, 299.0, 304.0, 299.0]"
21-12,Malabar,east,70,2012-10-25,0,9.0,10,2012,"[16.4, 14.0, 8.5, 7.9, 9.3, 9.8, 8.9, 7.0, 6.9, 7.2, 7.9, 7.3, 6.9, 5.5, 4.0, 6.2, 7.6, 9.7, 9.0, 8.8, 10.3, 9.9, 9.7, 8.6, 9.1, 8.9, 9.9, 8.4, 13.5, 16.5]","[50.0, 46.0, 36.0, 30.0, 28.0, 24.0, 14.0, 12.0, 9.0, 6.0, 360.0, 351.0, 354.0, 337.0, 333.0, 10.0, 5.0, 360.0, 360.0, 19.0, 25.0, 10.0, 4.0, 360.0, 353.0, 346.0, 316.0, 263.0, 236.0, 226.0]"
21-12,Malabar,east,70,2007-11-29,0,9.0,11,2007,"[12.0, 10.3, 10.0, 6.9, 5.6, 3.9, 1.9, 4.1, 4.5, 4.7, 5.1, 6.1, 7.9, 8.2, 8.4, 8.4, 8.9, 10.0, 12.2, 15.0, 15.0, 15.9, 13.6, 12.9, 10.2, 6.9, 6.5, 5.8, 7.1, 7.0]","[57.0, 54.0, 49.0, 39.0, 40.0, 56.0, 158.0, 165.0, 166.0, 171.0, 176.0, 180.0, 180.0, 165.0, 130.0, 121.0, 117.0, 116.0, 118.0, 117.0, 120.0, 123.0, 127.0, 126.0, 132.0, 152.0, 161.0, 176.0, 165.0, 159.0]"
21-13,Malabar,east,70,2022-12-25,1,16.0,12,2022,"[13.2, 5.9, 5.2, 7.5, 9.7, 12.7, 14.1, 13.9, 12.7, 11.3, 9.6, 8.6, 9.2, 8.5, 3.0, 2.3, 5.6, 7.8, 9.5, 11.4, 13.9, 15.7, 14.7, 14.7, 13.7, 11.4, 9.0, 7.1, 5.3, 4.8]","[58.0, 88.0, 136.0, 165.0, 168.0, 168.0, 166.0, 167.0, 169.0, 172.0, 172.0, 170.0, 164.0, 153.0, 142.0, 67.0, 61.0, 61.0, 61.0, 61.0, 63.0, 65.0, 65.0, 61.0, 57.0, 55.0, 57.0, 47.0, 38.0, 37.0]"
21-13,Malabar,east,70,2011-07-27,0,16.0,7,2011,"[7.1, 7.1, 11.4, 12.4, 12.5, 12.1, 12.0, 12.0, 13.0, 13.6, 13.3, 13.3, 13.8, 13.6, 12.2, 11.7, 13.2, 13.8, 13.7, 13.4, 12.7, 11.6, 9.5, 7.2, 7.1, 6.4, 5.1, 5.9, 5.3, 6.3]","[229.0, 225.0, 242.0, 244.0, 229.0, 217.0, 224.0, 226.0, 219.0, 217.0, 221.0, 221.0, 219.0, 220.0, 225.0, 223.0, 209.0, 189.0, 180.0, 175.0, 173.0, 173.0, 171.0, 162.0, 156.0, 153.0, 184.0, 218.0, 242.0, 257.0]"
21-13,Malabar,east,70,2008-08-28,0,16.0,8,2008,"[13.2, 10.5, 8.0, 7.9, 8.2, 8.6, 8.9, 9.2, 8.9, 8.8, 9.0, 9.5, 10.5, 11.4, 11.5, 14.2, 16.9, 17.0, 16.3, 15.9, 16.3, 16.9, 16.8, 15.5, 14.4, 13.5, 11.2, 10.6, 9.3, 8.9]","[169.0, 174.0, 185.0, 204.0, 209.0, 202.0, 194.0, 191.0, 194.0, 199.0, 203.0, 209.0, 211.0, 215.0, 219.0, 201.0, 181.0, 174.0, 174.0, 174.0, 172.0, 169.0, 170.0, 176.0, 183.0, 189.0, 195.0, 204.0, 216.0, 227.0]"
21-13,Malabar,east,70,2018-07-12,0,16.0,7,2018,"[10.1, 10.5, 7.4, 7.4, 6.8, 6.4, 6.4, 6.4, 6.4, 5.0, 3.3, 3.6, 4.2, 5.2, 6.1, 5.4, 4.9, 5.4, 5.6, 5.6, 8.9, 8.9, 4.6, 5.8, 6.2, 9.0, 12.5, 10.5, 9.6, 9.6]","[55.0, 49.0, 47.0, 23.0, 357.0, 333.0, 333.0, 333.0, 317.0, 300.0, 283.0, 264.0, 250.0, 245.0, 270.0, 278.0, 287.0, 307.0, 315.0, 320.0, 320.0, 310.0, 315.0, 300.0, 263.0, 254.0, 237.0, 243.0, 250.0, 257.0]"
21-14,Malabar,east,70,2022-12-27,1,18.0,12,2022,"[15.9, 14.2, 10.6, 9.9, 9.3, 7.9, 7.1, 6.5, 6.2, 6.3, 6.2, 3.5, 1.4, 2.9, 5.3, 8.7, 12.0, 14.5, 15.8, 16.5, 16.8, 17.1, 17.6, 17.6, 16.5, 14.5, 12.9, 11.7, 10.9, 10.2]","[52.0, 49.0, 43.0, 42.0, 36.0, 24.0, 19.0, 14.0, 17.0, 13.0, 7.0, 21.0, 40.0, 47.0, 55.0, 58.0, 58.0, 58.0, 58.0, 61.0, 63.0, 65.0, 64.0, 64.0, 61.0, 56.0, 48.0, 45.0, 40.0, 30.0]"
21-14,Malabar,east,70,2023-03-10,0,18.0,3,2023,"[15.0, 11.2, 6.7, 4.7, 5.2, 3.5, 1.8, 2.0, 4.6, 4.9, 4.7, 6.2, 7.1, 7.9, 5.5, 4.3, 2.9, 8.9, 10.9, 13.0, 15.3, 17.1, 20.5, 21.9, 19.5, 17.8, 14.3, 13.3, 12.0, 10.0]","[111.0, 111.0, 126.0, 148.0, 146.0, 156.0, 191.0, 225.0, 231.0, 234.0, 238.0, 234.0, 229.0, 223.0, 212.0, 185.0, 120.0, 47.0, 46.0, 46.0, 51.0, 51.0, 56.0, 57.0, 52.0, 47.0, 43.0, 41.0, 33.0, 26.0]"
21-14,Malabar,east,70,2015-05-03,0,18.0,5,2015,"[5.5, 6.0, 8.0, 7.6, 8.6, 9.8, 10.9, 12.8, 14.2, 14.6, 14.6, 15.8, 18.1, 18.4, 14.8, 16.1, 18.4, 17.7, 18.9, 18.4, 18.4, 18.9, 19.2, 19.9, 19.4, 19.6, 16.9, 15.6, 15.1, 15.5]","[148.0, 155.0, 188.0, 180.0, 180.0, 186.0, 189.0, 196.0, 196.0, 196.0, 190.0, 192.0, 197.0, 197.0, 194.0, 190.0, 191.0, 193.0, 194.0, 197.0, 192.0, 189.0, 186.0, 186.0, 190.0, 193.0, 196.0, 203.0, 208.0, 208.0]"
21-14,Malabar,east,70,2019-08-12,0,18.0,8,2019,"[20.1, 20.7, 20.9, 22.1, 22.0, 21.7, 20.0, 18.8, 19.7, 19.5, 19.1, 18.2, 17.4, 16.9, 13.0, 14.1, 14.4, 14.6, 14.0, 13.0, 9.6, 7.1, 5.9, 4.4, 3.1, 7.9, 6.6, 9.4, 10.2, 11.2]","[255.0, 257.0, 259.0, 258.0, 249.0, 243.0, 244.0, 244.0, 239.0, 236.0, 234.0, 232.0, 232.0, 236.0, 256.0, 251.0, 238.0, 213.0, 198.0, 194.0, 193.0, 165.0, 133.0, 125.0, 144.0, 246.0, 279.0, 263.0, 262.0, 266.0]"
21-15,Malabar,east,70,2024-01-05,1,15.0,1,2024,"[14.5, 14.8, 15.0, 15.5, 15.9, 16.6, 17.3, 17.8, 16.4, 14.3, 13.6, 12.4, 12.0, 16.0, 14.0, 14.8, 15.6, 15.9, 16.9, 18.5, 19.0, 17.9, 16.5, 16.2, 16.1, 13.5, 10.2, 9.1, 9.2, 8.9]","[187.0, 184.0, 169.0, 168.0, 167.0, 162.0, 163.0, 162.0, 161.0, 162.0, 163.0, 163.0, 164.0, 157.0, 157.0, 157.0, 154.0, 152.0, 151.0, 151.0, 151.0, 150.0, 148.0, 148.0, 146.0, 146.0, 141.0, 146.0, 149.0, 153.0]"
21-15,Malabar,east,70,2019-05-20,0,15.0,5,2019,"[7.2, 6.2, 5.4, 4.7, 4.8, 2.4, 2.2, 3.5, 4.3, 5.4, 4.2, 4.0, 4.8, 4.7, 4.3, 2.7, 2.5, 3.1, 4.7, 5.4, 5.9, 7.1, 7.1, 7.4, 7.7, 7.3, 6.4, 6.6, 6.6, 6.1]","[53.0, 36.0, 356.0, 302.0, 283.0, 297.0, 351.0, 336.0, 318.0, 312.0, 290.0, 280.0, 283.0, 293.0, 270.0, 293.0, 315.0, 339.0, 356.0, 4.0, 14.0, 30.0, 41.0, 39.0, 37.0, 20.0, 344.0, 319.0, 311.0, 315.0]"
21-15,Malabar,east,70,2023-10-11,0,15.0,10,2023,"[11.6, 8.7, 4.1, 4.3, 3.4, 3.7, 2.6, 3.0, 3.1, 3.3, 4.0, 2.9, 4.0, 5.8, 5.6, 8.2, 8.3, 9.1, 8.7, 9.9, 14.3, 17.8, 19.8, 18.0, 15.0, 12.7, 5.6, 6.0, 6.5, 6.4]","[126.0, 135.0, 142.0, 138.0, 148.0, 169.0, 196.0, 194.0, 159.0, 131.0, 90.0, 60.0, 27.0, 356.0, 333.0, 345.0, 360.0, 18.0, 30.0, 46.0, 56.0, 58.0, 57.0, 53.0, 46.0, 35.0, 27.0, 33.0, 34.0, 27.0]"
21-15,Malabar,east,70,2019-11-20,0,15.0,11,2019,"[14.0, 29.1, 25.9, 23.1, 23.0, 21.4, 19.4, 18.7, 16.9, 15.1, 13.3, 11.9, 13.0, 13.1, 9.3, 8.9, 8.9, 10.0, 10.0, 11.9, 13.6, 15.3, 15.5, 14.8, 13.8, 11.5, 7.4, 6.4, 7.1, 7.2]","[138.0, 165.0, 171.0, 176.0, 170.0, 173.0, 180.0, 180.0, 178.0, 177.0, 180.0, 180.0, 175.0, 164.0, 164.0, 153.0, 140.0, 128.0, 120.0, 115.0, 107.0, 98.0, 93.0, 89.0, 83.0, 76.0, 61.0, 43.0, 24.0, 357.0]"
21-16,Malabar,east,70,2024-01-16,1,7.0,1,2024,"[15.0, 13.1, 11.2, 12.5, 12.8, 11.1, 9.5, 8.6, 6.5, 6.2, 5.9, 5.8, 5.9, 5.5, 2.4, 8.3, 9.3, 10.2, 12.9, 12.3, 12.1, 12.1, 11.7, 11.2, 11.2, 10.2, 7.7, 8.1, 9.7, 9.7]","[111.0, 111.0, 105.0, 102.0, 101.0, 103.0, 101.0, 90.0, 87.0, 83.0, 79.0, 83.0, 76.0, 58.0, 63.0, 56.0, 62.0, 67.0, 63.0, 58.0, 53.0, 53.0, 56.0, 50.0, 42.0, 39.0, 37.0, 32.0, 31.0, 27.0]"
21-16,Malabar,east,70,2011-01-23,0,7.0,1,2011,"[12.6, 11.1, 10.8, 10.0, 8.2, 7.6, 7.3, 7.4, 6.3, 5.6, 6.6, 7.7, 9.5, 11.1, 12.3, 13.4, 13.7, 14.7, 16.7, 18.9, 20.4, 20.6, 21.9, 22.7, 22.4, 20.7, 16.7, 15.9, 14.7, 12.8]","[59.0, 61.0, 64.0, 49.0, 29.0, 5.0, 349.0, 331.0, 301.0, 315.0, 331.0, 349.0, 11.0, 13.0, 7.0, 5.0, 14.0, 28.0, 37.0, 42.0, 44.0, 44.0, 48.0, 47.0, 44.0, 40.0, 33.0, 25.0, 17.0, 10.0]"
21-16,Malabar,east,70,2023-06-10,0,7.0,6,2023,"[9.0, 9.4, 11.8, 11.9, 11.2, 11.2, 11.5, 11.5, 11.3, 10.5, 9.7, 9.0, 9.0, 8.6, 10.8, 8.3, 7.9, 7.7, 7.1, 5.9, 4.6, 2.4, 2.2, 5.8, 8.0, 5.5, 1.5, 5.8, 7.1, 9.2]","[268.0, 266.0, 258.0, 267.0, 272.0, 272.0, 272.0, 266.0, 263.0, 266.0, 270.0, 272.0, 272.0, 272.0, 274.0, 275.0, 267.0, 259.0, 246.0, 232.0, 225.0, 207.0, 90.0, 68.0, 63.0, 67.0, 225.0, 248.0, 246.0, 239.0]"
21-16,Malabar,east,70,2017-09-22,0,7.0,9,2017,"[12.2, 10.7, 7.2, 5.2, 3.9, 5.0, 7.1, 6.4, 6.6, 6.8, 6.6, 6.6, 6.6, 7.4, 6.0, 4.8, 4.7, 5.8, 7.3, 7.8, 8.1, 9.0, 10.8, 13.2, 14.8, 14.6, 9.5, 6.2, 9.0, 7.7]","[47.0, 40.0, 6.0, 335.0, 326.0, 330.0, 319.0, 308.0, 299.0, 288.0, 283.0, 279.0, 283.0, 299.0, 295.0, 312.0, 337.0, 360.0, 9.0, 13.0, 21.0, 37.0, 53.0, 55.0, 51.0, 40.0, 29.0, 7.0, 337.0, 311.0]"
21-17,Malabar,east,70,2024-02-10,1,13.0,2,2024,"[19.6, 18.8, 15.6, 17.3, 18.1, 18.5, 20.0, 20.6, 20.5, 20.5, 21.6, 22.0, 22.0, 23.8, 20.5, 22.6, 22.5, 23.0, 23.0, 22.7, 22.0, 21.0, 20.5, 19.4, 16.8, 15.3, 14.5, 14.0, 13.1, 12.4]","[173.0, 176.0, 187.0, 185.0, 186.0, 188.0, 187.0, 185.0, 182.0, 180.0, 179.0, 181.0, 181.0, 177.0, 179.0, 166.0, 158.0, 151.0, 148.0, 147.0, 145.0, 142.0, 141.0, 137.0, 135.0, 135.0, 134.0, 136.0, 143.0, 150.0]"
21-17,Malabar,east,70,2014-07-14,0,13.0,7,2014,"[9.0, 9.2, 7.7, 7.4, 7.7, 8.0, 9.4, 10.0, 9.2, 9.0, 10.1, 11.5, 12.0, 12.0, 12.0, 9.8, 7.8, 7.1, 8.7, 10.6, 12.3, 12.4, 10.6, 8.1, 6.8, 6.0, 3.4, 3.3, 1.6, 1.8]","[209.0, 206.0, 233.0, 241.0, 233.0, 207.0, 203.0, 206.0, 219.0, 233.0, 243.0, 250.0, 254.0, 254.0, 261.0, 253.0, 236.0, 210.0, 175.0, 162.0, 159.0, 158.0, 156.0, 159.0, 162.0, 163.0, 162.0, 186.0, 243.0, 270.0]"
21-17,Malabar,east,70,2016-02-10,0,13.0,2,2016,"[11.4, 8.0, 5.2, 5.9, 2.8, 1.0, 2.2, 4.7, 4.3, 4.7, 4.7, 5.1, 4.0, 4.3, 6.4, 10.0, 10.2, 9.4, 9.8, 13.0, 15.5, 17.8, 18.6, 17.8, 16.3, 14.5, 14.3, 13.0, 11.8, 9.7]","[118.0, 117.0, 106.0, 104.0, 130.0, 225.0, 270.0, 270.0, 265.0, 266.0, 266.0, 266.0, 275.0, 294.0, 322.0, 339.0, 352.0, 7.0, 28.0, 42.0, 48.0, 47.0, 47.0, 48.0, 49.0, 48.0, 45.0, 42.0, 40.0, 39.0]"
21-17,Malabar,east,70,2026-06-25,0,13.0,6,2026,"[13.7, 15.5, 12.6, 13.2, 14.5, 15.4, 15.7, 15.5, 14.8, 15.0, 15.7, 15.9, 15.4, 14.7, 11.3, 10.3, 9.7, 9.1, 7.7, 7.6, 8.0, 9.1, 9.5, 9.4, 9.4, 9.5, 7.0, 7.0, 6.6, 6.1]","[178.0, 177.0, 178.0, 184.0, 186.0, 185.0, 189.0, 192.0, 196.0, 200.0, 200.0, 200.0, 199.0, 197.0, 202.0, 196.0, 184.0, 171.0, 171.0, 176.0, 170.0, 155.0, 153.0, 156.0, 156.0, 159.0, 179.0, 181.0, 189.0, 194.0]"
21-18,Malabar,east,70,2024-03-26,1,18.0,3,2024,"[10.0, 8.5, 5.8, 4.9, 2.3, 4.2, 6.0, 8.0, 9.4, 9.4, 8.6, 8.0, 7.8, 8.4, 5.0, 4.6, 3.0, 2.1, 3.0, 5.1, 6.8, 9.5, 12.2, 13.0, 11.3, 10.3, 7.3, 6.9, 7.9, 9.0]","[64.0, 62.0, 83.0, 107.0, 162.0, 200.0, 197.0, 188.0, 180.0, 178.0, 182.0, 190.0, 202.0, 211.0, 240.0, 225.0, 194.0, 149.0, 104.0, 86.0, 90.0, 101.0, 109.0, 118.0, 127.0, 144.0, 160.0, 174.0, 177.0, 182.0]"
21-18,Malabar,east,70,2015-12-06,0,18.0,12,2015,"[15.1, 11.8, 10.4, 10.0, 8.2, 6.6, 6.8, 6.4, 5.9, 3.7, 4.0, 4.0, 4.0, 4.0, 4.6, 6.2, 7.1, 9.2, 10.8, 12.2, 14.1, 16.1, 16.9, 16.2, 14.6, 11.4, 11.4, 10.5, 6.4, 3.6]","[57.0, 52.0, 46.0, 38.0, 29.0, 22.0, 18.0, 16.0, 14.0, 11.0, 10.0, 10.0, 350.0, 355.0, 39.0, 54.0, 66.0, 69.0, 69.0, 71.0, 71.0, 74.0, 78.0, 78.0, 80.0, 103.0, 125.0, 128.0, 117.0, 84.0]"
21-18,Malabar,east,70,2012-09-01,0,18.0,9,2012,"[15.6, 14.8, 12.2, 12.8, 13.1, 12.7, 12.6, 12.7, 13.4, 13.7, 13.2, 13.0, 13.4, 14.2, 12.9, 15.7, 18.4, 17.7, 20.9, 22.3, 23.9, 26.1, 25.2, 22.8, 20.7, 19.1, 15.8, 14.6, 14.0, 14.2]","[230.0, 219.0, 225.0, 230.0, 233.0, 235.0, 239.0, 241.0, 243.0, 243.0, 244.0, 246.0, 246.0, 246.0, 240.0, 233.0, 211.0, 200.0, 195.0, 194.0, 191.0, 186.0, 183.0, 185.0, 188.0, 191.0, 210.0, 213.0, 215.0, 216.0]"
21-18,Malabar,east,70,2025-05-16,0,18.0,5,2025,"[7.2, 6.1, 5.7, 7.2, 5.5, 6.2, 6.6, 7.1, 6.8, 7.0, 7.1, 8.7, 9.4, 10.7, 7.4, 9.0, 12.5, 12.8, 11.2, 10.9, 11.4, 11.2, 9.3, 7.3, 7.1, 6.2, 5.6, 6.3, 6.4, 5.8]","[155.0, 178.0, 212.0, 193.0, 197.0, 192.0, 191.0, 187.0, 191.0, 192.0, 199.0, 201.0, 206.0, 211.0, 244.0, 223.0, 216.0, 215.0, 218.0, 213.0, 196.0, 186.0, 193.0, 191.0, 207.0, 221.0, 248.0, 267.0, 248.0, 265.0]"
21-19,Malabar,east,70,2024-07-05,1,13.0,7,2024,"[12.6, 12.6, 5.8, 7.2, 8.3, 8.8, 10.5, 11.1, 11.6, 11.7, 12.6, 12.7, 13.1, 13.3, 9.6, 11.1, 13.2, 16.7, 18.3, 19.1, 18.6, 17.0, 15.3, 14.4, 13.6, 12.9, 10.0, 10.5, 12.0, 12.9]","[183.0, 178.0, 194.0, 179.0, 175.0, 182.0, 184.0, 187.0, 187.0, 185.0, 179.0, 172.0, 165.0, 164.0, 177.0, 173.0, 169.0, 162.0, 158.0, 159.0, 160.0, 162.0, 167.0, 172.0, 175.0, 172.0, 193.0, 197.0, 197.0, 198.0]"
21-19,Malabar,east,70,2019-03-19,0,13.0,3,2019,"[6.4, 5.8, 4.1, 5.1, 6.5, 7.9, 6.8, 5.5, 6.2, 6.5, 7.2, 7.2, 6.9, 8.0, 10.1, 12.0, 13.1, 14.5, 15.0, 14.6, 13.2, 13.2, 12.3, 11.2, 7.6, 6.8, 5.5, 4.7, 3.9, 4.4]","[153.0, 173.0, 195.0, 184.0, 183.0, 180.0, 183.0, 191.0, 187.0, 183.0, 180.0, 174.0, 171.0, 172.0, 180.0, 164.0, 164.0, 166.0, 163.0, 160.0, 158.0, 154.0, 148.0, 147.0, 172.0, 183.0, 203.0, 176.0, 158.0, 189.0]"
21-19,Malabar,east,70,2015-08-14,0,13.0,8,2015,"[17.0, 16.3, 15.0, 14.9, 14.8, 14.2, 13.7, 13.2, 12.2, 11.6, 11.2, 10.8, 10.8, 9.6, 8.6, 6.5, 8.3, 8.0, 6.4, 4.2, 2.9, 4.1, 6.0, 7.6, 6.8, 7.2, 4.6, 6.6, 7.4, 7.1]","[253.0, 252.0, 253.0, 250.0, 247.0, 246.0, 247.0, 248.0, 251.0, 254.0, 255.0, 255.0, 255.0, 257.0, 270.0, 270.0, 265.0, 262.0, 254.0, 239.0, 187.0, 135.0, 107.0, 95.0, 90.0, 93.0, 225.0, 225.0, 227.0, 229.0]"
21-19,Malabar,east,70,2012-11-06,0,13.0,11,2012,"[17.5, 15.0, 6.5, 7.1, 6.9, 8.4, 9.2, 8.4, 7.4, 5.7, 5.0, 4.7, 6.9, 7.9, 4.8, 7.1, 10.2, 13.0, 16.1, 19.9, 22.9, 23.7, 22.0, 18.6, 14.0, 10.2, 8.8, 8.4, 7.6, 3.9]","[37.0, 27.0, 3.0, 15.0, 28.0, 40.0, 45.0, 47.0, 39.0, 35.0, 30.0, 32.0, 39.0, 43.0, 48.0, 49.0, 48.0, 51.0, 51.0, 55.0, 57.0, 57.0, 55.0, 47.0, 42.0, 42.0, 71.0, 80.0, 71.0, 68.0]"
21-20,Malabar,east,70,2024-07-06,1,9.0,7,2024,"[13.6, 12.9, 10.0, 10.5, 12.0, 12.9, 14.1, 14.3, 14.4, 13.9, 12.8, 12.1, 12.2, 11.9, 7.1, 8.7, 9.9, 12.3, 15.0, 15.1, 15.0, 14.5, 11.8, 10.9, 11.5, 11.0, 7.2, 7.5, 8.0, 8.4]","[175.0, 172.0, 193.0, 197.0, 197.0, 198.0, 199.0, 198.0, 192.0, 183.0, 177.0, 175.0, 172.0, 170.0, 189.0, 188.0, 185.0, 177.0, 167.0, 165.0, 163.0, 163.0, 168.0, 172.0, 176.0, 178.0, 215.0, 224.0, 224.0, 222.0]"
21-20,Malabar,east,70,2018-10-07,0,9.0,10,2018,"[19.1, 19.2, 15.9, 17.0, 17.4, 16.8, 17.4, 18.2, 18.6, 18.3, 18.6, 19.9, 20.6, 19.6, 22.1, 22.6, 21.4, 21.1, 22.2, 23.0, 23.9, 24.3, 24.1, 23.9, 23.5, 23.1, 24.1, 24.7, 22.1, 19.3]","[181.0, 185.0, 193.0, 197.0, 198.0, 203.0, 210.0, 218.0, 223.0, 225.0, 223.0, 224.0, 224.0, 221.0, 214.0, 209.0, 205.0, 197.0, 193.0, 197.0, 203.0, 212.0, 219.0, 217.0, 216.0, 214.0, 212.0, 211.0, 210.0, 207.0]"
21-20,Malabar,east,70,2019-12-11,0,9.0,12,2019,"[25.9, 24.6, 23.8, 24.2, 23.5, 23.1, 22.3, 22.0, 20.9, 19.8, 17.6, 15.2, 14.8, 14.1, 13.7, 13.7, 13.8, 12.6, 13.6, 15.4, 17.2, 19.9, 20.5, 18.7, 16.6, 15.0, 10.5, 11.0, 12.9, 12.6]","[171.0, 175.0, 179.0, 177.0, 175.0, 178.0, 183.0, 183.0, 180.0, 179.0, 181.0, 185.0, 184.0, 183.0, 185.0, 177.0, 173.0, 160.0, 148.0, 147.0, 143.0, 139.0, 141.0, 140.0, 146.0, 150.0, 149.0, 157.0, 167.0, 180.0]"
21-20,Malabar,east,70,2007-05-09,0,9.0,5,2007,"[9.2, 8.4, 5.5, 6.8, 4.9, 4.2, 5.4, 5.7, 6.3, 7.6, 8.3, 8.8, 8.5, 8.7, 11.4, 11.9, 11.2, 9.7, 10.5, 11.3, 12.2, 12.2, 13.5, 17.1, 18.6, 19.6, 18.8, 19.0, 18.9, 18.7]","[42.0, 31.0, 23.0, 357.0, 324.0, 250.0, 217.0, 215.0, 211.0, 205.0, 198.0, 192.0, 192.0, 197.0, 198.0, 182.0, 180.0, 180.0, 174.0, 163.0, 161.0, 161.0, 171.0, 172.0, 171.0, 167.0, 173.0, 170.0, 167.0, 164.0]"
21-21,Malabar,east,70,2024-10-10,1,13.0,10,2024,"[3.9, 4.5, 2.5, 3.3, 4.0, 4.3, 4.3, 4.3, 5.8, 5.7, 5.5, 4.7, 3.8, 4.4, 5.8, 12.0, 12.6, 11.9, 11.4, 13.5, 14.1, 14.5, 16.4, 17.0, 15.3, 12.4, 5.2, 4.1, 5.3, 7.8]","[103.0, 95.0, 98.0, 84.0, 93.0, 95.0, 73.0, 45.0, 14.0, 347.0, 314.0, 286.0, 278.0, 308.0, 306.0, 344.0, 351.0, 350.0, 13.0, 25.0, 34.0, 46.0, 55.0, 57.0, 51.0, 47.0, 61.0, 139.0, 168.0, 176.0]"
21-21,Malabar,east,70,2019-09-09,0,13.0,9,2019,"[21.2, 22.0, 21.5, 19.6, 15.5, 11.6, 10.8, 11.9, 15.9, 22.0, 24.7, 25.3, 24.9, 25.8, 22.8, 24.7, 24.3, 24.0, 23.7, 22.4, 23.3, 22.4, 24.1, 23.0, 20.8, 22.1, 17.9, 17.9, 18.3, 18.4]","[260.0, 259.0, 260.0, 264.0, 265.0, 265.0, 266.0, 268.0, 264.0, 255.0, 247.0, 246.0, 250.0, 251.0, 249.0, 247.0, 238.0, 229.0, 224.0, 217.0, 207.0, 206.0, 212.0, 212.0, 208.0, 204.0, 208.0, 205.0, 212.0, 215.0]"
21-21,Malabar,east,70,2022-08-19,0,13.0,8,2022,"[8.3, 8.8, 8.0, 7.6, 6.7, 7.0, 7.2, 6.9, 7.2, 7.0, 7.9, 9.4, 10.0, 11.0, 10.9, 8.3, 6.8, 7.9, 8.2, 5.9, 6.0, 12.5, 10.1, 14.2, 16.2, 13.1, 7.1, 7.3, 7.8, 10.4]","[27.0, 5.0, 340.0, 329.0, 322.0, 316.0, 325.0, 323.0, 323.0, 334.0, 347.0, 347.0, 347.0, 342.0, 321.0, 319.0, 325.0, 315.0, 278.0, 220.0, 231.0, 252.0, 239.0, 221.0, 212.0, 212.0, 225.0, 240.0, 265.0, 269.0]"
21-21,Malabar,east,70,2008-03-23,0,13.0,3,2008,"[12.7, 11.3, 11.0, 9.7, 8.2, 7.7, 6.6, 6.2, 5.8, 5.5, 5.4, 5.1, 5.1, 4.9, 3.8, 6.4, 9.9, 9.0, 8.9, 9.0, 8.9, 9.0, 9.2, 8.7, 7.1, 7.5, 5.4, 4.8, 4.3, 3.7]","[115.0, 117.0, 122.0, 121.0, 128.0, 131.0, 139.0, 144.0, 150.0, 157.0, 160.0, 172.0, 176.0, 163.0, 163.0, 137.0, 109.0, 106.0, 104.0, 106.0, 111.0, 119.0, 121.0, 114.0, 114.0, 125.0, 132.0, 138.0, 138.0, 151.0]"
21-22,Malabar,east,70,2024-10-17,1,13.0,10,2024,"[6.5, 8.9, 7.3, 6.5, 5.6, 5.4, 6.0, 5.5, 4.1, 3.2, 3.3, 4.5, 2.7, 3.4, 3.2, 6.3, 8.7, 10.6, 11.6, 11.3, 14.7, 15.2, 15.2, 15.2, 14.3, 13.7, 10.1, 12.1, 12.1, 13.9]","[30.0, 43.0, 23.0, 13.0, 354.0, 334.0, 333.0, 343.0, 337.0, 322.0, 319.0, 313.0, 318.0, 354.0, 341.0, 20.0, 30.0, 34.0, 39.0, 42.0, 50.0, 48.0, 55.0, 60.0, 63.0, 55.0, 43.0, 37.0, 28.0, 24.0]"
21-22,Malabar,east,70,2023-02-24,0,13.0,2,2023,"[12.1, 9.9, 7.7, 6.9, 5.8, 5.6, 5.7, 3.4, 1.5, 1.8, 3.4, 4.3, 4.3, 2.6, 2.6, 1.1, 7.1, 10.7, 11.6, 12.0, 12.5, 13.8, 13.9, 13.0, 11.0, 9.0, 7.7, 7.7, 7.4, 7.0]","[120.0, 123.0, 127.0, 118.0, 112.0, 105.0, 108.0, 108.0, 104.0, 217.0, 238.0, 228.0, 228.0, 236.0, 254.0, 108.0, 75.0, 70.0, 68.0, 69.0, 72.0, 70.0, 69.0, 71.0, 71.0, 67.0, 53.0, 41.0, 29.0, 21.0]"
21-22,Malabar,east,70,2010-08-30,0,13.0,8,2010,"[9.1, 7.1, 6.3, 5.1, 5.2, 5.2, 5.3, 5.9, 6.2, 5.3, 5.4, 4.3, 4.1, 2.6, 3.6, 1.6, 1.8, 1.1, 0.8, 2.5, 8.0, 12.6, 13.4, 12.1, 8.9, 5.7, 3.7, 3.1, 3.1, 1.8]","[124.0, 135.0, 156.0, 184.0, 192.0, 196.0, 208.0, 218.0, 216.0, 208.0, 200.0, 204.0, 218.0, 236.0, 225.0, 207.0, 79.0, 18.0, 63.0, 98.0, 95.0, 95.0, 98.0, 107.0, 117.0, 125.0, 119.0, 126.0, 135.0, 217.0]"
21-22,Malabar,east,70,2020-01-17,0,13.0,1,2020,"[6.9, 10.2, 8.0, 9.2, 9.5, 10.4, 11.0, 14.6, 17.3, 18.7, 19.1, 18.4, 19.4, 19.1, 21.3, 20.0, 22.1, 23.1, 21.4, 19.1, 19.1, 20.5, 20.9, 21.3, 22.0, 21.0, 16.4, 14.5, 13.0, 13.1]","[186.0, 198.0, 198.0, 211.0, 209.0, 200.0, 203.0, 190.0, 184.0, 182.0, 181.0, 186.0, 191.0, 196.0, 191.0, 198.0, 199.0, 195.0, 188.0, 184.0, 183.0, 183.0, 183.0, 183.0, 185.0, 187.0, 189.0, 186.0, 182.0, 171.0]"
21-23,Malabar,east,70,2024-10-26,1,18.0,10,2024,"[20.5, 19.7, 17.4, 15.5, 15.7, 15.9, 17.0, 18.2, 18.1, 16.9, 15.6, 13.7, 13.1, 14.2, 11.6, 10.5, 8.8, 8.4, 9.0, 11.4, 12.9, 15.3, 16.2, 15.7, 13.0, 9.4, 4.0, 3.1, 3.6, 4.5]","[162.0, 168.0, 169.0, 178.0, 186.0, 189.0, 189.0, 189.0, 189.0, 191.0, 195.0, 201.0, 209.0, 206.0, 199.0, 192.0, 182.0, 170.0, 167.0, 143.0, 134.0, 126.0, 127.0, 131.0, 129.0, 120.0, 117.0, 24.0, 340.0, 299.0]"
21-23,Malabar,east,70,2010-09-25,0,18.0,9,2010,"[12.4, 8.7, 4.8, 4.0, 5.6, 5.6, 5.8, 6.5, 7.6, 7.4, 6.9, 6.8, 6.2, 7.3, 7.3, 7.6, 9.2, 10.3, 10.4, 9.8, 8.2, 5.5, 1.8, 3.4, 6.2, 6.5, 7.9, 8.0, 7.8, 8.8]","[60.0, 60.0, 77.0, 180.0, 207.0, 230.0, 240.0, 251.0, 265.0, 284.0, 298.0, 302.0, 306.0, 303.0, 290.0, 289.0, 291.0, 295.0, 284.0, 264.0, 247.0, 238.0, 259.0, 18.0, 7.0, 326.0, 267.0, 262.0, 257.0, 258.0]"
21-23,Malabar,east,70,2011-12-08,0,18.0,12,2011,"[9.4, 7.7, 6.8, 6.1, 7.3, 6.8, 6.5, 6.4, 8.2, 6.8, 5.9, 5.4, 5.1, 5.2, 5.4, 7.6, 9.8, 10.2, 9.8, 7.0, 3.7, 4.7, 5.9, 6.4, 5.6, 5.0, 3.5, 3.6, 3.1, 3.3]","[130.0, 127.0, 93.0, 87.0, 79.0, 72.0, 71.0, 74.0, 67.0, 72.0, 79.0, 90.0, 98.0, 115.0, 90.0, 82.0, 73.0, 67.0, 62.0, 55.0, 79.0, 122.0, 142.0, 142.0, 135.0, 120.0, 156.0, 186.0, 201.0, 193.0]"
21-23,Malabar,east,70,2020-10-30,0,18.0,10,2020,"[5.4, 6.1, 3.4, 4.0, 3.6, 3.5, 3.9, 3.7, 3.9, 4.4, 4.8, 5.9, 5.9, 4.8, 3.5, 5.4, 6.6, 8.0, 9.5, 11.2, 12.6, 14.1, 16.1, 11.9, 7.6, 5.7, 6.4, 6.5, 5.1, 5.2]","[184.0, 183.0, 252.0, 270.0, 270.0, 246.0, 214.0, 209.0, 214.0, 235.0, 228.0, 223.0, 223.0, 222.0, 204.0, 160.0, 139.0, 126.0, 115.0, 94.0, 103.0, 130.0, 132.0, 119.0, 109.0, 108.0, 106.0, 87.0, 98.0, 124.0]"
21-24,Malabar,east,70,2024-11-01,1,13.0,11,2024,"[14.3, 13.4, 7.6, 10.1, 11.9, 11.5, 12.1, 14.0, 13.4, 11.7, 9.8, 7.6, 8.4, 9.9, 9.2, 7.8, 7.2, 8.0, 9.8, 11.8, 15.1, 17.7, 18.4, 17.7, 16.6, 17.6, 14.9, 17.1, 17.5, 17.2]","[152.0, 148.0, 153.0, 156.0, 157.0, 166.0, 170.0, 171.0, 166.0, 162.0, 157.0, 161.0, 164.0, 158.0, 141.0, 134.0, 125.0, 121.0, 116.0, 115.0, 118.0, 120.0, 123.0, 123.0, 129.0, 137.0, 148.0, 154.0, 158.0, 160.0]"
21-24,Malabar,east,70,2007-10-28,0,13.0,10,2007,"[9.7, 7.9, 6.4, 5.6, 5.6, 5.4, 4.6, 2.9, 2.0, 1.6, 2.9, 3.8, 4.2, 4.9, 5.4, 7.6, 10.4, 12.8, 13.9, 13.3, 12.9, 11.2, 13.7, 15.6, 15.7, 17.4, 13.7, 15.8, 17.7, 19.6]","[75.0, 60.0, 47.0, 45.0, 40.0, 42.0, 51.0, 30.0, 45.0, 27.0, 360.0, 17.0, 20.0, 17.0, 356.0, 8.0, 2.0, 10.0, 17.0, 2.0, 347.0, 356.0, 5.0, 7.0, 11.0, 7.0, 14.0, 12.0, 17.0, 17.0]"
21-24,Malabar,east,70,2009-07-10,0,13.0,7,2009,"[7.9, 7.9, 7.4, 7.3, 6.6, 6.3, 6.5, 5.8, 4.7, 5.5, 6.6, 6.1, 5.8, 6.0, 5.3, 6.9, 8.4, 9.8, 10.1, 10.5, 11.4, 10.4, 7.7, 7.4, 6.9, 6.2, 6.7, 5.7, 4.4, 4.4]","[150.0, 141.0, 166.0, 160.0, 158.0, 167.0, 180.0, 184.0, 189.0, 191.0, 189.0, 183.0, 184.0, 197.0, 208.0, 208.0, 200.0, 188.0, 174.0, 158.0, 145.0, 136.0, 139.0, 151.0, 152.0, 170.0, 164.0, 145.0, 125.0, 125.0]"
21-24,Malabar,east,70,2011-05-19,0,13.0,5,2011,"[7.4, 7.3, 5.9, 5.0, 5.4, 6.3, 6.2, 5.9, 5.6, 3.7, 4.3, 4.7, 4.7, 5.1, 4.7, 2.9, 3.9, 6.1, 8.7, 11.5, 11.0, 9.7, 8.2, 8.9, 9.9, 10.2, 7.7, 7.6, 7.2, 6.9]","[67.0, 57.0, 43.0, 360.0, 318.0, 294.0, 291.0, 284.0, 285.0, 281.0, 275.0, 270.0, 266.0, 266.0, 266.0, 277.0, 304.0, 332.0, 355.0, 4.0, 11.0, 22.0, 41.0, 50.0, 44.0, 32.0, 11.0, 352.0, 333.0, 313.0]"
21-25,Malabar,east,70,2024-11-16,1,13.0,11,2024,"[12.2, 13.7, 11.1, 11.4, 11.1, 10.6, 10.8, 11.3, 10.0, 7.7, 6.2, 5.6, 7.7, 9.9, 13.7, 14.2, 15.5, 17.7, 20.2, 20.4, 22.0, 22.7, 22.8, 24.4, 22.4, 20.6, 17.1, 17.0, 16.0, 15.4]","[66.0, 63.0, 60.0, 59.0, 53.0, 48.0, 48.0, 46.0, 41.0, 41.0, 46.0, 59.0, 65.0, 58.0, 39.0, 41.0, 44.0, 48.0, 51.0, 52.0, 52.0, 52.0, 51.0, 49.0, 48.0, 46.0, 39.0, 36.0, 31.0, 29.0]"
21-25,Malabar,east,70,2009-11-24,0,13.0,11,2009,"[19.5, 16.8, 13.9, 12.5, 11.8, 10.6, 10.0, 10.2, 11.2, 11.5, 10.9, 11.1, 10.9, 12.0, 14.4, 13.3, 13.6, 13.7, 13.4, 11.8, 10.2, 7.9, 6.7, 7.0, 7.1, 7.4, 7.6, 6.2, 4.5, 3.1]","[152.0, 149.0, 149.0, 141.0, 130.0, 125.0, 128.0, 132.0, 138.0, 141.0, 146.0, 144.0, 146.0, 147.0, 143.0, 147.0, 148.0, 145.0, 144.0, 140.0, 138.0, 133.0, 126.0, 125.0, 120.0, 119.0, 121.0, 126.0, 119.0, 126.0]"
21-25,Malabar,east,70,2018-05-23,0,13.0,5,2018,"[16.4, 17.5, 14.0, 15.6, 15.1, 13.5, 11.0, 9.9, 9.4, 8.7, 8.3, 7.8, 7.6, 7.4, 8.0, 6.3, 6.1, 3.6, 1.5, 2.5, 4.4, 6.9, 9.2, 10.7, 11.2, 9.7, 7.1, 5.4, 6.3, 3.2]","[261.0, 256.0, 252.0, 247.0, 237.0, 224.0, 221.0, 224.0, 230.0, 232.0, 236.0, 236.0, 239.0, 241.0, 252.0, 246.0, 230.0, 180.0, 135.0, 45.0, 35.0, 39.0, 45.0, 50.0, 45.0, 39.0, 24.0, 8.0, 347.0, 297.0]"
21-25,Malabar,east,70,2007-09-07,0,13.0,9,2007,"[7.5, 6.4, 5.2, 4.9, 4.5, 4.3, 4.3, 5.1, 5.5, 5.8, 5.7, 4.7, 5.2, 7.3, 7.6, 10.6, 11.3, 11.4, 11.5, 12.4, 12.2, 12.2, 12.6, 11.6, 8.5, 7.7, 5.2, 3.9, 3.2, 3.3]","[125.0, 137.0, 155.0, 163.0, 166.0, 180.0, 185.0, 188.0, 203.0, 210.0, 198.0, 189.0, 196.0, 191.0, 185.0, 170.0, 171.0, 167.0, 160.0, 158.0, 156.0, 152.0, 149.0, 144.0, 144.0, 143.0, 146.0, 146.0, 153.0, 167.0]"
21-26,Malabar,east,70,2025-01-02,1,13.0,1,2025,"[19.2, 16.7, 8.4, 6.6, 12.0, 22.0, 27.6, 27.4, 27.3, 26.5, 25.0, 23.3, 24.1, 24.1, 22.7, 19.8, 19.6, 19.5, 18.1, 17.3, 17.4, 18.7, 19.2, 18.8, 17.8, 16.4, 13.3, 12.1, 11.4, 10.5]","[53.0, 53.0, 55.0, 127.0, 159.0, 172.0, 175.0, 176.0, 175.0, 173.0, 170.0, 169.0, 166.0, 163.0, 160.0, 156.0, 153.0, 154.0, 151.0, 146.0, 147.0, 150.0, 152.0, 151.0, 148.0, 148.0, 157.0, 162.0, 164.0, 168.0]"
21-26,Malabar,east,70,2009-07-06,0,13.0,7,2009,"[6.6, 4.2, 3.8, 7.9, 10.8, 12.3, 11.0, 9.3, 8.2, 7.8, 7.2, 7.2, 6.8, 6.3, 8.0, 7.2, 6.1, 5.2, 5.6, 6.3, 5.0, 3.1, 0.5, 2.5, 3.3, 2.9, 4.6, 6.9, 7.7, 9.4]","[131.0, 160.0, 253.0, 240.0, 240.0, 238.0, 238.0, 242.0, 247.0, 248.0, 252.0, 252.0, 252.0, 246.0, 262.0, 270.0, 273.0, 286.0, 315.0, 336.0, 339.0, 324.0, 45.0, 98.0, 131.0, 173.0, 225.0, 227.0, 233.0, 238.0]"
21-26,Malabar,east,70,2006-01-22,0,13.0,1,2006,"[15.8, 14.8, 12.2, 11.2, 11.5, 10.6, 9.2, 7.8, 6.5, 5.7, 6.0, 6.5, 7.9, 7.6, 6.6, 10.0, 12.5, 14.6, 16.5, 18.6, 20.4, 21.1, 21.6, 20.4, 16.6, 13.9, 12.1, 12.1, 12.1, 11.0]","[49.0, 45.0, 34.0, 33.0, 32.0, 28.0, 26.0, 22.0, 19.0, 18.0, 17.0, 6.0, 360.0, 360.0, 13.0, 26.0, 33.0, 40.0, 44.0, 46.0, 46.0, 46.0, 46.0, 45.0, 42.0, 37.0, 37.0, 30.0, 27.0, 19.0]"
21-26,Malabar,east,70,2015-03-01,0,13.0,3,2015,"[15.5, 14.3, 12.7, 12.7, 12.5, 11.7, 10.8, 9.7, 9.7, 9.4, 8.3, 7.6, 7.4, 8.2, 7.3, 8.8, 9.8, 11.1, 10.3, 13.8, 4.9, 23.9, 28.4, 31.1, 31.2, 29.7, 29.1, 28.4, 28.0, 27.7]","[48.0, 43.0, 35.0, 29.0, 18.0, 9.0, 2.0, 2.0, 4.0, 2.0, 360.0, 355.0, 346.0, 345.0, 340.0, 341.0, 332.0, 331.0, 331.0, 276.0, 197.0, 185.0, 180.0, 174.0, 173.0, 173.0, 171.0, 171.0, 168.0, 167.0]"
21-27,Malabar,east,70,2025-01-22,1,20.0,1,2025,"[12.3, 10.3, 9.2, 6.9, 7.1, 6.7, 5.1, 5.6, 6.0, 6.0, 5.4, 4.8, 5.3, 6.3, 5.9, 7.3, 9.3, 10.6, 7.8, 8.6, 30.9, 35.7, 33.4, 29.7, 26.2, 25.5, 20.5, 20.9, 22.0, 22.5]","[65.0, 65.0, 51.0, 53.0, 54.0, 46.0, 48.0, 50.0, 29.0, 5.0, 346.0, 335.0, 352.0, 358.0, 346.0, 340.0, 344.0, 360.0, 22.0, 151.0, 168.0, 168.0, 169.0, 169.0, 171.0, 174.0, 179.0, 182.0, 181.0, 180.0]"
21-27,Malabar,east,70,2016-02-10,0,20.0,2,2016,"[11.4, 8.0, 5.2, 5.9, 2.8, 1.0, 2.2, 4.7, 4.3, 4.7, 4.7, 5.1, 4.0, 4.3, 6.4, 10.0, 10.2, 9.4, 9.8, 13.0, 15.5, 17.8, 18.6, 17.8, 16.3, 14.5, 14.3, 13.0, 11.8, 9.7]","[118.0, 117.0, 106.0, 104.0, 130.0, 225.0, 270.0, 270.0, 265.0, 266.0, 266.0, 266.0, 275.0, 294.0, 322.0, 339.0, 352.0, 7.0, 28.0, 42.0, 48.0, 47.0, 47.0, 48.0, 49.0, 48.0, 45.0, 42.0, 40.0, 39.0]"
21-27,Malabar,east,70,2021-06-27,0,20.0,6,2021,"[14.7, 14.4, 13.3, 13.9, 13.2, 11.6, 10.8, 9.7, 9.5, 10.0, 11.0, 12.0, 12.6, 12.6, 9.4, 9.8, 9.8, 9.4, 8.9, 7.5, 6.0, 4.3, 3.4, 4.8, 2.7, 2.8, 7.2, 9.5, 11.2, 11.9]","[281.0, 283.0, 289.0, 287.0, 281.0, 277.0, 285.0, 297.0, 299.0, 296.0, 289.0, 279.0, 270.0, 268.0, 272.0, 278.0, 276.0, 268.0, 249.0, 235.0, 213.0, 180.0, 122.0, 103.0, 113.0, 220.0, 233.0, 233.0, 237.0, 241.0]"
21-27,Malabar,east,70,2019-05-01,0,20.0,5,2019,"[17.8, 18.1, 16.3, 15.3, 13.2, 10.9, 10.1, 10.0, 8.9, 7.5, 6.8, 5.9, 4.6, 4.7, 2.9, 3.1, 4.5, 5.2, 7.6, 9.0, 10.1, 10.5, 11.0, 13.0, 13.8, 15.1, 7.3, 6.6, 6.0, 6.9]","[42.0, 35.0, 31.0, 24.0, 17.0, 17.0, 27.0, 30.0, 27.0, 17.0, 3.0, 346.0, 342.0, 9.0, 330.0, 339.0, 331.0, 344.0, 8.0, 5.0, 6.0, 16.0, 38.0, 46.0, 43.0, 33.0, 351.0, 351.0, 17.0, 39.0]"
21-28,Malabar,east,70,2025-02-08,1,11.0,2,2025,"[20.5, 19.2, 16.2, 16.3, 14.3, 11.6, 9.3, 8.6, 8.0, 6.8, 6.2, 6.3, 6.6, 6.8, 3.4, 6.4, 7.5, 9.8, 9.5, 10.9, 12.3, 12.3, 12.2, 11.0, 6.9, 6.4, 3.8, 6.3, 7.9, 9.0]","[46.0, 42.0, 36.0, 33.0, 28.0, 28.0, 25.0, 26.0, 28.0, 32.0, 26.0, 24.0, 17.0, 12.0, 18.0, 32.0, 44.0, 52.0, 57.0, 71.0, 65.0, 69.0, 74.0, 67.0, 65.0, 74.0, 191.0, 207.0, 177.0, 145.0]"
21-28,Malabar,east,70,2016-07-18,0,11.0,7,2016,"[6.4, 6.9, 6.8, 7.1, 6.9, 7.7, 7.4, 7.1, 6.8, 5.2, 5.2, 5.1, 4.3, 5.9, 6.5, 6.2, 4.6, 7.9, 8.7, 10.5, 11.2, 8.5, 8.4, 9.0, 9.8, 9.8, 7.4, 7.0, 6.8, 6.1]","[38.0, 28.0, 357.0, 345.0, 321.0, 311.0, 313.0, 330.0, 335.0, 326.0, 326.0, 309.0, 294.0, 308.0, 304.0, 291.0, 321.0, 330.0, 336.0, 338.0, 339.0, 332.0, 313.0, 299.0, 298.0, 306.0, 313.0, 305.0, 302.0, 315.0]"
21-28,Malabar,east,70,2012-07-13,0,11.0,7,2012,"[10.4, 11.5, 10.3, 10.1, 9.2, 8.1, 6.1, 6.9, 7.0, 6.4, 5.7, 6.1, 6.9, 8.9, 7.6, 10.5, 9.6, 11.4, 14.1, 14.5, 14.0, 13.1, 13.4, 15.8, 15.2, 13.9, 9.3, 7.1, 6.5, 6.2]","[360.0, 358.0, 348.0, 343.0, 339.0, 339.0, 357.0, 354.0, 339.0, 333.0, 325.0, 320.0, 332.0, 333.0, 355.0, 333.0, 340.0, 347.0, 345.0, 346.0, 348.0, 352.0, 8.0, 359.0, 346.0, 335.0, 306.0, 285.0, 273.0, 277.0]"
21-28,Malabar,east,70,2006-09-25,0,11.0,9,2006,"[24.0, 24.1, 17.7, 14.4, 13.4, 12.6, 12.3, 13.0, 13.7, 15.8, 16.9, 16.0, 14.9, 15.8, 16.6, 14.8, 11.9, 10.6, 11.2, 12.0, 10.8, 12.9, 15.2, 17.2, 14.9, 11.6, 7.6, 7.3, 6.2, 5.8]","[244.0, 248.0, 258.0, 266.0, 256.0, 233.0, 212.0, 208.0, 210.0, 215.0, 220.0, 224.0, 238.0, 249.0, 246.0, 227.0, 194.0, 162.0, 140.0, 129.0, 120.0, 113.0, 104.0, 100.0, 98.0, 97.0, 98.0, 101.0, 97.0, 83.0]"
21-29,Malabar,east,70,2025-12-27,1,15.0,12,2025,"[17.8, 16.9, 13.3, 12.3, 11.1, 9.2, 8.5, 7.5, 7.0, 6.9, 7.3, 8.3, 9.9, 11.9, 11.4, 12.6, 12.9, 11.7, 12.4, 13.4, 13.8, 18.7, 20.7, 19.4, 16.1, 13.4, 12.5, 12.8, 15.5, 17.5]","[160.0, 159.0, 157.0, 153.0, 160.0, 174.0, 182.0, 190.0, 198.0, 208.0, 216.0, 219.0, 215.0, 198.0, 187.0, 176.0, 174.0, 165.0, 152.0, 139.0, 137.0, 125.0, 131.0, 137.0, 141.0, 154.0, 175.0, 185.0, 188.0, 190.0]"
21-29,Malabar,east,70,2011-03-12,0,15.0,3,2011,"[7.1, 1.6, 3.9, 6.5, 5.8, 6.2, 5.4, 4.5, 3.6, 2.9, 3.6, 3.9, 5.1, 2.7, 3.2, 1.1, 3.6, 5.1, 5.5, 8.7, 14.2, 13.1, 10.8, 13.3, 13.3, 12.0, 9.2, 8.7, 9.2, 8.8]","[105.0, 153.0, 202.0, 199.0, 202.0, 201.0, 200.0, 209.0, 217.0, 210.0, 233.0, 236.0, 225.0, 203.0, 207.0, 198.0, 360.0, 8.0, 32.0, 60.0, 66.0, 58.0, 60.0, 57.0, 49.0, 41.0, 39.0, 42.0, 42.0, 35.0]"
21-29,Malabar,east,70,2012-06-18,0,15.0,6,2012,"[18.7, 19.2, 19.6, 21.0, 20.3, 18.6, 18.2, 17.4, 16.3, 15.3, 15.3, 15.3, 15.3, 15.5, 14.7, 14.1, 13.4, 12.9, 11.9, 10.6, 9.4, 8.0, 6.5, 9.4, 10.5, 10.4, 10.2, 10.5, 11.5, 11.9]","[268.0, 265.0, 264.0, 263.0, 263.0, 260.0, 261.0, 264.0, 265.0, 261.0, 255.0, 251.0, 251.0, 252.0, 253.0, 251.0, 246.0, 243.0, 241.0, 242.0, 247.0, 252.0, 251.0, 247.0, 248.0, 250.0, 260.0, 264.0, 268.0, 270.0]"
21-29,Malabar,east,70,2021-11-19,0,15.0,11,2021,"[18.3, 14.6, 7.4, 11.5, 12.4, 13.0, 11.2, 9.7, 11.2, 9.9, 9.0, 8.4, 11.2, 10.8, 4.8, 1.3, 1.9, 7.6, 12.6, 13.2, 10.0, 5.8, 11.5, 17.7, 21.1, 24.8, 13.0, 6.8, 7.6, 9.0]","[43.0, 33.0, 39.0, 32.0, 8.0, 360.0, 345.0, 333.0, 339.0, 341.0, 344.0, 329.0, 318.0, 307.0, 297.0, 326.0, 338.0, 19.0, 13.0, 11.0, 26.0, 83.0, 139.0, 153.0, 157.0, 161.0, 152.0, 155.0, 155.0, 151.0]"
21-30,Malabar,east,70,2025-12-28,1,17.0,12,2025,"[16.1, 13.4, 12.5, 12.8, 15.5, 17.5, 18.4, 16.9, 16.9, 18.0, 18.2, 18.4, 18.7, 20.1, 19.0, 19.6, 20.6, 21.9, 21.8, 21.9, 21.7, 20.5, 18.7, 17.7, 16.8, 14.0, 9.8, 9.3, 8.6, 7.4]","[141.0, 154.0, 175.0, 185.0, 188.0, 190.0, 189.0, 192.0, 195.0, 194.0, 196.0, 198.0, 200.0, 193.0, 189.0, 181.0, 174.0, 171.0, 169.0, 164.0, 160.0, 156.0, 156.0, 156.0, 152.0, 148.0, 152.0, 151.0, 157.0, 162.0]"
21-30,Malabar,east,70,2012-05-05,0,17.0,5,2012,"[8.2, 9.3, 8.7, 9.5, 10.9, 11.8, 13.0, 13.2, 13.6, 13.6, 14.0, 14.0, 13.5, 13.0, 11.7, 13.0, 14.2, 15.9, 17.2, 18.4, 19.4, 18.5, 15.9, 13.0, 12.6, 11.6, 8.7, 9.0, 9.6, 9.8]","[151.0, 167.0, 197.0, 217.0, 226.0, 232.0, 236.0, 241.0, 238.0, 230.0, 226.0, 226.0, 222.0, 219.0, 223.0, 219.0, 210.0, 193.0, 191.0, 192.0, 190.0, 187.0, 184.0, 182.0, 185.0, 202.0, 222.0, 241.0, 250.0, 253.0]"
21-30,Malabar,east,70,2021-10-16,0,17.0,10,2021,"[18.4, 18.6, 11.7, 8.1, 11.6, 15.1, 16.3, 15.9, 14.6, 13.3, 13.7, 14.9, 16.1, 18.8, 17.0, 22.7, 27.0, 28.8, 29.9, 30.2, 29.2, 27.5, 25.0, 22.1, 18.4, 16.9, 10.6, 8.3, 6.7, 8.3]","[293.0, 292.0, 304.0, 315.0, 306.0, 295.0, 295.0, 298.0, 310.0, 322.0, 330.0, 323.0, 299.0, 290.0, 283.0, 273.0, 269.0, 271.0, 271.0, 269.0, 266.0, 264.0, 264.0, 264.0, 267.0, 269.0, 280.0, 288.0, 306.0, 304.0]"
21-30,Malabar,east,70,2025-05-11,0,17.0,5,2025,"[6.7, 6.4, 5.9, 5.1, 5.1, 4.8, 4.5, 4.5, 4.4, 4.7, 5.1, 5.3, 5.4, 4.8, 5.2, 5.3, 4.5, 1.7, 4.9, 6.7, 8.3, 9.1, 7.7, 5.2, 4.7, 5.0, 3.1, 2.5, 2.7, 3.2]","[95.0, 101.0, 102.0, 100.0, 84.0, 61.0, 37.0, 2.0, 300.0, 266.0, 253.0, 246.0, 240.0, 236.0, 241.0, 232.0, 220.0, 122.0, 88.0, 84.0, 79.0, 80.0, 81.0, 74.0, 72.0, 60.0, 156.0, 135.0, 110.0, 71.0]"
21-31,Malabar,east,70,2026-01-05,1,,1,2026,"[9.1, 4.7, 4.9, 8.7, 8.3, 7.2, 5.4, 8.2, 9.4, 7.6, 6.4, 5.2, 8.9, 10.4, 9.6, 11.6, 11.6, 12.5, 13.4, 15.3, 16.0, 14.7, 13.2, 11.3, 11.4, 13.8, 6.8, 0.4, 3.0, 3.6]","[117.0, 90.0, 2.0, 338.0, 297.0, 257.0, 217.0, 158.0, 140.0, 137.0, 153.0, 196.0, 218.0, 214.0, 200.0, 184.0, 164.0, 145.0, 130.0, 122.0, 121.0, 126.0, 112.0, 117.0, 141.0, 153.0, 158.0, 90.0, 322.0, 200.0]"
21-31,Malabar,east,70,2016-03-10,0,,3,2016,"[16.3, 15.9, 12.6, 10.3, 8.4, 6.3, 4.9, 4.6, 4.9, 4.4, 3.6, 4.3, 3.7, 1.8, 5.1, 9.8, 11.8, 13.7, 15.9, 17.5, 16.4, 14.8, 14.8, 14.0, 12.1, 9.2, 6.3, 4.8, 4.2, 4.3]","[45.0, 39.0, 31.0, 25.0, 20.0, 13.0, 17.0, 39.0, 36.0, 35.0, 45.0, 42.0, 61.0, 127.0, 184.0, 172.0, 157.0, 145.0, 142.0, 143.0, 147.0, 141.0, 131.0, 125.0, 117.0, 111.0, 114.0, 117.0, 121.0, 114.0]"
21-31,Malabar,east,70,2007-08-07,0,,8,2007,"[10.8, 13.4, 12.3, 10.6, 9.8, 9.5, 9.5, 9.3, 8.9, 8.8, 8.3, 7.6, 7.0, 6.4, 6.6, 5.6, 5.6, 7.4, 9.8, 11.2, 11.6, 11.4, 10.8, 11.7, 12.9, 12.9, 11.2, 9.4, 7.5, 6.3]","[255.0, 250.0, 255.0, 260.0, 262.0, 261.0, 259.0, 257.0, 256.0, 258.0, 265.0, 273.0, 282.0, 286.0, 283.0, 297.0, 310.0, 321.0, 336.0, 354.0, 5.0, 18.0, 37.0, 43.0, 36.0, 27.0, 15.0, 358.0, 343.0, 329.0]"
21-31,Malabar,east,70,2021-06-11,0,,6,2021,"[6.9, 8.0, 3.6, 4.0, 5.6, 6.6, 6.2, 5.3, 6.2, 5.8, 5.8, 7.6, 7.8, 7.1, 7.9, 8.0, 9.2, 11.5, 13.8, 13.7, 14.4, 15.9, 17.3, 15.1, 13.4, 12.1, 11.7, 11.6, 12.9, 12.9]","[261.0, 252.0, 217.0, 265.0, 285.0, 311.0, 306.0, 298.0, 277.0, 274.0, 277.0, 278.0, 283.0, 285.0, 294.0, 297.0, 291.0, 274.0, 261.0, 267.0, 271.0, 273.0, 269.0, 271.0, 278.0, 280.0, 281.0, 296.0, 300.0, 297.0]"
21-32,Malabar,east,70,2026-01-06,1,16.0,1,2026,"[11.4, 13.8, 6.8, 0.4, 3.0, 3.6, 7.3, 8.3, 8.8, 8.5, 7.9, 8.3, 9.3, 10.5, 5.2, 2.7, 1.3, 4.5, 7.0, 8.2, 12.4, 17.5, 18.8, 17.6, 15.0, 10.5, 6.1, 5.1, 5.6, 5.2]","[141.0, 153.0, 158.0, 90.0, 322.0, 200.0, 170.0, 164.0, 171.0, 185.0, 196.0, 196.0, 193.0, 188.0, 207.0, 188.0, 90.0, 56.0, 58.0, 67.0, 74.0, 76.0, 72.0, 67.0, 61.0, 53.0, 71.0, 73.0, 88.0, 94.0]"
21-32,Malabar,east,70,2011-03-28,0,16.0,3,2011,"[10.2, 9.9, 6.9, 7.2, 6.9, 6.1, 6.1, 5.1, 4.7, 4.5, 4.2, 4.3, 4.3, 6.0, 3.9, 5.5, 7.7, 8.9, 10.2, 11.3, 11.4, 11.3, 10.4, 10.1, 7.7, 7.2, 6.1, 5.4, 5.4, 5.5]","[162.0, 170.0, 174.0, 177.0, 174.0, 177.0, 180.0, 184.0, 189.0, 194.0, 200.0, 204.0, 204.0, 205.0, 202.0, 191.0, 143.0, 130.0, 122.0, 121.0, 118.0, 112.0, 110.0, 107.0, 101.0, 96.0, 93.0, 86.0, 70.0, 58.0]"
21-32,Malabar,east,70,2011-12-08,0,16.0,12,2011,"[9.4, 7.7, 6.8, 6.1, 7.3, 6.8, 6.5, 6.4, 8.2, 6.8, 5.9, 5.4, 5.1, 5.2, 5.4, 7.6, 9.8, 10.2, 9.8, 7.0, 3.7, 4.7, 5.9, 6.4, 5.6, 5.0, 3.5, 3.6, 3.1, 3.3]","[130.0, 127.0, 93.0, 87.0, 79.0, 72.0, 71.0, 74.0, 67.0, 72.0, 79.0, 90.0, 98.0, 115.0, 90.0, 82.0, 73.0, 67.0, 62.0, 55.0, 79.0, 122.0, 142.0, 142.0, 135.0, 120.0, 156.0, 186.0, 201.0, 193.0]"
21-32,Malabar,east,70,2023-09-17,0,16.0,9,2023,"[11.3, 11.8, 10.7, 11.8, 12.2, 10.9, 9.2, 9.0, 8.0, 7.6, 7.3, 7.6, 8.4, 10.7, 8.1, 8.6, 9.8, 11.3, 11.0, 11.2, 10.7, 9.4, 7.6, 4.3, 5.6, 8.7, 10.6, 8.3, 7.1, 3.1]","[301.0, 301.0, 327.0, 329.0, 326.0, 316.0, 301.0, 286.0, 280.0, 278.0, 279.0, 278.0, 280.0, 282.0, 283.0, 285.0, 287.0, 297.0, 293.0, 285.0, 282.0, 274.0, 273.0, 312.0, 310.0, 287.0, 242.0, 236.0, 240.0, 216.0]"
21-33,Malabar,east,70,2026-01-14,1,19.0,1,2026,"[17.3, 14.3, 11.4, 9.8, 7.6, 7.7, 6.4, 5.5, 5.5, 5.6, 5.9, 6.5, 8.0, 13.4, 14.3, 16.9, 17.7, 18.3, 21.2, 22.2, 22.1, 23.1, 22.7, 20.4, 18.0, 16.5, 15.0, 10.4, 6.5, 4.3]","[66.0, 61.0, 53.0, 50.0, 45.0, 49.0, 50.0, 54.0, 52.0, 50.0, 50.0, 46.0, 38.0, 40.0, 42.0, 40.0, 39.0, 47.0, 50.0, 51.0, 50.0, 53.0, 54.0, 60.0, 58.0, 56.0, 35.0, 20.0, 19.0, 17.0]"
21-33,Malabar,east,70,2023-10-15,0,19.0,10,2023,"[13.3, 14.0, 14.7, 12.7, 14.3, 15.8, 15.1, 13.0, 10.6, 8.2, 6.6, 6.2, 6.5, 4.9, 3.3, 2.8, 2.2, 1.8, 4.2, 7.3, 10.6, 12.1, 10.2, 10.7, 11.4, 11.8, 9.4, 7.9, 4.4, 3.1]","[270.0, 269.0, 259.0, 245.0, 227.0, 223.0, 230.0, 231.0, 235.0, 241.0, 248.0, 249.0, 251.0, 253.0, 264.0, 230.0, 180.0, 79.0, 59.0, 70.0, 80.0, 80.0, 80.0, 76.0, 72.0, 63.0, 58.0, 43.0, 35.0, 45.0]"
21-33,Malabar,east,70,2020-01-13,0,19.0,1,2020,"[17.3, 16.4, 8.0, 7.7, 7.5, 6.2, 5.4, 6.0, 5.8, 6.3, 6.4, 6.4, 5.5, 4.6, 4.6, 6.1, 9.9, 11.5, 13.0, 14.0, 13.7, 14.2, 14.9, 15.6, 16.2, 14.6, 11.9, 8.4, 6.4, 6.4]","[144.0, 147.0, 126.0, 127.0, 125.0, 126.0, 138.0, 147.0, 158.0, 167.0, 164.0, 164.0, 157.0, 141.0, 162.0, 130.0, 100.0, 94.0, 92.0, 90.0, 87.0, 81.0, 75.0, 71.0, 69.0, 70.0, 65.0, 70.0, 74.0, 74.0]"
21-33,Malabar,east,70,2019-03-29,0,19.0,3,2019,"[12.2, 11.5, 11.0, 9.7, 8.7, 8.6, 8.6, 8.3, 8.3, 8.2, 7.4, 5.1, 4.7, 5.9, 3.4, 6.1, 7.2, 7.8, 8.7, 9.7, 11.5, 13.8, 13.4, 13.5, 15.3, 17.0, 18.1, 17.9, 16.4, 13.0]","[43.0, 39.0, 32.0, 22.0, 5.0, 2.0, 360.0, 355.0, 342.0, 331.0, 321.0, 321.0, 337.0, 346.0, 342.0, 3.0, 3.0, 13.0, 30.0, 31.0, 32.0, 33.0, 27.0, 46.0, 43.0, 36.0, 31.0, 28.0, 19.0, 19.0]"
21-34,Malabar,east,70,2026-03-10,1,11.0,3,2026,"[14.2, 14.3, 11.7, 9.3, 7.1, 7.2, 8.3, 8.6, 8.6, 8.7, 8.3, 8.0, 8.1, 8.2, 5.6, 5.0, 3.5, 2.9, 2.5, 4.3, 7.1, 9.0, 9.8, 9.4, 8.6, 8.3, 7.0, 5.6, 4.9, 5.8]","[176.0, 176.0, 171.0, 172.0, 190.0, 205.0, 214.0, 209.0, 200.0, 194.0, 194.0, 196.0, 197.0, 199.0, 228.0, 210.0, 204.0, 210.0, 176.0, 114.0, 99.0, 87.0, 76.0, 70.0, 54.0, 34.0, 26.0, 22.0, 28.0, 30.0]"
21-34,Malabar,east,70,2020-11-05,0,11.0,11,2020,"[10.4, 8.7, 7.5, 7.6, 6.5, 5.0, 8.2, 10.6, 13.6, 14.1, 14.6, 18.2, 21.5, 23.4, 24.8, 25.6, 23.1, 22.9, 23.3, 24.7, 24.4, 25.5, 22.6, 23.0, 26.3, 26.6, 26.6, 26.2, 26.9, 27.3]","[34.0, 30.0, 35.0, 19.0, 354.0, 300.0, 241.0, 204.0, 192.0, 193.0, 196.0, 188.0, 189.0, 190.0, 189.0, 178.0, 182.0, 193.0, 197.0, 199.0, 202.0, 202.0, 205.0, 209.0, 209.0, 208.0, 208.0, 201.0, 200.0, 203.0]"
21-34,Malabar,east,70,2024-01-29,0,11.0,1,2024,"[12.0, 10.5, 9.1, 7.6, 5.8, 5.0, 4.3, 3.6, 4.1, 3.4, 4.0, 4.8, 4.8, 6.6, 6.7, 14.2, 16.3, 15.1, 14.9, 15.3, 17.7, 16.7, 17.2, 17.6, 16.1, 13.4, 11.5, 8.2, 3.6, 4.7]","[111.0, 117.0, 108.0, 115.0, 120.0, 120.0, 114.0, 90.0, 52.0, 18.0, 355.0, 347.0, 333.0, 347.0, 16.0, 21.0, 25.0, 28.0, 37.0, 51.0, 61.0, 57.0, 61.0, 64.0, 63.0, 59.0, 58.0, 61.0, 96.0, 157.0]"
21-34,Malabar,east,70,2010-06-09,0,11.0,6,2010,"[10.9, 11.3, 9.4, 8.1, 6.8, 6.1, 6.1, 6.7, 6.3, 5.7, 5.9, 6.9, 7.7, 9.2, 9.7, 8.0, 8.1, 10.4, 17.3, 19.7, 21.6, 19.1, 17.5, 17.5, 19.3, 21.8, 13.8, 17.8, 21.6, 24.1]","[34.0, 22.0, 358.0, 339.0, 328.0, 320.0, 315.0, 306.0, 301.0, 305.0, 313.0, 317.0, 323.0, 334.0, 329.0, 333.0, 347.0, 316.0, 287.0, 279.0, 272.0, 274.0, 284.0, 284.0, 284.0, 283.0, 290.0, 278.0, 271.0, 269.0]"
21-35,Malabar,east,70,2026-03-14,1,8.0,3,2026,"[20.8, 18.0, 15.4, 14.4, 13.0, 10.9, 9.0, 8.1, 7.7, 7.4, 6.6, 5.9, 5.6, 6.7, 5.2, 6.1, 3.0, 4.0, 6.0, 7.7, 8.9, 9.0, 8.9, 8.5, 9.1, 10.9, 8.4, 7.9, 7.3, 6.7]","[165.0, 166.0, 166.0, 167.0, 169.0, 173.0, 179.0, 184.0, 181.0, 184.0, 193.0, 203.0, 211.0, 211.0, 221.0, 204.0, 147.0, 80.0, 63.0, 60.0, 58.0, 59.0, 58.0, 58.0, 60.0, 61.0, 43.0, 16.0, 349.0, 329.0]"
21-35,Malabar,east,70,2015-07-15,0,8.0,7,2015,"[11.2, 11.2, 11.9, 12.4, 10.1, 8.2, 6.3, 7.1, 9.3, 8.3, 7.3, 6.1, 6.5, 7.6, 6.5, 5.4, 5.4, 4.9, 4.6, 3.5, 3.1, 4.9, 5.5, 6.1, 6.1, 7.1, 6.8, 6.8, 6.6, 6.3]","[266.0, 270.0, 272.0, 278.0, 297.0, 299.0, 301.0, 319.0, 324.0, 326.0, 340.0, 357.0, 360.0, 352.0, 326.0, 323.0, 312.0, 306.0, 315.0, 336.0, 21.0, 54.0, 79.0, 93.0, 118.0, 139.0, 177.0, 180.0, 193.0, 193.0]"
21-35,Malabar,east,70,2008-07-29,0,8.0,7,2008,"[28.0, 28.1, 26.3, 26.4, 25.2, 25.1, 28.2, 28.7, 28.4, 28.5, 27.0, 25.4, 23.5, 23.7, 22.5, 22.1, 23.2, 25.4, 25.7, 25.8, 24.4, 23.7, 20.4, 18.4, 16.5, 14.9, 13.8, 13.2, 13.5, 14.0]","[198.0, 201.0, 202.0, 200.0, 202.0, 196.0, 190.0, 192.0, 192.0, 193.0, 196.0, 201.0, 207.0, 210.0, 215.0, 214.0, 208.0, 198.0, 191.0, 192.0, 189.0, 189.0, 189.0, 192.0, 203.0, 212.0, 223.0, 223.0, 224.0, 224.0]"
21-35,Malabar,east,70,2018-03-24,0,8.0,3,2018,"[5.2, 5.7, 3.6, 4.2, 5.3, 6.0, 6.6, 6.5, 5.9, 5.8, 5.8, 5.4, 5.8, 6.6, 7.0, 12.0, 13.0, 12.6, 12.6, 12.6, 14.1, 16.1, 13.7, 11.4, 12.4, 14.5, 8.0, 6.9, 7.2, 7.6]","[65.0, 55.0, 6.0, 20.0, 28.0, 25.0, 13.0, 360.0, 346.0, 338.0, 330.0, 312.0, 300.0, 315.0, 325.0, 353.0, 3.0, 13.0, 20.0, 24.0, 32.0, 34.0, 30.0, 28.0, 30.0, 23.0, 8.0, 6.0, 360.0, 5.0]"
21-36,Malabar,east,70,2026-05-24,1,,5,2026,"[8.1, 8.0, 6.3, 6.0, 6.0, 5.2, 5.6, 5.6, 4.7, 4.1, 4.4, 3.1, 1.1, 2.3, 4.7, 5.0, 4.3, 1.3, 0.4, 2.3, 4.3, 5.1, 3.7, 4.5, 4.6, 5.1, 3.8, 4.5, 5.2, 2.9]","[119.0, 106.0, 114.0, 131.0, 136.0, 136.0, 121.0, 112.0, 118.0, 124.0, 117.0, 121.0, 171.0, 238.0, 261.0, 257.0, 225.0, 225.0, 63.0, 72.0, 68.0, 58.0, 79.0, 85.0, 79.0, 73.0, 98.0, 50.0, 44.0, 356.0]"
21-36,Malabar,east,70,2011-01-16,0,,1,2011,"[9.7, 9.4, 8.7, 7.4, 8.4, 10.1, 10.2, 10.1, 10.6, 10.4, 10.6, 10.9, 11.3, 13.7, 12.1, 11.2, 10.3, 9.2, 8.2, 7.6, 9.0, 9.7, 10.8, 11.8, 12.5, 12.0, 11.8, 12.4, 12.2, 11.9]","[129.0, 130.0, 138.0, 157.0, 173.0, 184.0, 190.0, 197.0, 198.0, 194.0, 190.0, 189.0, 189.0, 183.0, 168.0, 159.0, 144.0, 129.0, 113.0, 93.0, 74.0, 59.0, 53.0, 50.0, 49.0, 46.0, 38.0, 22.0, 14.0, 5.0]"
21-36,Malabar,east,70,2020-07-16,0,,7,2020,"[21.9, 21.7, 17.3, 17.9, 20.0, 21.1, 21.1, 21.4, 21.7, 21.4, 21.1, 20.9, 20.6, 19.9, 17.7, 17.9, 19.6, 21.2, 25.8, 23.4, 22.4, 21.7, 22.1, 21.3, 21.0, 21.6, 18.6, 19.4, 19.7, 20.3]","[216.0, 216.0, 222.0, 218.0, 218.0, 223.0, 227.0, 228.0, 227.0, 226.0, 226.0, 226.0, 227.0, 229.0, 237.0, 240.0, 234.0, 220.0, 207.0, 209.0, 208.0, 209.0, 208.0, 210.0, 211.0, 210.0, 212.0, 215.0, 215.0, 213.0]"
21-36,Malabar,east,70,2009-05-05,0,,5,2009,"[9.2, 10.1, 8.7, 8.3, 9.0, 9.8, 10.9, 11.7, 12.8, 15.1, 16.2, 15.3, 14.6, 14.2, 11.8, 13.5, 15.9, 16.3, 15.5, 14.3, 13.4, 13.0, 13.0, 11.4, 9.8, 7.7, 5.2, 0.5, 2.5, 4.7]","[132.0, 153.0, 163.0, 175.0, 185.0, 188.0, 189.0, 189.0, 191.0, 192.0, 193.0, 195.0, 200.0, 207.0, 220.0, 214.0, 198.0, 186.0, 177.0, 170.0, 160.0, 146.0, 129.0, 125.0, 126.0, 131.0, 115.0, 315.0, 262.0, 274.0]"
21-37,Malabar,east,70,2026-05-30,1,12.0,5,2026,"[9.4, 8.9, 8.7, 10.4, 12.2, 12.3, 12.0, 13.1, 14.6, 14.9, 14.5, 14.1, 14.2, 15.0, 14.0, 15.5, 16.1, 16.4, 15.1, 13.3, 11.9, 13.0, 12.8, 12.4, 10.6, 10.5, 8.8, 7.9, 7.7, 8.9]","[204.0, 228.0, 233.0, 249.0, 246.0, 239.0, 235.0, 245.0, 248.0, 249.0, 255.0, 259.0, 254.0, 252.0, 248.0, 250.0, 248.0, 244.0, 242.0, 242.0, 247.0, 256.0, 265.0, 272.0, 285.0, 292.0, 293.0, 300.0, 301.0, 304.0]"
21-37,Malabar,east,70,2026-06-24,0,12.0,6,2026,"[8.3, 6.9, 6.9, 7.6, 9.0, 10.3, 11.2, 11.6, 10.8, 10.3, 9.9, 10.0, 10.3, 10.2, 11.4, 10.5, 10.6, 12.1, 13.9, 13.8, 14.4, 14.1, 11.7, 11.9, 13.7, 15.5, 12.6, 13.2, 14.5, 15.4]","[179.0, 205.0, 229.0, 239.0, 248.0, 248.0, 244.0, 246.0, 244.0, 245.0, 251.0, 253.0, 255.0, 253.0, 247.0, 243.0, 236.0, 226.0, 210.0, 197.0, 190.0, 185.0, 184.0, 180.0, 178.0, 177.0, 178.0, 184.0, 186.0, 185.0]"
21-37,Malabar,east,70,2011-12-17,0,12.0,12,2011,"[10.3, 7.7, 7.4, 7.4, 6.6, 7.4, 6.6, 5.2, 3.8, 4.1, 3.8, 5.2, 7.2, 8.9, 7.9, 7.7, 7.6, 7.8, 8.2, 8.3, 10.5, 12.6, 13.0, 14.2, 13.0, 9.7, 7.3, 7.5, 7.1, 6.8]","[126.0, 127.0, 129.0, 129.0, 131.0, 133.0, 131.0, 146.0, 163.0, 165.0, 163.0, 155.0, 143.0, 137.0, 137.0, 127.0, 115.0, 112.0, 113.0, 108.0, 98.0, 92.0, 85.0, 83.0, 76.0, 75.0, 79.0, 73.0, 60.0, 72.0]"
21-37,Malabar,east,70,2024-08-06,0,12.0,8,2024,"[4.9, 5.8, 5.2, 6.1, 6.6, 4.7, 5.2, 6.4, 8.1, 9.6, 10.8, 11.3, 11.3, 10.8, 9.7, 9.0, 10.2, 10.0, 9.3, 7.8, 6.5, 6.5, 7.1, 7.2, 6.0, 5.6, 4.9, 5.9, 6.3, 5.8]","[6.0, 355.0, 326.0, 332.0, 327.0, 310.0, 286.0, 252.0, 246.0, 237.0, 233.0, 234.0, 236.0, 238.0, 235.0, 227.0, 216.0, 206.0, 208.0, 203.0, 182.0, 152.0, 131.0, 112.0, 100.0, 92.0, 73.0, 14.0, 336.0, 306.0]"
22-0,Cronulla,south,110,2011-12-29,1,21.0,12,2011,"[19.2, 17.0, 14.0, 13.1, 12.3, 12.0, 11.5, 10.9, 10.6, 9.8, 10.0, 10.3, 11.1, 15.1, 16.2, 17.1, 18.1, 18.6, 18.6, 18.8, 18.9, 18.7, 18.2, 16.8, 15.4, 12.7, 10.0, 10.0, 9.8, 10.1]","[163.0, 159.0, 154.0, 159.0, 165.0, 171.0, 178.0, 189.0, 198.0, 204.0, 206.0, 205.0, 205.0, 192.0, 180.0, 172.0, 167.0, 165.0, 162.0, 160.0, 156.0, 150.0, 146.0, 145.0, 147.0, 155.0, 165.0, 165.0, 174.0, 182.0]"
22-0,Cronulla,south,110,2009-03-11,0,21.0,3,2009,"[11.8, 9.7, 8.2, 8.7, 7.3, 7.5, 7.1, 6.9, 6.4, 6.1, 5.9, 6.0, 6.3, 6.7, 8.4, 12.3, 14.1, 14.9, 15.5, 16.6, 17.3, 17.3, 16.3, 15.2, 12.7, 11.4, 11.2, 11.0, 10.8, 10.2]","[78.0, 92.0, 105.0, 114.0, 123.0, 125.0, 131.0, 133.0, 133.0, 135.0, 142.0, 147.0, 149.0, 144.0, 115.0, 105.0, 103.0, 98.0, 93.0, 90.0, 89.0, 86.0, 85.0, 85.0, 83.0, 79.0, 88.0, 79.0, 75.0, 72.0]"
22-0,Cronulla,south,110,2007-08-08,0,21.0,8,2007,"[12.9, 12.9, 11.2, 9.4, 7.5, 6.3, 5.6, 6.0, 6.1, 6.2, 6.0, 5.8, 5.3, 5.2, 5.6, 5.4, 5.8, 7.7, 9.8, 11.5, 12.5, 12.0, 8.0, 8.2, 8.2, 9.7, 10.0, 12.2, 13.0, 13.1]","[36.0, 27.0, 15.0, 358.0, 343.0, 329.0, 315.0, 303.0, 298.0, 291.0, 295.0, 300.0, 298.0, 295.0, 310.0, 312.0, 330.0, 349.0, 336.0, 316.0, 311.0, 309.0, 306.0, 311.0, 319.0, 318.0, 322.0, 326.0, 326.0, 328.0]"
22-0,Cronulla,south,110,2007-05-04,0,21.0,5,2007,"[17.1, 17.3, 15.5, 15.5, 15.0, 14.6, 14.9, 15.5, 14.8, 14.0, 12.2, 8.1, 4.6, 4.5, 7.3, 4.1, 4.8, 7.7, 11.5, 12.1, 11.2, 8.8, 4.8, 2.5, 3.1, 4.9, 7.2, 8.0, 7.3, 5.9]","[8.0, 1.0, 356.0, 348.0, 343.0, 344.0, 352.0, 356.0, 357.0, 359.0, 358.0, 347.0, 321.0, 299.0, 261.0, 285.0, 318.0, 307.0, 290.0, 282.0, 274.0, 258.0, 243.0, 262.0, 291.0, 287.0, 276.0, 275.0, 281.0, 284.0]"
22-1,Cronulla,south,110,2015-09-19,1,11.0,9,2015,"[16.4, 14.8, 8.0, 7.6, 8.5, 8.6, 9.0, 7.6, 7.2, 6.9, 5.4, 4.7, 4.6, 5.4, 3.2, 6.6, 8.9, 10.9, 12.3, 12.7, 13.4, 13.8, 13.8, 11.8, 9.0, 8.4, 9.6, 10.1, 8.5, 7.2]","[165.0, 166.0, 170.0, 185.0, 192.0, 195.0, 182.0, 183.0, 180.0, 171.0, 172.0, 171.0, 162.0, 160.0, 153.0, 119.0, 111.0, 107.0, 105.0, 98.0, 96.0, 96.0, 99.0, 102.0, 106.0, 115.0, 124.0, 125.0, 126.0, 127.0]"
22-1,Cronulla,south,110,2009-09-21,0,11.0,9,2009,"[4.7, 7.2, 7.2, 7.4, 7.6, 8.0, 9.1, 11.4, 14.9, 15.5, 14.4, 12.6, 10.1, 8.7, 11.6, 9.0, 6.6, 6.3, 9.8, 14.6, 12.9, 11.2, 12.5, 15.2, 15.6, 15.1, 12.0, 14.1, 17.1, 17.6]","[9.0, 333.0, 323.0, 299.0, 275.0, 262.0, 236.0, 204.0, 188.0, 183.0, 183.0, 182.0, 180.0, 175.0, 164.0, 157.0, 139.0, 114.0, 84.0, 80.0, 60.0, 50.0, 57.0, 68.0, 67.0, 62.0, 57.0, 58.0, 49.0, 41.0]"
22-1,Cronulla,south,110,2023-10-28,0,11.0,10,2023,"[17.1, 15.5, 13.0, 13.3, 13.4, 13.0, 11.2, 9.7, 8.8, 8.6, 8.0, 7.8, 7.8, 8.0, 6.8, 9.0, 7.9, 7.4, 7.6, 7.3, 7.9, 8.7, 13.1, 18.8, 16.7, 11.2, 9.4, 9.4, 9.7, 9.3]","[165.0, 167.0, 177.0, 178.0, 172.0, 166.0, 165.0, 176.0, 189.0, 195.0, 198.0, 202.0, 202.0, 185.0, 148.0, 127.0, 114.0, 104.0, 90.0, 81.0, 74.0, 66.0, 69.0, 64.0, 57.0, 45.0, 32.0, 18.0, 360.0, 344.0]"
22-1,Cronulla,south,110,2012-11-25,0,11.0,11,2012,"[15.9, 13.5, 6.9, 4.3, 3.4, 4.4, 4.6, 4.7, 4.7, 5.0, 5.2, 4.9, 4.7, 3.8, 5.0, 5.2, 2.6, 4.0, 7.7, 10.6, 12.4, 11.7, 12.6, 10.1, 6.2, 4.3, 4.0, 1.1, 4.5, 7.9]","[52.0, 42.0, 39.0, 24.0, 32.0, 55.0, 45.0, 23.0, 4.0, 339.0, 326.0, 306.0, 302.0, 319.0, 300.0, 286.0, 236.0, 153.0, 127.0, 108.0, 107.0, 101.0, 90.0, 94.0, 97.0, 90.0, 80.0, 162.0, 194.0, 183.0]"
22-2,Cronulla,south,110,2017-02-03,1,11.0,2,2017,"[14.8, 11.7, 8.3, 8.0, 7.9, 7.9, 7.2, 6.5, 5.4, 4.8, 4.7, 5.0, 6.5, 9.4, 13.1, 11.6, 11.9, 12.0, 13.2, 13.7, 13.2, 14.5, 13.7, 13.5, 13.6, 11.5, 5.5, 6.2, 7.2, 6.8]","[113.0, 99.0, 85.0, 85.0, 87.0, 87.0, 87.0, 87.0, 82.0, 77.0, 86.0, 69.0, 56.0, 43.0, 37.0, 30.0, 29.0, 41.0, 45.0, 45.0, 43.0, 48.0, 55.0, 56.0, 53.0, 51.0, 67.0, 69.0, 72.0, 72.0]"
22-2,Cronulla,south,110,2019-05-11,0,11.0,5,2019,"[17.9, 20.1, 18.2, 15.8, 17.1, 16.8, 17.4, 16.9, 17.0, 17.6, 20.8, 21.8, 20.3, 21.6, 21.3, 22.7, 21.4, 21.6, 22.6, 23.2, 20.1, 17.4, 14.0, 13.8, 16.1, 16.5, 16.4, 17.7, 17.3, 16.3]","[304.0, 299.0, 304.0, 311.0, 311.0, 305.0, 300.0, 294.0, 283.0, 269.0, 256.0, 248.0, 250.0, 255.0, 259.0, 260.0, 253.0, 244.0, 239.0, 228.0, 224.0, 220.0, 224.0, 237.0, 246.0, 247.0, 244.0, 241.0, 247.0, 252.0]"
22-2,Cronulla,south,110,2022-11-02,0,11.0,11,2022,"[19.3, 23.4, 21.7, 16.6, 15.2, 18.3, 20.3, 19.5, 17.7, 19.3, 21.2, 22.7, 24.2, 27.9, 24.3, 26.3, 26.4, 25.1, 24.6, 22.7, 23.2, 23.3, 24.7, 24.1, 20.1, 17.1, 17.5, 15.9, 14.5, 13.2]","[310.0, 316.0, 307.0, 310.0, 309.0, 293.0, 283.0, 284.0, 285.0, 281.0, 277.0, 270.0, 266.0, 263.0, 260.0, 259.0, 257.0, 255.0, 251.0, 251.0, 251.0, 257.0, 260.0, 261.0, 264.0, 270.0, 279.0, 279.0, 278.0, 280.0]"
22-2,Cronulla,south,110,2024-07-15,0,11.0,7,2024,"[12.4, 12.7, 15.0, 15.2, 16.6, 17.1, 16.2, 15.2, 15.5, 16.2, 17.0, 17.5, 17.9, 18.2, 14.2, 15.3, 20.4, 24.1, 25.0, 25.0, 23.7, 21.7, 18.3, 17.1, 16.7, 15.8, 15.4, 14.6, 15.2, 15.6]","[268.0, 276.0, 281.0, 283.0, 282.0, 282.0, 278.0, 276.0, 271.0, 266.0, 265.0, 265.0, 265.0, 267.0, 268.0, 273.0, 272.0, 268.0, 269.0, 272.0, 275.0, 280.0, 285.0, 290.0, 295.0, 302.0, 312.0, 320.0, 318.0, 321.0]"
22-3,Cronulla,south,110,2018-02-07,1,,2,2018,"[18.6, 14.7, 10.6, 8.0, 7.1, 7.8, 7.7, 7.2, 6.4, 6.1, 4.2, 3.3, 3.6, 3.1, 1.9, 5.6, 10.0, 12.6, 13.9, 17.1, 19.8, 20.9, 22.2, 21.9, 21.4, 18.4, 13.2, 11.8, 10.8, 10.0]","[68.0, 62.0, 72.0, 80.0, 75.0, 68.0, 62.0, 53.0, 52.0, 50.0, 31.0, 354.0, 315.0, 315.0, 292.0, 45.0, 60.0, 63.0, 65.0, 68.0, 65.0, 63.0, 61.0, 57.0, 54.0, 50.0, 43.0, 38.0, 30.0, 21.0]"
22-3,Cronulla,south,110,2018-10-11,0,,10,2018,"[20.7, 20.9, 16.5, 17.2, 16.8, 16.5, 17.3, 16.4, 16.2, 14.8, 14.3, 14.8, 14.8, 16.3, 15.5, 15.5, 15.0, 17.7, 18.6, 18.8, 19.4, 19.5, 18.4, 16.7, 15.2, 13.3, 11.2, 11.4, 11.0, 12.0]","[167.0, 165.0, 164.0, 164.0, 165.0, 164.0, 163.0, 165.0, 163.0, 166.0, 168.0, 167.0, 167.0, 162.0, 162.0, 158.0, 159.0, 153.0, 148.0, 148.0, 149.0, 150.0, 152.0, 155.0, 158.0, 161.0, 165.0, 162.0, 161.0, 164.0]"
22-3,Cronulla,south,110,2012-06-23,0,,6,2012,"[20.1, 19.8, 13.7, 10.5, 9.0, 10.1, 11.2, 13.3, 14.0, 13.3, 12.9, 12.6, 12.8, 12.8, 13.8, 15.0, 14.8, 13.0, 12.2, 11.5, 11.3, 10.8, 8.7, 9.8, 11.3, 11.4, 13.1, 13.7, 13.3, 13.0]","[297.0, 297.0, 288.0, 276.0, 272.0, 270.0, 268.0, 272.0, 271.0, 267.0, 257.0, 250.0, 248.0, 248.0, 250.0, 249.0, 252.0, 256.0, 256.0, 256.0, 253.0, 255.0, 263.0, 262.0, 261.0, 259.0, 262.0, 268.0, 273.0, 272.0]"
22-3,Cronulla,south,110,2015-11-09,0,,11,2015,"[14.8, 12.0, 10.8, 9.9, 9.0, 7.3, 6.1, 5.6, 5.3, 5.2, 5.1, 4.9, 6.1, 5.6, 4.6, 2.5, 1.3, 4.3, 7.3, 9.1, 10.8, 12.2, 13.5, 14.1, 12.6, 10.2, 7.9, 8.0, 8.0, 8.1]","[154.0, 159.0, 159.0, 161.0, 164.0, 171.0, 177.0, 195.0, 208.0, 214.0, 225.0, 234.0, 242.0, 243.0, 225.0, 225.0, 146.0, 90.0, 79.0, 72.0, 69.0, 66.0, 61.0, 58.0, 53.0, 48.0, 47.0, 36.0, 27.0, 13.0]"
22-4,Cronulla,south,110,2019-09-01,1,8.0,9,2019,"[10.6, 10.6, 7.2, 7.6, 6.3, 5.7, 5.6, 5.8, 6.4, 6.4, 6.4, 6.1, 6.0, 6.2, 5.1, 4.8, 5.4, 5.3, 4.1, 4.3, 6.0, 8.9, 11.3, 12.2, 13.0, 11.9, 5.8, 6.9, 5.4, 3.8]","[190.0, 190.0, 207.0, 205.0, 204.0, 215.0, 230.0, 240.0, 243.0, 243.0, 243.0, 242.0, 245.0, 249.0, 278.0, 283.0, 290.0, 298.0, 315.0, 355.0, 25.0, 43.0, 53.0, 56.0, 48.0, 35.0, 353.0, 309.0, 290.0, 319.0]"
22-4,Cronulla,south,110,2008-10-15,0,8.0,10,2008,"[16.9, 21.0, 20.9, 22.2, 21.7, 20.3, 18.7, 17.4, 17.3, 15.9, 15.2, 14.8, 14.4, 16.3, 17.0, 16.5, 15.0, 13.4, 11.6, 11.1, 11.8, 12.2, 13.0, 13.2, 11.5, 9.5, 7.7, 6.2, 6.1, 5.5]","[164.0, 168.0, 176.0, 172.0, 168.0, 167.0, 169.0, 173.0, 176.0, 175.0, 175.0, 177.0, 177.0, 174.0, 174.0, 169.0, 170.0, 166.0, 164.0, 151.0, 140.0, 137.0, 132.0, 125.0, 129.0, 143.0, 152.0, 159.0, 177.0, 191.0]"
22-4,Cronulla,south,110,2016-07-08,0,8.0,7,2016,"[18.3, 17.0, 14.2, 14.3, 12.8, 12.9, 13.4, 14.0, 13.0, 12.8, 11.8, 11.6, 9.7, 9.0, 5.6, 6.9, 7.0, 6.6, 7.7, 8.6, 10.4, 7.8, 5.8, 4.6, 5.4, 5.8, 6.4, 7.2, 8.1, 9.2]","[196.0, 201.0, 187.0, 190.0, 202.0, 203.0, 200.0, 198.0, 199.0, 202.0, 203.0, 202.0, 207.0, 209.0, 220.0, 208.0, 215.0, 209.0, 191.0, 178.0, 166.0, 167.0, 187.0, 198.0, 180.0, 187.0, 207.0, 198.0, 201.0, 206.0]"
22-4,Cronulla,south,110,2021-06-22,0,8.0,6,2021,"[7.6, 7.7, 8.7, 8.4, 8.0, 7.9, 7.6, 7.3, 7.9, 8.9, 8.9, 8.9, 8.9, 9.5, 7.8, 6.6, 5.0, 2.6, 2.6, 1.5, 5.5, 5.8, 2.6, 4.9, 6.8, 7.6, 6.3, 6.7, 6.9, 6.6]","[205.0, 208.0, 218.0, 211.0, 207.0, 204.0, 205.0, 213.0, 219.0, 227.0, 230.0, 227.0, 227.0, 233.0, 236.0, 241.0, 240.0, 236.0, 236.0, 135.0, 79.0, 60.0, 34.0, 73.0, 90.0, 82.0, 59.0, 36.0, 354.0, 319.0]"
22-5,Cronulla,south,110,2020-07-17,1,9.0,7,2020,"[21.0, 21.6, 18.6, 19.4, 19.7, 20.3, 21.1, 21.4, 20.8, 20.1, 19.4, 19.3, 19.5, 19.5, 14.8, 16.1, 17.1, 19.1, 23.0, 23.6, 23.8, 21.9, 17.4, 15.0, 13.1, 12.5, 13.5, 12.9, 13.1, 12.6]","[211.0, 210.0, 212.0, 215.0, 215.0, 213.0, 213.0, 213.0, 214.0, 213.0, 211.0, 213.0, 214.0, 214.0, 236.0, 230.0, 221.0, 212.0, 200.0, 199.0, 198.0, 197.0, 198.0, 197.0, 196.0, 198.0, 205.0, 203.0, 201.0, 200.0]"
22-5,Cronulla,south,110,2012-10-28,0,9.0,10,2012,"[16.2, 12.9, 9.5, 7.9, 8.6, 10.2, 9.8, 9.8, 9.4, 9.4, 9.0, 7.9, 8.7, 9.7, 9.2, 8.8, 7.6, 7.0, 7.2, 7.3, 8.0, 8.7, 9.1, 9.3, 10.9, 11.7, 9.8, 7.8, 7.4, 7.4]","[148.0, 162.0, 171.0, 180.0, 178.0, 172.0, 172.0, 174.0, 176.0, 178.0, 178.0, 183.0, 185.0, 178.0, 135.0, 125.0, 115.0, 102.0, 90.0, 81.0, 82.0, 85.0, 81.0, 74.0, 73.0, 72.0, 62.0, 56.0, 43.0, 29.0]"
22-5,Cronulla,south,110,2021-09-21,0,9.0,9,2021,"[23.8, 29.0, 24.3, 18.9, 15.5, 13.9, 10.6, 8.5, 8.3, 9.3, 13.0, 17.5, 21.1, 22.1, 20.6, 19.1, 18.9, 23.4, 26.3, 28.6, 30.9, 31.5, 30.2, 24.6, 22.1, 20.1, 17.7, 17.7, 17.5, 15.0]","[250.0, 243.0, 255.0, 261.0, 258.0, 245.0, 242.0, 242.0, 236.0, 234.0, 246.0, 256.0, 256.0, 246.0, 237.0, 227.0, 215.0, 205.0, 202.0, 199.0, 197.0, 191.0, 188.0, 186.0, 187.0, 189.0, 197.0, 209.0, 217.0, 226.0]"
22-5,Cronulla,south,110,2015-01-12,0,9.0,1,2015,"[15.1, 15.1, 17.0, 17.3, 18.9, 19.8, 19.2, 19.2, 20.0, 20.3, 20.3, 20.6, 22.4, 24.3, 23.8, 25.3, 26.7, 27.2, 27.6, 28.0, 28.0, 26.9, 26.4, 23.4, 22.0, 19.5, 16.9, 16.9, 16.2, 16.1]","[177.0, 177.0, 175.0, 175.0, 171.0, 170.0, 172.0, 174.0, 173.0, 173.0, 174.0, 174.0, 174.0, 174.0, 176.0, 176.0, 176.0, 172.0, 168.0, 168.0, 168.0, 172.0, 175.0, 178.0, 181.0, 184.0, 191.0, 196.0, 201.0, 200.0]"
22-6,Cronulla,south,110,2020-08-02,1,8.0,8,2020,"[9.7, 7.4, 6.3, 4.1, 4.3, 5.4, 6.2, 6.9, 7.4, 7.4, 7.4, 7.3, 7.6, 7.3, 7.3, 5.4, 4.7, 4.0, 2.5, 1.1, 3.1, 5.5, 6.2, 6.2, 6.6, 8.1, 5.4, 4.0, 4.2, 2.5]","[48.0, 43.0, 13.0, 345.0, 294.0, 266.0, 263.0, 261.0, 256.0, 256.0, 256.0, 259.0, 262.0, 261.0, 261.0, 266.0, 270.0, 265.0, 270.0, 18.0, 69.0, 79.0, 83.0, 80.0, 77.0, 69.0, 86.0, 80.0, 70.0, 352.0]"
22-6,Cronulla,south,110,2012-02-10,0,8.0,2,2012,"[15.2, 13.2, 11.5, 11.4, 10.4, 9.7, 9.0, 8.9, 8.7, 8.7, 8.7, 7.4, 7.8, 8.7, 6.5, 10.0, 11.0, 10.5, 11.9, 15.6, 19.4, 16.6, 17.4, 18.4, 17.6, 16.5, 12.0, 10.4, 7.2, 5.6]","[68.0, 55.0, 70.0, 66.0, 56.0, 42.0, 37.0, 40.0, 38.0, 42.0, 38.0, 39.0, 34.0, 30.0, 354.0, 21.0, 23.0, 27.0, 35.0, 50.0, 55.0, 60.0, 56.0, 55.0, 47.0, 46.0, 46.0, 34.0, 27.0, 27.0]"
22-6,Cronulla,south,110,2017-03-26,0,8.0,3,2017,"[11.0, 10.1, 4.3, 6.3, 5.9, 5.4, 4.7, 2.6, 2.9, 3.0, 3.1, 3.4, 3.7, 3.8, 3.7, 1.8, 1.9, 5.1, 7.1, 8.6, 9.8, 10.8, 12.8, 13.6, 11.1, 9.7, 7.9, 8.0, 8.0, 7.6]","[52.0, 35.0, 24.0, 24.0, 11.0, 356.0, 337.0, 304.0, 277.0, 256.0, 249.0, 252.0, 259.0, 253.0, 281.0, 281.0, 22.0, 45.0, 49.0, 57.0, 66.0, 69.0, 68.0, 68.0, 61.0, 48.0, 39.0, 27.0, 18.0, 5.0]"
22-6,Cronulla,south,110,2018-02-14,0,8.0,2,2018,"[17.9, 15.0, 10.4, 10.2, 8.1, 7.1, 7.0, 6.8, 7.6, 8.3, 6.0, 5.4, 5.1, 4.9, 8.9, 11.4, 11.4, 10.5, 12.8, 14.5, 16.8, 17.7, 16.9, 14.8, 11.5, 9.2, 17.1, 30.3, 30.2, 25.8]","[75.0, 73.0, 70.0, 58.0, 45.0, 30.0, 12.0, 360.0, 355.0, 355.0, 327.0, 307.0, 309.0, 324.0, 346.0, 342.0, 336.0, 333.0, 310.0, 293.0, 279.0, 274.0, 271.0, 269.0, 268.0, 259.0, 195.0, 175.0, 168.0, 165.0]"
22-7,Cronulla,south,110,2020-08-16,1,15.0,8,2020,"[15.6, 14.4, 12.6, 9.7, 8.4, 7.4, 9.1, 12.1, 15.5, 16.2, 16.9, 18.4, 19.1, 18.0, 15.8, 15.5, 19.4, 20.5, 21.7, 23.1, 23.0, 22.7, 20.2, 18.7, 18.1, 18.8, 14.9, 16.5, 17.7, 18.4]","[263.0, 269.0, 273.0, 272.0, 277.0, 293.0, 304.0, 293.0, 275.0, 266.0, 269.0, 272.0, 273.0, 272.0, 282.0, 275.0, 271.0, 273.0, 275.0, 273.0, 271.0, 270.0, 271.0, 272.0, 275.0, 274.0, 278.0, 280.0, 276.0, 272.0]"
22-7,Cronulla,south,110,2017-01-30,0,15.0,1,2017,"[8.5, 6.0, 6.8, 4.7, 3.8, 2.8, 3.6, 4.5, 4.9, 4.7, 5.4, 6.5, 9.5, 10.4, 8.3, 11.5, 13.4, 13.8, 13.0, 11.9, 11.9, 14.0, 15.6, 15.3, 13.9, 11.4, 6.4, 7.1, 6.5, 6.8]","[118.0, 115.0, 72.0, 58.0, 49.0, 40.0, 45.0, 29.0, 17.0, 4.0, 4.0, 6.0, 9.0, 360.0, 358.0, 358.0, 354.0, 351.0, 354.0, 360.0, 14.0, 26.0, 34.0, 27.0, 25.0, 24.0, 27.0, 15.0, 6.0, 3.0]"
22-7,Cronulla,south,110,2015-10-29,0,15.0,10,2015,"[13.5, 9.8, 7.2, 6.9, 7.8, 7.8, 7.6, 6.0, 4.9, 4.7, 4.1, 4.7, 5.4, 3.7, 1.8, 4.3, 6.2, 8.1, 9.6, 11.4, 12.8, 13.6, 15.5, 17.1, 15.0, 12.3, 8.1, 7.2, 6.9, 6.8]","[61.0, 54.0, 53.0, 47.0, 34.0, 22.0, 3.0, 335.0, 306.0, 279.0, 255.0, 238.0, 233.0, 241.0, 259.0, 48.0, 69.0, 77.0, 77.0, 77.0, 80.0, 79.0, 77.0, 72.0, 66.0, 58.0, 69.0, 63.0, 51.0, 32.0]"
22-7,Cronulla,south,110,2007-10-21,0,15.0,10,2007,"[13.1, 10.4, 7.5, 9.0, 9.6, 9.0, 7.9, 7.9, 7.6, 7.9, 8.3, 9.1, 9.5, 9.2, 8.7, 9.4, 10.1, 11.1, 12.9, 15.0, 18.1, 19.1, 19.4, 19.3, 18.7, 16.8, 14.7, 12.4, 10.5, 8.5]","[53.0, 44.0, 35.0, 23.0, 13.0, 5.0, 357.0, 357.0, 357.0, 357.0, 358.0, 353.0, 349.0, 349.0, 343.0, 353.0, 360.0, 13.0, 30.0, 42.0, 46.0, 44.0, 40.0, 37.0, 30.0, 23.0, 17.0, 10.0, 4.0, 12.0]"
22-8,Cronulla,south,110,2020-11-01,1,14.0,11,2020,"[22.0, 20.4, 10.2, 12.4, 12.1, 14.4, 16.3, 16.2, 16.9, 16.2, 15.0, 15.8, 18.7, 20.2, 23.7, 24.5, 26.3, 26.1, 27.7, 30.8, 31.7, 29.6, 28.0, 26.1, 24.7, 23.7, 23.4, 22.2, 20.9, 19.7]","[235.0, 222.0, 228.0, 244.0, 260.0, 257.0, 245.0, 238.0, 232.0, 233.0, 228.0, 221.0, 214.0, 215.0, 213.0, 210.0, 202.0, 203.0, 206.0, 204.0, 197.0, 193.0, 192.0, 192.0, 193.0, 194.0, 190.0, 193.0, 195.0, 198.0]"
22-8,Cronulla,south,110,2019-06-05,0,14.0,6,2019,"[25.1, 25.6, 20.4, 22.1, 22.3, 22.8, 25.1, 25.9, 24.8, 23.7, 23.2, 21.7, 20.3, 21.3, 17.1, 18.1, 20.6, 22.5, 21.3, 20.8, 18.5, 18.2, 15.8, 13.1, 10.8, 8.5, 7.6, 9.0, 9.4, 9.4]","[207.0, 208.0, 222.0, 224.0, 218.0, 219.0, 218.0, 212.0, 210.0, 213.0, 213.0, 209.0, 207.0, 208.0, 219.0, 223.0, 213.0, 207.0, 208.0, 206.0, 207.0, 207.0, 215.0, 217.0, 217.0, 216.0, 245.0, 241.0, 247.0, 252.0]"
22-8,Cronulla,south,110,2006-11-23,0,14.0,11,2006,"[22.2, 23.2, 24.1, 21.8, 18.8, 14.8, 12.1, 11.6, 10.0, 6.8, 4.4, 3.6, 2.2, 1.8, 0.8, 3.2, 6.2, 9.1, 13.7, 17.6, 18.8, 18.8, 18.0, 15.5, 13.2, 11.5, 10.2, 10.4, 10.9, 11.3]","[160.0, 167.0, 171.0, 172.0, 175.0, 181.0, 190.0, 196.0, 201.0, 205.0, 215.0, 217.0, 189.0, 101.0, 63.0, 63.0, 69.0, 81.0, 87.0, 90.0, 97.0, 107.0, 116.0, 121.0, 125.0, 136.0, 141.0, 146.0, 146.0, 143.0]"
22-8,Cronulla,south,110,2026-01-11,0,14.0,1,2026,"[9.0, 7.9, 5.2, 28.7, 33.3, 29.7, 25.4, 25.7, 24.4, 23.8, 23.5, 22.9, 23.9, 24.9, 20.7, 21.1, 20.7, 20.5, 20.2, 19.8, 18.7, 19.7, 18.4, 19.1, 18.0, 16.6, 16.0, 15.7, 13.0, 14.3]","[313.0, 327.0, 182.0, 185.0, 178.0, 178.0, 179.0, 174.0, 171.0, 168.0, 164.0, 162.0, 161.0, 161.0, 160.0, 160.0, 160.0, 157.0, 159.0, 158.0, 154.0, 149.0, 153.0, 156.0, 153.0, 151.0, 156.0, 158.0, 161.0, 161.0]"
22-9,Cronulla,south,110,2021-02-05,1,7.0,2,2021,"[18.5, 16.8, 15.8, 14.3, 15.3, 16.4, 14.5, 11.1, 9.0, 8.4, 8.2, 9.4, 10.7, 15.8, 18.7, 20.4, 22.4, 24.6, 26.0, 26.5, 25.5, 24.2, 23.9, 23.9, 23.2, 22.2, 22.9, 21.0, 19.7, 18.3]","[53.0, 47.0, 43.0, 41.0, 43.0, 40.0, 30.0, 29.0, 37.0, 40.0, 41.0, 43.0, 40.0, 30.0, 30.0, 32.0, 37.0, 39.0, 43.0, 45.0, 44.0, 47.0, 53.0, 56.0, 54.0, 50.0, 45.0, 39.0, 35.0, 32.0]"
22-9,Cronulla,south,110,2015-09-11,0,7.0,9,2015,"[8.4, 8.5, 6.7, 5.8, 4.9, 4.4, 4.1, 5.2, 5.8, 6.2, 5.8, 5.8, 5.4, 5.4, 5.2, 2.4, 5.8, 8.6, 9.8, 10.0, 11.0, 12.3, 14.3, 15.8, 16.1, 15.6, 11.9, 11.3, 9.4, 5.8]","[130.0, 144.0, 164.0, 184.0, 197.0, 215.0, 232.0, 254.0, 263.0, 277.0, 274.0, 266.0, 262.0, 262.0, 258.0, 297.0, 353.0, 360.0, 8.0, 15.0, 23.0, 32.0, 43.0, 47.0, 39.0, 29.0, 14.0, 7.0, 4.0, 356.0]"
22-9,Cronulla,south,110,2022-07-07,0,7.0,7,2022,"[15.8, 15.7, 16.2, 16.5, 16.7, 17.3, 17.3, 16.9, 17.2, 17.6, 17.8, 17.4, 17.1, 17.6, 15.3, 14.4, 12.2, 12.0, 12.3, 13.7, 15.9, 16.1, 15.1, 14.9, 14.4, 13.3, 12.1, 14.0, 14.8, 15.6]","[187.0, 185.0, 192.0, 196.0, 202.0, 204.0, 200.0, 202.0, 205.0, 206.0, 211.0, 215.0, 222.0, 229.0, 231.0, 226.0, 221.0, 215.0, 209.0, 205.0, 196.0, 186.0, 177.0, 181.0, 193.0, 212.0, 232.0, 244.0, 247.0, 249.0]"
22-9,Cronulla,south,110,2013-03-26,0,7.0,3,2013,"[8.7, 6.1, 6.2, 4.0, 1.8, 3.3, 4.2, 4.3, 4.7, 4.7, 4.4, 2.3, 4.1, 4.7, 2.7, 3.8, 11.1, 12.6, 12.6, 13.1, 14.0, 16.1, 16.8, 16.5, 15.3, 13.8, 12.3, 10.9, 10.0, 8.5]","[132.0, 140.0, 144.0, 153.0, 101.0, 6.0, 340.0, 312.0, 293.0, 270.0, 261.0, 252.0, 255.0, 261.0, 293.0, 343.0, 13.0, 20.0, 27.0, 37.0, 46.0, 51.0, 55.0, 54.0, 49.0, 43.0, 40.0, 34.0, 26.0, 12.0]"
22-10,Cronulla,south,110,2021-10-28,1,6.0,10,2021,"[9.2, 5.4, 3.8, 3.0, 2.5, 3.3, 4.4, 4.3, 4.3, 5.4, 5.4, 5.8, 5.4, 3.0, 4.0, 7.1, 5.4, 6.4, 3.7, 2.6, 4.9, 9.6, 12.3, 11.5, 9.4, 10.1, 9.2, 10.8, 12.4, 11.2]","[69.0, 70.0, 139.0, 166.0, 172.0, 193.0, 215.0, 222.0, 246.0, 266.0, 266.0, 266.0, 262.0, 284.0, 297.0, 294.0, 307.0, 322.0, 331.0, 16.0, 73.0, 77.0, 69.0, 58.0, 40.0, 27.0, 31.0, 15.0, 30.0, 4.0]"
22-10,Cronulla,south,110,2019-07-21,0,6.0,7,2019,"[10.7, 12.1, 10.2, 8.7, 7.3, 6.6, 6.4, 6.6, 6.7, 6.6, 6.4, 6.9, 7.1, 6.7, 6.8, 5.7, 4.3, 4.0, 4.5, 4.8, 5.9, 6.6, 5.0, 8.9, 10.1, 9.4, 8.7, 8.2, 8.2, 8.2]","[33.0, 23.0, 10.0, 353.0, 340.0, 338.0, 333.0, 331.0, 324.0, 319.0, 313.0, 313.0, 315.0, 324.0, 335.0, 342.0, 355.0, 5.0, 14.0, 347.0, 322.0, 319.0, 339.0, 333.0, 325.0, 317.0, 294.0, 308.0, 308.0, 308.0]"
22-10,Cronulla,south,110,2011-08-14,0,6.0,8,2011,"[8.7, 6.1, 4.1, 3.3, 3.4, 3.7, 3.3, 3.7, 4.1, 4.9, 5.0, 4.6, 5.6, 4.7, 6.5, 7.7, 9.2, 9.8, 9.4, 9.8, 9.8, 10.2, 8.9, 6.2, 5.7, 4.0, 4.7, 5.7, 5.3, 5.5]","[95.0, 93.0, 128.0, 193.0, 198.0, 191.0, 186.0, 209.0, 225.0, 234.0, 240.0, 231.0, 225.0, 212.0, 214.0, 208.0, 201.0, 186.0, 173.0, 163.0, 152.0, 141.0, 140.0, 159.0, 162.0, 170.0, 189.0, 198.0, 208.0, 212.0]"
22-10,Cronulla,south,110,2006-07-31,0,6.0,7,2006,"[9.5, 10.1, 9.7, 8.9, 7.4, 7.8, 8.4, 9.7, 10.0, 10.0, 10.2, 10.6, 10.6, 11.4, 12.8, 12.9, 14.8, 17.2, 23.6, 27.0, 25.9, 25.0, 22.3, 20.5, 19.4, 19.1, 17.7, 16.9, 18.0, 19.4]","[281.0, 276.0, 272.0, 284.0, 309.0, 326.0, 335.0, 338.0, 339.0, 339.0, 342.0, 342.0, 342.0, 342.0, 344.0, 342.0, 346.0, 327.0, 289.0, 272.0, 272.0, 276.0, 272.0, 271.0, 269.0, 266.0, 268.0, 268.0, 267.0, 260.0]"
22-11,Cronulla,south,110,2021-11-12,1,7.0,11,2021,"[15.0, 14.8, 14.7, 15.0, 15.0, 16.8, 14.8, 10.7, 9.5, 8.5, 6.9, 8.0, 9.7, 7.6, 8.2, 11.6, 7.8, 4.5, 4.2, 6.6, 9.9, 10.8, 3.6, 2.5, 9.7, 13.2, 4.1, 8.9, 13.6, 15.6]","[134.0, 135.0, 152.0, 150.0, 153.0, 149.0, 139.0, 147.0, 171.0, 168.0, 171.0, 172.0, 165.0, 175.0, 241.0, 240.0, 214.0, 166.0, 121.0, 99.0, 100.0, 105.0, 96.0, 278.0, 274.0, 281.0, 308.0, 302.0, 302.0, 304.0]"
22-11,Cronulla,south,110,2008-01-19,0,7.0,1,2008,"[16.8, 15.7, 11.5, 10.0, 8.8, 8.1, 6.4, 6.4, 6.6, 5.9, 5.9, 6.1, 8.7, 10.7, 12.0, 13.5, 13.0, 9.4, 8.9, 9.5, 8.6, 8.4, 6.9, 5.8, 4.7, 5.0, 6.6, 7.6, 7.2, 7.3]","[113.0, 106.0, 88.0, 69.0, 55.0, 45.0, 38.0, 43.0, 49.0, 38.0, 38.0, 40.0, 38.0, 42.0, 41.0, 34.0, 28.0, 23.0, 21.0, 25.0, 15.0, 353.0, 354.0, 353.0, 351.0, 360.0, 338.0, 341.0, 342.0, 349.0]"
22-11,Cronulla,south,110,2011-02-19,0,7.0,2,2011,"[12.0, 10.9, 9.4, 7.6, 5.4, 3.3, 3.3, 2.9, 3.1, 3.2, 5.3, 7.6, 10.0, 13.1, 12.2, 12.3, 12.8, 14.8, 16.0, 16.3, 14.4, 12.2, 9.3, 5.4, 4.4, 5.2, 8.0, 7.5, 6.9, 6.6]","[131.0, 124.0, 113.0, 115.0, 110.0, 103.0, 84.0, 60.0, 324.0, 360.0, 28.0, 25.0, 13.0, 9.0, 360.0, 3.0, 10.0, 13.0, 9.0, 5.0, 359.0, 360.0, 344.0, 340.0, 9.0, 12.0, 8.0, 343.0, 317.0, 299.0]"
22-11,Cronulla,south,110,2021-02-24,0,7.0,2,2021,"[22.0, 21.2, 18.1, 17.4, 16.2, 15.8, 14.8, 16.2, 17.3, 15.9, 14.8, 14.8, 13.2, 12.9, 14.9, 14.8, 13.1, 10.9, 11.3, 10.1, 11.2, 8.1, 7.4, 5.3, 4.1, 4.7, 4.5, 6.1, 8.4, 11.0]","[176.0, 179.0, 186.0, 186.0, 183.0, 179.0, 181.0, 181.0, 180.0, 174.0, 167.0, 162.0, 163.0, 162.0, 187.0, 176.0, 171.0, 172.0, 173.0, 176.0, 159.0, 135.0, 141.0, 152.0, 128.0, 81.0, 29.0, 28.0, 43.0, 41.0]"
22-12,Cronulla,south,110,2021-11-30,1,11.0,11,2021,"[9.8, 11.2, 7.7, 6.5, 5.6, 4.4, 4.7, 4.0, 0.8, 2.2, 2.8, 2.8, 4.8, 3.1, 1.5, 1.8, 5.0, 8.1, 11.3, 12.2, 12.1, 12.0, 12.1, 12.5, 11.6, 10.9, 11.7, 10.7, 9.9, 10.0]","[66.0, 57.0, 62.0, 56.0, 50.0, 55.0, 67.0, 80.0, 63.0, 189.0, 220.0, 220.0, 222.0, 225.0, 284.0, 37.0, 69.0, 77.0, 81.0, 71.0, 60.0, 57.0, 60.0, 57.0, 54.0, 44.0, 45.0, 42.0, 33.0, 30.0]"
22-12,Cronulla,south,110,2024-10-19,0,11.0,10,2024,"[11.0, 10.0, 4.6, 5.1, 6.0, 7.1, 8.5, 10.1, 12.4, 13.4, 14.1, 15.4, 16.6, 17.0, 13.8, 13.2, 10.5, 8.1, 9.0, 12.2, 15.1, 13.3, 10.1, 6.8, 4.2, 6.2, 5.3, 4.3, 3.4, 3.0]","[15.0, 337.0, 121.0, 10.0, 327.0, 304.0, 299.0, 299.0, 300.0, 292.0, 289.0, 284.0, 268.0, 247.0, 235.0, 211.0, 200.0, 183.0, 174.0, 172.0, 158.0, 150.0, 161.0, 163.0, 149.0, 147.0, 170.0, 165.0, 155.0, 155.0]"
22-12,Cronulla,south,110,2025-05-17,0,11.0,5,2025,"[7.1, 6.2, 5.6, 6.3, 6.4, 5.8, 6.5, 5.6, 5.2, 4.6, 5.1, 4.9, 5.1, 5.3, 5.7, 4.7, 5.6, 8.7, 10.4, 10.3, 10.9, 12.2, 13.0, 12.6, 13.6, 14.9, 11.7, 11.2, 14.1, 13.9]","[207.0, 221.0, 248.0, 267.0, 248.0, 265.0, 267.0, 253.0, 256.0, 259.0, 252.0, 237.0, 219.0, 204.0, 238.0, 223.0, 213.0, 201.0, 195.0, 187.0, 171.0, 158.0, 152.0, 153.0, 158.0, 167.0, 177.0, 183.0, 185.0, 186.0]"
22-12,Cronulla,south,110,2018-11-30,0,11.0,11,2018,"[20.6, 18.8, 17.3, 14.5, 12.9, 11.9, 11.5, 10.9, 10.7, 10.2, 9.4, 8.2, 8.4, 8.9, 6.0, 3.7, 3.7, 3.6, 5.8, 10.7, 13.6, 12.9, 12.1, 13.8, 11.4, 8.0, 5.8, 5.2, 5.6, 6.3]","[174.0, 175.0, 176.0, 186.0, 198.0, 209.0, 219.0, 226.0, 230.0, 231.0, 230.0, 232.0, 239.0, 230.0, 205.0, 169.0, 119.0, 96.0, 83.0, 78.0, 68.0, 77.0, 80.0, 75.0, 72.0, 72.0, 97.0, 102.0, 105.0, 103.0]"
22-13,Cronulla,south,110,2022-01-04,1,16.0,1,2022,"[14.1, 12.7, 10.1, 7.9, 7.1, 6.9, 7.1, 7.1, 7.3, 6.9, 6.9, 6.9, 7.5, 11.8, 9.5, 10.5, 11.8, 13.2, 15.1, 16.2, 16.2, 15.8, 15.7, 15.3, 14.0, 12.0, 8.4, 7.6, 6.9, 6.3]","[127.0, 136.0, 130.0, 135.0, 150.0, 157.0, 159.0, 159.0, 157.0, 157.0, 160.0, 163.0, 170.0, 154.0, 148.0, 145.0, 146.0, 145.0, 141.0, 136.0, 135.0, 135.0, 134.0, 132.0, 132.0, 134.0, 137.0, 144.0, 155.0, 167.0]"
22-13,Cronulla,south,110,2019-03-07,0,16.0,3,2019,"[14.0, 19.8, 25.9, 27.1, 25.2, 23.1, 21.3, 19.5, 18.8, 18.0, 18.4, 18.7, 18.0, 18.4, 18.4, 18.0, 18.4, 18.1, 17.7, 16.0, 13.4, 11.2, 10.9, 11.0, 10.5, 9.7, 7.6, 8.3, 9.7, 9.2]","[215.0, 183.0, 178.0, 176.0, 177.0, 177.0, 178.0, 177.0, 176.0, 178.0, 179.0, 178.0, 178.0, 177.0, 191.0, 181.0, 178.0, 173.0, 167.0, 157.0, 144.0, 132.0, 124.0, 113.0, 98.0, 90.0, 65.0, 56.0, 45.0, 39.0]"
22-13,Cronulla,south,110,2006-06-19,0,16.0,6,2006,"[6.1, 6.8, 6.9, 6.4, 5.8, 6.2, 5.7, 5.2, 4.8, 4.6, 4.9, 5.2, 4.6, 4.8, 6.8, 6.3, 5.9, 4.7, 1.1, 1.8, 3.3, 4.6, 3.7, 5.4, 5.4, 7.2, 4.1, 3.7, 4.5, 5.5]","[180.0, 180.0, 189.0, 196.0, 210.0, 216.0, 215.0, 214.0, 222.0, 231.0, 234.0, 236.0, 231.0, 228.0, 245.0, 239.0, 227.0, 212.0, 162.0, 79.0, 77.0, 72.0, 79.0, 86.0, 82.0, 84.0, 142.0, 169.0, 194.0, 203.0]"
22-13,Cronulla,south,110,2023-03-12,0,16.0,3,2023,"[14.9, 11.4, 4.9, 6.9, 8.7, 10.3, 12.8, 13.4, 13.3, 13.8, 14.2, 15.4, 15.3, 15.4, 19.8, 20.9, 20.3, 20.0, 19.7, 19.5, 20.9, 20.2, 19.4, 17.4, 15.3, 12.9, 12.5, 11.7, 11.2, 9.0]","[58.0, 55.0, 126.0, 141.0, 156.0, 168.0, 169.0, 172.0, 177.0, 189.0, 196.0, 201.0, 199.0, 196.0, 183.0, 177.0, 173.0, 166.0, 162.0, 155.0, 153.0, 149.0, 145.0, 146.0, 146.0, 144.0, 141.0, 146.0, 165.0, 178.0]"
22-14,Cronulla,south,110,2022-12-02,1,13.0,12,2022,"[12.2, 10.2, 9.2, 9.7, 9.3, 8.5, 8.3, 8.4, 8.2, 7.8, 7.3, 7.7, 8.9, 11.3, 11.0, 10.2, 11.6, 12.9, 13.1, 13.0, 12.9, 13.0, 13.5, 13.8, 12.9, 10.5, 5.9, 5.2, 6.1, 6.4]","[116.0, 122.0, 133.0, 140.0, 139.0, 144.0, 146.0, 152.0, 154.0, 161.0, 163.0, 168.0, 173.0, 163.0, 155.0, 156.0, 148.0, 143.0, 143.0, 145.0, 144.0, 142.0, 143.0, 145.0, 148.0, 153.0, 153.0, 151.0, 166.0, 191.0]"
22-14,Cronulla,south,110,2021-02-08,0,13.0,2,2021,"[18.7, 17.4, 15.1, 14.5, 15.2, 15.4, 14.9, 14.2, 14.4, 14.8, 15.5, 15.7, 15.5, 16.9, 18.4, 17.7, 16.3, 15.3, 14.6, 14.2, 14.0, 13.7, 13.9, 14.9, 14.5, 12.2, 8.5, 7.3, 8.1, 9.6]","[150.0, 153.0, 152.0, 153.0, 158.0, 159.0, 165.0, 171.0, 177.0, 181.0, 185.0, 189.0, 192.0, 192.0, 183.0, 178.0, 174.0, 171.0, 170.0, 164.0, 157.0, 153.0, 149.0, 148.0, 145.0, 146.0, 152.0, 160.0, 167.0, 167.0]"
22-14,Cronulla,south,110,2024-06-22,0,13.0,6,2024,"[8.4, 9.0, 8.4, 9.6, 10.4, 9.4, 11.1, 13.5, 15.3, 16.8, 16.6, 16.0, 15.0, 15.8, 7.2, 8.9, 10.7, 14.5, 17.6, 21.1, 21.1, 19.9, 20.3, 18.9, 17.8, 18.3, 16.0, 17.5, 17.8, 17.7]","[200.0, 217.0, 220.0, 236.0, 250.0, 252.0, 241.0, 228.0, 221.0, 223.0, 229.0, 239.0, 243.0, 235.0, 233.0, 238.0, 225.0, 215.0, 211.0, 207.0, 205.0, 202.0, 197.0, 194.0, 198.0, 200.0, 211.0, 212.0, 216.0, 213.0]"
22-14,Cronulla,south,110,2012-01-18,0,13.0,1,2012,"[17.2, 13.6, 11.4, 10.4, 9.5, 8.9, 8.2, 6.5, 5.0, 3.8, 3.3, 4.4, 4.3, 5.9, 3.3, 4.3, 5.5, 6.5, 8.4, 10.7, 12.0, 12.9, 13.8, 13.9, 13.0, 10.5, 7.8, 6.3, 4.9, 4.6]","[61.0, 58.0, 55.0, 46.0, 37.0, 27.0, 15.0, 360.0, 339.0, 287.0, 264.0, 261.0, 265.0, 313.0, 311.0, 355.0, 23.0, 34.0, 43.0, 48.0, 51.0, 54.0, 57.0, 59.0, 62.0, 63.0, 56.0, 59.0, 54.0, 51.0]"
22-15,Cronulla,south,110,2023-06-06,1,11.0,6,2023,"[6.0, 6.4, 3.6, 3.8, 4.2, 5.4, 4.8, 5.0, 5.8, 5.6, 4.7, 5.1, 5.1, 4.6, 3.7, 4.7, 5.1, 6.2, 6.5, 8.0, 8.1, 8.0, 6.0, 6.1, 7.4, 8.1, 5.6, 5.9, 5.8, 6.2]","[65.0, 63.0, 90.0, 73.0, 59.0, 48.0, 42.0, 30.0, 7.0, 345.0, 9.0, 4.0, 321.0, 315.0, 259.0, 293.0, 309.0, 339.0, 354.0, 10.0, 21.0, 27.0, 33.0, 45.0, 51.0, 45.0, 15.0, 11.0, 4.0, 353.0]"
22-15,Cronulla,south,110,2018-12-08,0,11.0,12,2018,"[23.0, 21.1, 20.4, 20.0, 19.1, 17.2, 15.2, 14.2, 13.9, 13.6, 12.3, 12.1, 10.8, 12.2, 5.5, 7.5, 10.2, 12.2, 13.5, 16.3, 18.9, 21.3, 21.7, 20.4, 17.8, 16.1, 15.6, 11.7, 9.3, 7.3]","[49.0, 44.0, 42.0, 38.0, 32.0, 26.0, 22.0, 21.0, 21.0, 22.0, 21.0, 23.0, 15.0, 14.0, 11.0, 35.0, 42.0, 43.0, 44.0, 49.0, 51.0, 51.0, 50.0, 48.0, 45.0, 40.0, 38.0, 34.0, 36.0, 33.0]"
22-15,Cronulla,south,110,2006-11-26,0,11.0,11,2006,"[12.1, 7.9, 4.6, 4.2, 11.3, 17.5, 17.4, 15.5, 15.4, 17.5, 19.5, 20.5, 19.4, 19.5, 18.4, 18.4, 17.8, 18.5, 18.4, 17.8, 20.9, 22.7, 21.6, 19.7, 16.7, 15.1, 14.6, 14.8, 12.9, 12.5]","[53.0, 43.0, 51.0, 110.0, 163.0, 166.0, 173.0, 184.0, 191.0, 189.0, 185.0, 182.0, 181.0, 178.0, 177.0, 168.0, 159.0, 153.0, 149.0, 144.0, 144.0, 153.0, 152.0, 156.0, 155.0, 152.0, 170.0, 166.0, 167.0, 168.0]"
22-15,Cronulla,south,110,2023-02-27,0,11.0,2,2023,"[16.9, 17.2, 16.9, 12.9, 9.1, 5.9, 3.5, 5.0, 15.9, 19.1, 16.9, 16.2, 16.2, 16.9, 15.1, 14.5, 14.1, 14.5, 13.7, 14.0, 15.0, 15.5, 17.8, 17.1, 16.0, 13.4, 7.4, 7.7, 6.2, 5.6]","[38.0, 33.0, 29.0, 18.0, 7.0, 11.0, 24.0, 180.0, 183.0, 180.0, 181.0, 180.0, 180.0, 180.0, 179.0, 174.0, 161.0, 153.0, 150.0, 138.0, 132.0, 134.0, 137.0, 141.0, 149.0, 153.0, 137.0, 143.0, 144.0, 153.0]"
22-16,Cronulla,south,110,2024-04-21,1,17.0,4,2024,"[24.8, 23.4, 21.6, 19.8, 18.7, 17.6, 16.6, 15.6, 15.4, 14.5, 14.6, 14.7, 15.0, 15.3, 13.0, 15.3, 15.6, 15.2, 12.7, 11.1, 10.2, 10.9, 11.5, 9.7, 8.7, 7.7, 5.8, 5.9, 6.5, 7.6]","[180.0, 178.0, 176.0, 178.0, 178.0, 180.0, 182.0, 187.0, 191.0, 194.0, 196.0, 197.0, 201.0, 204.0, 214.0, 207.0, 195.0, 176.0, 173.0, 167.0, 157.0, 146.0, 136.0, 132.0, 135.0, 139.0, 173.0, 194.0, 199.0, 205.0]"
22-16,Cronulla,south,110,2023-01-02,0,17.0,1,2023,"[16.3, 14.7, 11.2, 10.3, 8.7, 8.2, 8.2, 6.6, 6.3, 6.1, 5.6, 4.7, 4.5, 8.0, 6.8, 8.1, 12.1, 12.3, 15.3, 16.1, 17.3, 20.3, 22.5, 21.1, 18.9, 15.8, 13.5, 10.9, 10.7, 10.6]","[59.0, 59.0, 57.0, 54.0, 45.0, 38.0, 41.0, 29.0, 24.0, 28.0, 15.0, 356.0, 346.0, 8.0, 357.0, 13.0, 30.0, 32.0, 43.0, 48.0, 54.0, 57.0, 55.0, 53.0, 51.0, 49.0, 42.0, 44.0, 42.0, 28.0]"
22-16,Cronulla,south,110,2009-12-06,0,17.0,12,2009,"[15.1, 11.2, 5.8, 6.1, 7.9, 8.4, 8.8, 8.4, 7.8, 6.7, 6.4, 6.5, 6.9, 6.2, 7.2, 9.6, 12.3, 15.2, 17.3, 18.7, 20.6, 23.1, 24.3, 23.5, 20.5, 16.0, 13.6, 11.7, 10.5, 9.8]","[90.0, 90.0, 86.0, 130.0, 150.0, 160.0, 168.0, 170.0, 167.0, 164.0, 164.0, 161.0, 152.0, 126.0, 72.0, 56.0, 50.0, 54.0, 48.0, 50.0, 57.0, 59.0, 61.0, 58.0, 52.0, 46.0, 37.0, 34.0, 31.0, 24.0]"
22-16,Cronulla,south,110,2016-07-23,0,17.0,7,2016,"[20.9, 21.1, 15.2, 18.3, 16.2, 14.2, 14.3, 14.1, 12.8, 14.1, 19.7, 22.0, 24.2, 26.7, 21.7, 23.2, 27.4, 27.6, 27.3, 26.8, 25.8, 24.3, 19.2, 16.9, 14.1, 11.3, 10.3, 10.4, 11.0, 12.2]","[331.0, 333.0, 346.0, 345.0, 339.0, 333.0, 319.0, 289.0, 260.0, 267.0, 278.0, 280.0, 281.0, 280.0, 276.0, 286.0, 289.0, 285.0, 282.0, 281.0, 278.0, 276.0, 278.0, 272.0, 267.0, 263.0, 241.0, 236.0, 238.0, 236.0]"
22-17,Cronulla,south,110,2024-05-06,1,15.0,5,2024,"[18.0, 17.8, 17.7, 19.5, 19.9, 21.4, 21.9, 21.4, 22.1, 24.9, 25.3, 21.1, 19.6, 18.2, 17.8, 18.5, 18.8, 23.0, 24.7, 24.3, 22.8, 20.9, 20.0, 17.2, 16.3, 15.4, 10.3, 12.1, 10.6, 10.2]","[177.0, 172.0, 186.0, 178.0, 174.0, 163.0, 163.0, 167.0, 173.0, 169.0, 169.0, 172.0, 167.0, 162.0, 159.0, 159.0, 160.0, 153.0, 146.0, 148.0, 149.0, 151.0, 152.0, 154.0, 152.0, 147.0, 155.0, 153.0, 156.0, 162.0]"
22-17,Cronulla,south,110,2017-08-25,0,15.0,8,2017,"[18.4, 16.7, 16.1, 17.8, 19.7, 20.7, 20.6, 19.8, 20.6, 20.9, 20.5, 19.5, 18.5, 18.7, 16.3, 18.9, 20.9, 23.4, 22.7, 21.2, 20.2, 19.5, 17.8, 15.6, 13.8, 12.9, 7.6, 7.2, 7.6, 7.7]","[180.0, 187.0, 190.0, 198.0, 198.0, 197.0, 196.0, 199.0, 205.0, 207.0, 208.0, 208.0, 209.0, 210.0, 223.0, 215.0, 204.0, 183.0, 179.0, 180.0, 178.0, 178.0, 172.0, 165.0, 160.0, 157.0, 183.0, 207.0, 211.0, 208.0]"
22-17,Cronulla,south,110,2020-08-20,0,15.0,8,2020,"[25.8, 26.4, 16.9, 15.1, 15.5, 16.1, 16.1, 17.0, 19.9, 22.0, 22.0, 21.3, 19.9, 18.9, 10.2, 12.5, 17.3, 22.8, 25.6, 26.7, 26.3, 25.2, 21.3, 18.4, 17.5, 17.6, 10.6, 11.3, 12.3, 12.0]","[289.0, 294.0, 299.0, 298.0, 298.0, 294.0, 286.0, 276.0, 275.0, 274.0, 273.0, 274.0, 276.0, 278.0, 309.0, 309.0, 287.0, 275.0, 272.0, 273.0, 272.0, 271.0, 272.0, 276.0, 278.0, 281.0, 298.0, 307.0, 308.0, 309.0]"
22-17,Cronulla,south,110,2015-12-04,0,15.0,12,2015,"[12.1, 11.4, 8.4, 6.5, 4.8, 4.2, 3.2, 3.7, 3.7, 4.2, 4.9, 4.1, 4.6, 4.3, 4.4, 6.0, 7.6, 9.4, 11.5, 12.7, 13.9, 14.7, 15.4, 16.2, 15.8, 12.5, 9.2, 7.1, 7.6, 7.6]","[113.0, 114.0, 110.0, 109.0, 117.0, 121.0, 180.0, 209.0, 209.0, 200.0, 197.0, 195.0, 198.0, 156.0, 145.0, 107.0, 93.0, 90.0, 86.0, 82.0, 80.0, 79.0, 74.0, 69.0, 63.0, 57.0, 51.0, 41.0, 25.0, 8.0]"
22-18,Cronulla,south,110,2024-10-22,1,13.0,10,2024,"[19.5, 18.0, 14.6, 13.0, 12.4, 11.4, 10.2, 9.6, 8.8, 8.5, 7.9, 7.0, 7.2, 5.1, 4.8, 2.7, 2.7, 3.6, 4.6, 6.8, 9.9, 12.7, 12.7, 12.3, 8.7, 6.2, 5.5, 5.7, 6.2, 5.2]","[166.0, 169.0, 170.0, 177.0, 193.0, 204.0, 208.0, 213.0, 219.0, 232.0, 240.0, 238.0, 238.0, 231.0, 259.0, 293.0, 340.0, 20.0, 42.0, 61.0, 68.0, 67.0, 67.0, 65.0, 60.0, 52.0, 67.0, 49.0, 33.0, 27.0]"
22-18,Cronulla,south,110,2012-03-29,0,13.0,3,2012,"[10.8, 8.0, 11.0, 10.7, 10.2, 9.4, 8.7, 8.8, 8.0, 7.1, 6.0, 5.1, 4.4, 4.0, 5.1, 3.6, 2.9, 2.3, 4.3, 8.4, 12.0, 13.2, 12.2, 9.9, 6.4, 4.6, 7.2, 6.1, 6.3, 7.2]","[37.0, 27.0, 23.0, 20.0, 10.0, 358.0, 353.0, 351.0, 350.0, 345.0, 327.0, 321.0, 305.0, 280.0, 266.0, 264.0, 240.0, 198.0, 156.0, 137.0, 139.0, 154.0, 146.0, 136.0, 137.0, 162.0, 207.0, 208.0, 211.0, 217.0]"
22-18,Cronulla,south,110,2010-01-26,0,13.0,1,2010,"[15.8, 13.6, 9.0, 8.2, 5.0, 3.6, 4.0, 3.4, 2.2, 2.2, 2.3, 2.3, 3.2, 6.3, 4.1, 3.9, 3.8, 2.8, 4.6, 7.4, 11.3, 13.7, 15.1, 14.4, 12.3, 11.2, 7.8, 7.7, 10.0, 12.5]","[73.0, 73.0, 74.0, 75.0, 69.0, 84.0, 80.0, 72.0, 90.0, 99.0, 129.0, 129.0, 117.0, 59.0, 45.0, 34.0, 17.0, 40.0, 45.0, 67.0, 83.0, 87.0, 87.0, 90.0, 105.0, 130.0, 158.0, 191.0, 193.0, 192.0]"
22-18,Cronulla,south,110,2019-02-21,0,13.0,2,2019,"[12.4, 10.4, 10.7, 10.4, 11.4, 12.2, 13.4, 14.8, 14.3, 13.3, 12.2, 11.4, 10.7, 11.4, 14.4, 15.2, 16.4, 17.6, 18.1, 17.3, 16.9, 16.8, 15.5, 15.6, 16.0, 16.4, 12.3, 12.7, 13.4, 14.0]","[158.0, 160.0, 132.0, 136.0, 145.0, 146.0, 149.0, 146.0, 141.0, 142.0, 146.0, 152.0, 160.0, 167.0, 181.0, 175.0, 171.0, 169.0, 167.0, 168.0, 168.0, 165.0, 167.0, 165.0, 166.0, 161.0, 175.0, 165.0, 156.0, 151.0]"
22-19,Cronulla,south,110,2024-10-25,1,10.0,10,2024,"[14.2, 12.8, 12.6, 12.4, 11.5, 9.8, 8.9, 7.4, 6.9, 5.3, 4.4, 5.2, 7.3, 6.3, 8.5, 9.6, 7.3, 5.7, 9.1, 15.2, 22.2, 25.8, 24.2, 22.9, 20.5, 19.7, 17.4, 15.5, 15.7, 15.9]","[148.0, 149.0, 178.0, 178.0, 182.0, 193.0, 201.0, 214.0, 223.0, 225.0, 240.0, 250.0, 259.0, 265.0, 275.0, 267.0, 254.0, 217.0, 172.0, 163.0, 152.0, 150.0, 152.0, 156.0, 162.0, 168.0, 169.0, 178.0, 186.0, 189.0]"
22-19,Cronulla,south,110,2015-10-13,0,10.0,10,2015,"[6.3, 3.1, 19.5, 24.5, 21.4, 18.6, 16.3, 14.5, 13.7, 14.4, 15.1, 16.9, 18.0, 22.4, 20.2, 19.2, 18.1, 15.6, 13.9, 13.7, 15.3, 15.6, 14.0, 13.2, 13.0, 11.5, 7.2, 6.1, 4.6, 4.9]","[66.0, 54.0, 168.0, 166.0, 167.0, 171.0, 172.0, 174.0, 177.0, 179.0, 183.0, 182.0, 180.0, 175.0, 179.0, 163.0, 149.0, 146.0, 143.0, 135.0, 129.0, 124.0, 125.0, 125.0, 124.0, 122.0, 117.0, 118.0, 129.0, 144.0]"
22-19,Cronulla,south,110,2020-04-02,0,10.0,4,2020,"[14.3, 14.2, 10.7, 10.7, 11.7, 12.5, 11.7, 9.7, 8.4, 9.1, 9.8, 10.0, 10.2, 11.0, 7.2, 11.4, 11.9, 10.4, 9.7, 10.9, 8.6, 9.7, 11.1, 13.0, 13.8, 13.7, 13.3, 11.3, 10.7, 10.0]","[65.0, 60.0, 45.0, 40.0, 43.0, 41.0, 34.0, 22.0, 25.0, 34.0, 24.0, 21.0, 23.0, 19.0, 360.0, 11.0, 14.0, 14.0, 15.0, 8.0, 15.0, 27.0, 25.0, 19.0, 15.0, 14.0, 357.0, 351.0, 348.0, 334.0]"
22-19,Cronulla,south,110,2024-04-23,0,10.0,4,2024,"[7.7, 7.4, 6.3, 6.8, 7.5, 7.6, 7.4, 7.3, 7.4, 7.7, 7.7, 7.4, 7.6, 8.3, 6.2, 4.1, 3.6, 7.3, 9.6, 10.1, 10.8, 12.1, 12.2, 12.8, 14.3, 15.5, 13.6, 13.5, 11.6, 9.7]","[49.0, 43.0, 24.0, 360.0, 343.0, 329.0, 313.0, 303.0, 299.0, 298.0, 298.0, 299.0, 301.0, 304.0, 291.0, 308.0, 360.0, 20.0, 20.0, 17.0, 21.0, 27.0, 34.0, 40.0, 34.0, 25.0, 17.0, 9.0, 353.0, 338.0]"
22-20,Cronulla,south,110,2024-10-26,1,15.0,10,2024,"[20.5, 19.7, 17.4, 15.5, 15.7, 15.9, 17.0, 18.2, 18.1, 16.9, 15.6, 13.7, 13.1, 14.2, 11.6, 10.5, 8.8, 8.4, 9.0, 11.4, 12.9, 15.3, 16.2, 15.7, 13.0, 9.4, 4.0, 3.1, 3.6, 4.5]","[162.0, 168.0, 169.0, 178.0, 186.0, 189.0, 189.0, 189.0, 189.0, 191.0, 195.0, 201.0, 209.0, 206.0, 199.0, 192.0, 182.0, 170.0, 167.0, 143.0, 134.0, 126.0, 127.0, 131.0, 129.0, 120.0, 117.0, 24.0, 340.0, 299.0]"
22-20,Cronulla,south,110,2017-01-13,0,15.0,1,2017,"[18.0, 16.0, 13.2, 12.3, 11.9, 10.6, 11.0, 11.3, 11.1, 11.4, 11.6, 11.9, 12.3, 19.1, 15.1, 15.5, 16.6, 18.2, 19.1, 20.5, 19.6, 17.3, 15.2, 12.1, 10.1, 11.5, 5.4, 4.5, 4.0, 7.4]","[87.0, 81.0, 61.0, 50.0, 35.0, 24.0, 19.0, 17.0, 13.0, 11.0, 5.0, 3.0, 357.0, 4.0, 1.0, 5.0, 18.0, 18.0, 20.0, 22.0, 20.0, 17.0, 14.0, 10.0, 6.0, 4.0, 222.0, 166.0, 185.0, 231.0]"
22-20,Cronulla,south,110,2008-01-18,0,15.0,1,2008,"[22.3, 21.1, 19.6, 19.4, 19.9, 19.9, 19.4, 19.0, 19.3, 19.9, 18.4, 17.7, 18.7, 19.7, 20.9, 20.6, 21.1, 19.1, 18.2, 15.7, 15.3, 15.1, 17.1, 16.3, 16.8, 15.7, 11.5, 10.0, 8.8, 8.1]","[141.0, 137.0, 137.0, 138.0, 138.0, 138.0, 140.0, 143.0, 143.0, 139.0, 140.0, 141.0, 140.0, 140.0, 132.0, 133.0, 127.0, 122.0, 124.0, 127.0, 129.0, 130.0, 125.0, 121.0, 113.0, 106.0, 88.0, 69.0, 55.0, 45.0]"
22-20,Cronulla,south,110,2016-07-19,0,15.0,7,2016,"[9.8, 9.8, 7.4, 7.0, 6.8, 6.1, 6.7, 7.1, 6.6, 5.8, 5.5, 4.9, 4.9, 5.6, 5.5, 4.7, 4.2, 5.8, 7.2, 7.2, 6.4, 3.7, 4.9, 7.7, 5.6, 0.0, 3.1, 4.3, 5.9, 4.8]","[298.0, 306.0, 313.0, 305.0, 302.0, 315.0, 324.0, 330.0, 319.0, 300.0, 302.0, 306.0, 306.0, 315.0, 328.0, 328.0, 340.0, 356.0, 6.0, 360.0, 322.0, 331.0, 36.0, 49.0, 50.0, 270.0, 216.0, 180.0, 169.0, 167.0]"
22-21,Cronulla,south,110,2024-10-27,1,16.0,10,2024,"[13.0, 9.4, 4.0, 3.1, 3.6, 4.5, 5.9, 5.2, 5.4, 6.7, 6.9, 7.6, 7.1, 8.5, 8.8, 9.8, 9.5, 9.0, 7.6, 7.6, 6.6, 9.9, 14.2, 16.6, 14.3, 10.1, 7.2, 5.9, 6.7, 7.0]","[129.0, 120.0, 117.0, 24.0, 340.0, 299.0, 301.0, 311.0, 310.0, 301.0, 300.0, 298.0, 304.0, 331.0, 337.0, 347.0, 351.0, 355.0, 8.0, 25.0, 22.0, 46.0, 55.0, 59.0, 55.0, 50.0, 27.0, 14.0, 354.0, 339.0]"
22-21,Cronulla,south,110,2013-10-22,0,16.0,10,2013,"[14.3, 12.0, 10.2, 5.5, 3.6, 11.2, 23.5, 20.5, 17.1, 14.5, 13.2, 12.4, 13.0, 9.8, 8.9, 5.3, 4.2, 3.5, 1.1, 5.9, 6.4, 7.6, 10.9, 15.5, 19.1, 18.2, 15.3, 11.3, 8.1, 8.9]","[49.0, 51.0, 48.0, 32.0, 37.0, 176.0, 176.0, 177.0, 187.0, 187.0, 191.0, 190.0, 204.0, 208.0, 207.0, 208.0, 211.0, 246.0, 108.0, 52.0, 47.0, 31.0, 44.0, 42.0, 32.0, 25.0, 27.0, 353.0, 339.0, 333.0]"
22-21,Cronulla,south,110,2015-03-01,0,16.0,3,2015,"[15.5, 14.3, 12.7, 12.7, 12.5, 11.7, 10.8, 9.7, 9.7, 9.4, 8.3, 7.6, 7.4, 8.2, 7.3, 8.8, 9.8, 11.1, 10.3, 13.8, 4.9, 23.9, 28.4, 31.1, 31.2, 29.7, 29.1, 28.4, 28.0, 27.7]","[48.0, 43.0, 35.0, 29.0, 18.0, 9.0, 2.0, 2.0, 4.0, 2.0, 360.0, 355.0, 346.0, 345.0, 340.0, 341.0, 332.0, 331.0, 331.0, 276.0, 197.0, 185.0, 180.0, 174.0, 173.0, 173.0, 171.0, 171.0, 168.0, 167.0]"
22-21,Cronulla,south,110,2013-06-24,0,16.0,6,2013,"[8.8, 9.4, 9.0, 9.5, 9.9, 9.4, 10.0, 10.1, 9.0, 10.4, 12.6, 13.2, 12.7, 11.8, 9.5, 6.5, 2.8, 3.1, 2.9, 2.6, 2.5, 3.3, 4.9, 4.9, 6.0, 5.9, 6.8, 7.1, 5.9, 3.4]","[168.0, 176.0, 151.0, 143.0, 147.0, 157.0, 159.0, 163.0, 178.0, 194.0, 204.0, 202.0, 209.0, 211.0, 281.0, 264.0, 220.0, 144.0, 83.0, 74.0, 90.0, 139.0, 144.0, 144.0, 147.0, 169.0, 205.0, 225.0, 259.0, 212.0]"
22-22,Cronulla,south,110,2024-11-02,1,13.0,11,2024,"[16.6, 17.6, 14.9, 17.1, 17.5, 17.2, 17.1, 16.8, 15.7, 13.6, 11.4, 9.6, 7.8, 5.1, 3.6, 4.4, 6.9, 9.1, 10.9, 12.2, 13.1, 13.7, 11.6, 11.2, 11.4, 13.5, 14.6, 15.1, 15.1, 14.9]","[129.0, 137.0, 148.0, 154.0, 158.0, 160.0, 163.0, 163.0, 163.0, 163.0, 165.0, 168.0, 175.0, 172.0, 135.0, 125.0, 104.0, 83.0, 70.0, 64.0, 58.0, 50.0, 44.0, 37.0, 31.0, 34.0, 38.0, 27.0, 22.0, 15.0]"
22-22,Cronulla,south,110,2013-03-16,0,13.0,3,2013,"[11.3, 10.0, 7.9, 5.2, 3.3, 3.1, 3.3, 3.8, 2.9, 3.3, 3.5, 4.1, 5.2, 6.6, 8.7, 8.1, 6.9, 7.7, 7.3, 7.2, 9.7, 12.6, 14.7, 13.9, 11.0, 8.0, 5.1, 6.1, 5.9, 4.7]","[153.0, 154.0, 156.0, 168.0, 186.0, 201.0, 229.0, 253.0, 270.0, 283.0, 294.0, 322.0, 348.0, 351.0, 343.0, 339.0, 354.0, 11.0, 9.0, 27.0, 51.0, 59.0, 62.0, 65.0, 67.0, 72.0, 129.0, 135.0, 128.0, 176.0]"
22-22,Cronulla,south,110,2021-01-20,0,13.0,1,2021,"[22.9, 21.1, 16.9, 14.2, 12.2, 11.7, 13.0, 13.1, 13.6, 13.1, 12.8, 12.3, 11.2, 12.4, 10.5, 10.9, 11.3, 11.7, 11.4, 11.2, 10.9, 9.5, 9.4, 9.2, 9.4, 8.6, 5.2, 5.2, 4.7, 4.2]","[154.0, 147.0, 153.0, 159.0, 166.0, 169.0, 174.0, 172.0, 169.0, 171.0, 170.0, 175.0, 176.0, 172.0, 172.0, 163.0, 153.0, 146.0, 145.0, 147.0, 146.0, 143.0, 137.0, 135.0, 130.0, 123.0, 106.0, 102.0, 90.0, 70.0]"
22-22,Cronulla,south,110,2008-05-06,0,13.0,5,2008,"[6.9, 7.1, 6.3, 7.5, 7.6, 8.6, 8.7, 7.9, 7.6, 6.9, 6.8, 6.1, 5.6, 6.6, 5.5, 5.5, 6.4, 7.8, 9.2, 8.1, 5.9, 7.2, 7.8, 6.6, 7.9, 10.2, 7.9, 8.8, 8.4, 8.2]","[51.0, 30.0, 329.0, 287.0, 273.0, 272.0, 275.0, 286.0, 295.0, 298.0, 302.0, 298.0, 297.0, 299.0, 293.0, 302.0, 317.0, 326.0, 334.0, 328.0, 322.0, 342.0, 347.0, 338.0, 317.0, 293.0, 294.0, 289.0, 290.0, 293.0]"
22-23,Cronulla,south,110,2024-12-14,1,12.0,12,2024,"[11.9, 9.2, 19.3, 22.8, 20.7, 18.6, 17.3, 16.5, 15.9, 13.5, 11.9, 12.0, 12.9, 12.8, 6.5, 6.6, 7.1, 8.2, 9.9, 12.4, 12.9, 12.7, 12.5, 11.2, 10.0, 8.0, 5.5, 2.7, 3.6, 3.4]","[58.0, 149.0, 169.0, 173.0, 179.0, 186.0, 188.0, 188.0, 185.0, 185.0, 190.0, 192.0, 189.0, 185.0, 172.0, 143.0, 128.0, 112.0, 109.0, 109.0, 105.0, 102.0, 102.0, 106.0, 97.0, 84.0, 122.0, 138.0, 198.0, 177.0]"
22-23,Cronulla,south,110,2025-04-24,0,12.0,4,2025,"[11.4, 9.9, 9.5, 7.2, 6.5, 6.9, 6.9, 6.6, 6.4, 6.1, 5.9, 6.4, 6.3, 3.5, 2.2, 2.4, 4.7, 8.7, 10.7, 11.4, 11.5, 11.3, 9.9, 6.7, 6.0, 5.5, 4.6, 4.6, 6.0, 6.1]","[119.0, 119.0, 123.0, 127.0, 129.0, 123.0, 123.0, 123.0, 117.0, 113.0, 117.0, 122.0, 117.0, 114.0, 85.0, 81.0, 86.0, 94.0, 98.0, 95.0, 94.0, 90.0, 89.0, 87.0, 80.0, 73.0, 59.0, 72.0, 65.0, 50.0]"
22-23,Cronulla,south,110,2009-08-10,0,12.0,8,2009,"[8.4, 7.9, 6.3, 6.5, 6.7, 7.8, 7.9, 7.6, 6.6, 6.8, 6.7, 5.7, 4.9, 5.4, 5.8, 3.6, 3.3, 2.0, 2.9, 5.9, 8.5, 10.1, 9.8, 10.0, 10.3, 10.4, 8.4, 9.0, 7.8, 6.9]","[59.0, 47.0, 13.0, 3.0, 16.0, 22.0, 3.0, 357.0, 347.0, 335.0, 324.0, 305.0, 287.0, 274.0, 270.0, 276.0, 283.0, 315.0, 30.0, 52.0, 54.0, 55.0, 62.0, 60.0, 54.0, 44.0, 25.0, 23.0, 13.0, 6.0]"
22-23,Cronulla,south,110,2013-05-26,0,12.0,5,2013,"[6.8, 4.6, 1.6, 5.8, 6.5, 7.2, 8.3, 8.3, 8.3, 7.9, 7.6, 7.2, 7.2, 6.8, 8.2, 6.8, 5.5, 4.9, 4.2, 2.9, 2.9, 4.4, 4.3, 6.0, 7.1, 4.8, 2.3, 6.3, 7.6, 7.6]","[72.0, 39.0, 297.0, 274.0, 273.0, 273.0, 268.0, 265.0, 268.0, 270.0, 273.0, 270.0, 270.0, 267.0, 255.0, 252.0, 247.0, 234.0, 211.0, 173.0, 120.0, 99.0, 85.0, 73.0, 66.0, 48.0, 231.0, 239.0, 239.0, 239.0]"
22-24,Cronulla,south,110,2024-12-28,1,19.0,12,2024,"[30.7, 31.0, 29.9, 23.0, 22.1, 20.0, 18.6, 17.8, 16.4, 13.2, 10.4, 8.8, 9.7, 9.3, 6.7, 7.3, 7.3, 5.6, 6.9, 12.4, 18.1, 21.7, 21.1, 20.1, 16.8, 13.6, 11.4, 9.9, 7.9, 7.2]","[175.0, 169.0, 179.0, 180.0, 179.0, 177.0, 174.0, 178.0, 181.0, 184.0, 179.0, 175.0, 176.0, 167.0, 177.0, 144.0, 130.0, 107.0, 81.0, 73.0, 71.0, 65.0, 58.0, 54.0, 49.0, 46.0, 41.0, 29.0, 30.0, 37.0]"
22-24,Cronulla,south,110,2015-03-28,0,19.0,3,2015,"[9.4, 9.8, 9.2, 11.8, 13.3, 13.9, 14.2, 13.7, 12.6, 11.4, 10.6, 9.8, 9.3, 10.0, 8.6, 7.4, 8.3, 8.7, 7.9, 7.3, 8.4, 12.0, 13.7, 15.1, 11.8, 8.3, 5.9, 5.6, 3.1, 1.3]","[247.0, 253.0, 259.0, 258.0, 257.0, 253.0, 249.0, 243.0, 243.0, 242.0, 242.0, 242.0, 242.0, 240.0, 248.0, 231.0, 185.0, 163.0, 150.0, 147.0, 137.0, 123.0, 120.0, 118.0, 121.0, 124.0, 142.0, 140.0, 144.0, 236.0]"
22-24,Cronulla,south,110,2021-08-02,0,19.0,8,2021,"[15.0, 17.7, 16.7, 14.3, 12.1, 9.7, 8.4, 6.9, 6.2, 5.7, 6.7, 7.2, 7.5, 7.0, 5.4, 4.3, 3.3, 2.6, 9.2, 13.2, 14.3, 14.3, 12.5, 12.5, 13.5, 14.5, 13.0, 13.0, 13.4, 14.2]","[191.0, 186.0, 186.0, 192.0, 197.0, 211.0, 223.0, 231.0, 234.0, 235.0, 234.0, 233.0, 235.0, 235.0, 262.0, 265.0, 276.0, 34.0, 48.0, 45.0, 47.0, 51.0, 51.0, 46.0, 42.0, 35.0, 24.0, 19.0, 24.0, 30.0]"
22-24,Cronulla,south,110,2017-02-13,0,19.0,2,2017,"[18.2, 16.3, 10.1, 8.7, 7.9, 6.5, 5.7, 5.8, 8.4, 12.3, 14.8, 14.2, 12.2, 11.3, 12.5, 9.7, 7.6, 7.6, 8.7, 10.5, 13.9, 16.6, 18.4, 18.7, 16.7, 13.0, 6.8, 6.7, 7.3, 7.0]","[162.0, 155.0, 153.0, 156.0, 150.0, 146.0, 162.0, 187.0, 220.0, 232.0, 236.0, 240.0, 246.0, 253.0, 237.0, 225.0, 199.0, 177.0, 156.0, 139.0, 127.0, 120.0, 113.0, 109.0, 109.0, 109.0, 108.0, 106.0, 101.0, 102.0]"
22-25,Cronulla,south,110,2025-02-02,1,,2,2025,"[13.4, 11.4, 8.7, 7.2, 5.8, 5.9, 5.9, 5.1, 5.4, 5.4, 4.2, 3.2, 2.7, 3.1, 6.2, 9.4, 9.2, 9.2, 10.7, 12.5, 14.9, 15.6, 15.6, 15.1, 14.2, 11.6, 7.7, 6.7, 5.8, 5.3]","[78.0, 75.0, 72.0, 65.0, 64.0, 70.0, 76.0, 80.0, 84.0, 90.0, 85.0, 71.0, 58.0, 54.0, 57.0, 43.0, 47.0, 62.0, 74.0, 78.0, 75.0, 71.0, 69.0, 68.0, 66.0, 62.0, 59.0, 52.0, 26.0, 352.0]"
22-25,Cronulla,south,110,2012-06-20,0,,6,2012,"[11.2, 10.5, 8.7, 8.0, 8.1, 7.9, 7.7, 8.1, 8.4, 7.7, 7.0, 6.6, 6.2, 5.8, 7.9, 5.9, 5.5, 6.6, 8.4, 8.3, 7.7, 7.2, 6.4, 9.2, 8.9, 7.2, 6.4, 5.6, 5.8, 5.8]","[180.0, 184.0, 204.0, 216.0, 225.0, 231.0, 229.0, 225.0, 227.0, 229.0, 235.0, 248.0, 260.0, 270.0, 270.0, 284.0, 302.0, 331.0, 340.0, 342.0, 349.0, 360.0, 16.0, 26.0, 14.0, 357.0, 333.0, 310.0, 300.0, 300.0]"
22-25,Cronulla,south,110,2020-11-19,0,,11,2020,"[19.2, 15.7, 12.5, 11.6, 10.8, 10.0, 9.5, 8.3, 8.3, 6.4, 3.4, 3.1, 3.8, 6.3, 8.2, 11.6, 13.7, 16.3, 17.8, 18.1, 19.4, 20.7, 21.3, 20.4, 17.5, 14.5, 11.2, 11.7, 10.9, 10.5]","[62.0, 53.0, 41.0, 36.0, 30.0, 21.0, 11.0, 2.0, 358.0, 344.0, 328.0, 339.0, 343.0, 13.0, 29.0, 36.0, 45.0, 47.0, 43.0, 41.0, 43.0, 49.0, 53.0, 54.0, 53.0, 48.0, 42.0, 34.0, 27.0, 27.0]"
22-25,Cronulla,south,110,2014-12-26,0,,12,2014,"[3.1, 3.2, 5.6, 7.1, 8.5, 8.3, 7.8, 7.4, 7.1, 6.7, 6.4, 6.6, 8.6, 12.1, 13.8, 13.1, 13.1, 14.5, 16.6, 22.5, 26.7, 30.1, 29.3, 27.6, 25.3, 21.0, 15.3, 14.5, 13.8, 12.5]","[111.0, 90.0, 50.0, 41.0, 36.0, 2.0, 326.0, 313.0, 315.0, 324.0, 322.0, 311.0, 285.0, 260.0, 242.0, 233.0, 217.0, 194.0, 180.0, 160.0, 148.0, 146.0, 151.0, 149.0, 147.0, 149.0, 146.0, 138.0, 137.0, 141.0]"
22-26,Cronulla,south,110,2025-03-07,1,18.0,3,2025,"[16.2, 16.4, 11.6, 12.5, 13.3, 13.9, 13.0, 11.8, 10.9, 10.8, 11.9, 12.0, 12.3, 13.0, 9.1, 11.5, 15.4, 18.8, 20.1, 21.2, 21.2, 20.9, 19.5, 18.5, 15.9, 14.8, 11.5, 11.5, 11.5, 11.7]","[146.0, 147.0, 172.0, 168.0, 161.0, 157.0, 155.0, 157.0, 164.0, 169.0, 166.0, 158.0, 146.0, 137.0, 158.0, 146.0, 132.0, 126.0, 126.0, 125.0, 126.0, 129.0, 131.0, 135.0, 136.0, 136.0, 139.0, 139.0, 141.0, 146.0]"
22-26,Cronulla,south,110,2024-04-16,0,18.0,4,2024,"[7.5, 6.4, 6.6, 6.2, 7.1, 8.0, 8.1, 8.3, 8.2, 7.8, 7.6, 7.7, 7.5, 8.6, 5.9, 7.0, 7.1, 4.7, 3.1, 4.3, 6.5, 9.3, 11.7, 11.5, 9.3, 7.1, 6.1, 5.4, 5.5, 6.7]","[125.0, 142.0, 193.0, 201.0, 204.0, 207.0, 201.0, 198.0, 195.0, 202.0, 211.0, 217.0, 215.0, 213.0, 227.0, 215.0, 195.0, 184.0, 159.0, 132.0, 124.0, 126.0, 124.0, 122.0, 126.0, 131.0, 183.0, 188.0, 191.0, 196.0]"
22-26,Cronulla,south,110,2023-02-06,0,18.0,2,2023,"[17.3, 13.7, 9.2, 7.3, 7.4, 6.8, 5.9, 5.5, 5.4, 6.0, 6.0, 2.3, 2.3, 2.7, 5.6, 8.0, 11.0, 10.8, 9.4, 12.2, 18.2, 24.5, 24.3, 21.4, 17.2, 12.1, 11.1, 8.0, 5.7, 4.5]","[95.0, 104.0, 101.0, 110.0, 113.0, 108.0, 104.0, 101.0, 86.0, 57.0, 33.0, 342.0, 288.0, 293.0, 333.0, 18.0, 23.0, 21.0, 32.0, 56.0, 63.0, 64.0, 63.0, 63.0, 61.0, 60.0, 54.0, 54.0, 55.0, 61.0]"
22-26,Cronulla,south,110,2018-05-08,0,18.0,5,2018,"[17.4, 16.6, 13.2, 11.9, 9.6, 7.4, 6.7, 6.6, 6.6, 6.6, 6.3, 6.2, 6.1, 5.9, 7.0, 4.7, 4.5, 4.7, 4.1, 3.1, 3.6, 5.0, 6.4, 7.5, 7.9, 7.0, 6.4, 3.8, 1.8, 3.7]","[34.0, 24.0, 11.0, 2.0, 347.0, 331.0, 324.0, 319.0, 311.0, 299.0, 301.0, 306.0, 310.0, 308.0, 291.0, 293.0, 299.0, 302.0, 315.0, 339.0, 6.0, 30.0, 38.0, 35.0, 30.0, 21.0, 27.0, 17.0, 11.0, 11.0]"
22-27,Cronulla,south,110,2025-10-27,1,11.0,10,2025,"[13.5, 11.6, 9.9, 9.4, 9.0, 7.5, 8.5, 9.5, 9.3, 9.7, 8.9, 8.1, 10.3, 10.7, 15.8, 17.8, 18.5, 20.2, 21.3, 24.0, 27.4, 31.1, 32.8, 31.0, 28.9, 28.4, 26.9, 24.9, 24.6, 25.5]","[316.0, 321.0, 243.0, 250.0, 275.0, 281.0, 298.0, 303.0, 304.0, 292.0, 276.0, 269.0, 265.0, 278.0, 269.0, 259.0, 242.0, 220.0, 191.0, 178.0, 168.0, 165.0, 170.0, 171.0, 172.0, 171.0, 168.0, 170.0, 171.0, 172.0]"
22-27,Cronulla,south,110,2006-10-28,0,11.0,10,2006,"[17.8, 16.4, 13.3, 10.9, 9.6, 10.2, 12.1, 10.1, 10.6, 11.8, 11.9, 12.8, 15.9, 19.3, 20.9, 20.9, 21.1, 19.9, 19.1, 20.1, 22.3, 24.4, 26.8, 29.2, 27.9, 23.8, 19.4, 16.0, 14.7, 14.3]","[278.0, 279.0, 273.0, 279.0, 290.0, 278.0, 260.0, 272.0, 288.0, 282.0, 265.0, 254.0, 245.0, 246.0, 241.0, 246.0, 240.0, 229.0, 212.0, 189.0, 180.0, 171.0, 163.0, 160.0, 163.0, 165.0, 181.0, 188.0, 191.0, 190.0]"
22-27,Cronulla,south,110,2016-03-16,0,11.0,3,2016,"[22.0, 20.9, 16.1, 14.8, 14.7, 13.5, 13.9, 14.3, 15.0, 15.4, 15.7, 15.2, 14.6, 14.9, 14.6, 18.9, 18.8, 18.8, 18.2, 17.3, 16.3, 16.9, 17.2, 17.7, 16.6, 15.8, 11.2, 9.2, 5.9, 5.5]","[179.0, 181.0, 164.0, 166.0, 163.0, 155.0, 159.0, 162.0, 159.0, 164.0, 164.0, 166.0, 170.0, 173.0, 171.0, 172.0, 175.0, 175.0, 172.0, 168.0, 166.0, 164.0, 160.0, 156.0, 153.0, 150.0, 132.0, 132.0, 142.0, 157.0]"
22-27,Cronulla,south,110,2007-12-23,0,11.0,12,2007,"[15.1, 17.0, 13.8, 13.9, 15.5, 14.9, 14.4, 16.8, 17.4, 17.2, 16.7, 14.5, 13.1, 13.0, 12.0, 11.5, 10.0, 10.3, 15.1, 18.3, 19.8, 19.3, 18.7, 17.8, 16.5, 14.4, 12.8, 11.2, 8.9, 8.5]","[267.0, 257.0, 250.0, 260.0, 271.0, 277.0, 267.0, 255.0, 248.0, 241.0, 237.0, 235.0, 233.0, 224.0, 196.0, 176.0, 165.0, 144.0, 130.0, 133.0, 143.0, 147.0, 146.0, 144.0, 144.0, 143.0, 140.0, 140.0, 148.0, 152.0]"
22-28,Cronulla,south,110,2026-01-02,1,16.0,1,2026,"[18.5, 16.8, 12.3, 11.4, 11.0, 10.1, 9.1, 7.6, 6.2, 6.1, 6.7, 6.2, 6.8, 8.8, 5.4, 7.0, 8.9, 11.0, 11.9, 11.8, 11.2, 11.2, 11.2, 10.8, 10.4, 9.1, 8.1, 7.4, 6.5, 7.4]","[152.0, 154.0, 151.0, 155.0, 157.0, 156.0, 155.0, 162.0, 172.0, 175.0, 174.0, 173.0, 169.0, 139.0, 138.0, 130.0, 124.0, 120.0, 117.0, 115.0, 112.0, 108.0, 108.0, 108.0, 111.0, 107.0, 93.0, 94.0, 77.0, 61.0]"
22-28,Cronulla,south,110,2013-01-21,0,16.0,1,2013,"[8.7, 7.9, 9.1, 7.3, 5.5, 4.1, 4.1, 4.0, 1.5, 1.9, 2.6, 2.7, 2.6, 0.7, 8.7, 10.9, 11.5, 12.3, 12.7, 14.0, 17.5, 19.4, 19.7, 18.7, 18.4, 16.5, 14.0, 11.6, 10.8, 10.0]","[120.0, 120.0, 81.0, 70.0, 58.0, 38.0, 15.0, 350.0, 284.0, 248.0, 236.0, 203.0, 196.0, 90.0, 48.0, 44.0, 49.0, 50.0, 47.0, 46.0, 53.0, 55.0, 52.0, 50.0, 48.0, 46.0, 35.0, 26.0, 21.0, 13.0]"
22-28,Cronulla,south,110,2011-08-30,0,16.0,8,2011,"[5.9, 7.2, 6.6, 9.0, 11.7, 13.9, 12.8, 10.1, 6.9, 7.6, 9.0, 9.4, 9.9, 10.9, 9.5, 10.9, 11.9, 11.0, 10.5, 11.4, 12.5, 13.0, 12.5, 9.7, 6.7, 6.5, 5.7, 4.2, 4.4, 3.2]","[137.0, 143.0, 139.0, 157.0, 169.0, 170.0, 169.0, 174.0, 189.0, 199.0, 203.0, 198.0, 190.0, 186.0, 189.0, 174.0, 166.0, 161.0, 153.0, 145.0, 136.0, 129.0, 129.0, 132.0, 144.0, 161.0, 145.0, 160.0, 171.0, 207.0]"
22-28,Cronulla,south,110,2013-04-03,0,16.0,4,2013,"[11.8, 9.9, 5.7, 4.7, 4.8, 4.0, 4.7, 5.2, 5.8, 6.5, 7.6, 11.7, 17.8, 23.7, 22.4, 22.4, 22.8, 22.0, 21.6, 21.3, 20.9, 19.1, 15.5, 13.7, 13.1, 12.3, 10.1, 8.3, 8.7, 8.6]","[128.0, 136.0, 145.0, 176.0, 193.0, 207.0, 203.0, 192.0, 180.0, 177.0, 172.0, 169.0, 166.0, 166.0, 175.0, 175.0, 175.0, 177.0, 177.0, 178.0, 178.0, 177.0, 176.0, 175.0, 172.0, 173.0, 174.0, 185.0, 187.0, 180.0]"
22-29,Cronulla,south,110,2026-04-23,1,7.0,4,2026,"[11.7, 11.6, 9.4, 8.1, 7.5, 7.5, 7.7, 7.5, 7.5, 7.7, 7.5, 7.1, 7.0, 7.0, 7.0, 7.4, 8.9, 10.8, 10.6, 10.7, 11.5, 12.1, 12.0, 10.4, 9.0, 8.5, 7.5, 5.8, 4.6, 4.2]","[157.0, 159.0, 172.0, 184.0, 191.0, 191.0, 191.0, 191.0, 190.0, 189.0, 188.0, 190.0, 192.0, 198.0, 201.0, 186.0, 166.0, 144.0, 145.0, 147.0, 146.0, 142.0, 143.0, 146.0, 149.0, 148.0, 153.0, 158.0, 169.0, 173.0]"
22-29,Cronulla,south,110,2008-08-07,0,7.0,8,2008,"[14.3, 12.5, 10.4, 9.4, 8.4, 8.1, 8.7, 8.9, 8.6, 8.0, 7.6, 7.2, 6.8, 6.2, 6.5, 4.3, 3.3, 2.6, 2.1, 4.1, 7.0, 12.6, 10.1, 8.6, 10.8, 13.0, 10.4, 12.1, 12.9, 13.9]","[231.0, 226.0, 224.0, 230.0, 239.0, 238.0, 240.0, 249.0, 255.0, 260.0, 262.0, 264.0, 273.0, 277.0, 267.0, 270.0, 283.0, 286.0, 301.0, 38.0, 12.0, 297.0, 272.0, 255.0, 268.0, 275.0, 284.0, 280.0, 283.0, 280.0]"
22-29,Cronulla,south,110,2023-05-15,0,7.0,5,2023,"[4.8, 5.5, 0.5, 3.1, 5.1, 5.1, 4.4, 3.8, 2.0, 1.4, 1.9, 3.6, 4.8, 5.5, 6.1, 6.2, 6.9, 4.8, 1.8, 7.0, 8.1, 4.9, 3.7, 5.2, 5.6, 3.8, 2.2, 3.3, 6.8, 7.4]","[132.0, 113.0, 45.0, 249.0, 225.0, 172.0, 125.0, 221.0, 225.0, 270.0, 248.0, 264.0, 257.0, 238.0, 242.0, 249.0, 242.0, 228.0, 127.0, 78.0, 77.0, 73.0, 79.0, 78.0, 63.0, 49.0, 180.0, 229.0, 245.0, 247.0]"
22-29,Cronulla,south,110,2015-01-26,0,7.0,1,2015,"[17.6, 22.8, 26.9, 25.2, 23.2, 21.2, 19.8, 19.5, 19.2, 19.3, 19.3, 19.8, 19.6, 20.2, 20.1, 19.4, 18.6, 18.3, 19.8, 19.2, 20.2, 19.1, 19.8, 18.9, 17.8, 16.8, 12.5, 12.0, 11.5, 11.8]","[169.0, 164.0, 168.0, 166.0, 168.0, 170.0, 170.0, 168.0, 167.0, 166.0, 166.0, 164.0, 163.0, 161.0, 165.0, 165.0, 165.0, 164.0, 161.0, 163.0, 161.0, 158.0, 153.0, 149.0, 148.0, 145.0, 147.0, 141.0, 141.0, 140.0]"
